start,kwh,is_offpeak,ev_flag,ev_kwh,home_kwh
2025-07-01 00:00:00+01:00,0.137,True,False,0.0,0.137
2025-07-01 00:30:00+01:00,0.133,True,False,0.0,0.133
2025-07-01 01:00:00+01:00,0.111,True,False,0.0,0.111
2025-07-01 01:30:00+01:00,0.109,True,False,0.0,0.109
2025-07-01 02:00:00+01:00,0.109,True,False,0.0,0.109
2025-07-01 02:30:00+01:00,0.101,True,False,0.0,0.101
2025-07-01 03:00:00+01:00,0.096,True,False,0.0,0.096
2025-07-01 03:30:00+01:00,0.107,True,False,0.0,0.107
2025-07-01 04:00:00+01:00,0.116,True,False,0.0,0.116
2025-07-01 04:30:00+01:00,0.099,True,False,0.0,0.099
2025-07-01 05:00:00+01:00,0.094,False,False,0.0,0.094
2025-07-01 05:30:00+01:00,0.1,False,False,0.0,0.1
2025-07-01 06:00:00+01:00,0.112,False,False,0.0,0.112
2025-07-01 06:30:00+01:00,0.121,False,False,0.0,0.121
2025-07-01 07:00:00+01:00,0.304,False,False,0.0,0.304
2025-07-01 07:30:00+01:00,0.426,False,False,0.0,0.426
2025-07-01 08:00:00+01:00,0.32,False,False,0.0,0.32
2025-07-01 08:30:00+01:00,0.245,False,False,0.0,0.245
2025-07-01 09:00:00+01:00,0.27,False,False,0.0,0.27
2025-07-01 09:30:00+01:00,0.372,False,False,0.0,0.372
2025-07-01 10:00:00+01:00,0.293,False,False,0.0,0.293
2025-07-01 10:30:00+01:00,0.349,False,False,0.0,0.349
2025-07-01 11:00:00+01:00,0.838,False,False,0.0,0.838
2025-07-01 11:30:00+01:00,0.36,False,False,0.0,0.36
2025-07-01 12:00:00+01:00,0.313,False,False,0.0,0.313
2025-07-01 12:30:00+01:00,0.28,False,False,0.0,0.28
2025-07-01 13:00:00+01:00,0.85,False,False,0.0,0.85
2025-07-01 13:30:00+01:00,0.782,False,False,0.0,0.782
2025-07-01 14:00:00+01:00,0.801,False,False,0.0,0.801
2025-07-01 14:30:00+01:00,0.709,False,False,0.0,0.709
2025-07-01 15:00:00+01:00,0.686,False,False,0.0,0.686
2025-07-01 15:30:00+01:00,0.749,False,False,0.0,0.749
2025-07-01 16:00:00+01:00,0.339,False,False,0.0,0.339
2025-07-01 16:30:00+01:00,0.403,False,False,0.0,0.403
2025-07-01 17:00:00+01:00,0.37,False,False,0.0,0.37
2025-07-01 17:30:00+01:00,0.596,False,False,0.0,0.596
2025-07-01 18:00:00+01:00,0.409,False,False,0.0,0.409
2025-07-01 18:30:00+01:00,0.339,False,False,0.0,0.339
2025-07-01 19:00:00+01:00,0.34,False,False,0.0,0.34
2025-07-01 19:30:00+01:00,0.586,False,False,0.0,0.586
2025-07-01 20:00:00+01:00,0.335,False,False,0.0,0.335
2025-07-01 20:30:00+01:00,0.284,False,False,0.0,0.284
2025-07-01 21:00:00+01:00,2.797,False,False,0.0,2.797
2025-07-01 21:30:00+01:00,0.196,False,False,0.0,0.196
2025-07-01 22:00:00+01:00,2.543,False,True,2.375,0.16800000000000015
2025-07-01 22:30:00+01:00,2.572,False,True,2.4290000000000003,0.1429999999999998
2025-07-01 23:00:00+01:00,3.804,True,True,3.6854999999999998,0.11850000000000005
2025-07-01 23:30:00+01:00,0.443,True,False,0.0,0.443
2025-07-02 00:00:00+01:00,3.837,True,True,3.742,0.0950000000000002
2025-07-02 00:30:00+01:00,3.811,True,True,3.721,0.08999999999999986
2025-07-02 01:00:00+01:00,3.811,True,True,3.723,0.08800000000000008
2025-07-02 01:30:00+01:00,3.861,True,True,3.7750000000000004,0.08599999999999985
2025-07-02 02:00:00+01:00,3.823,True,True,3.738,0.08499999999999996
2025-07-02 02:30:00+01:00,3.831,True,True,3.753,0.07799999999999985
2025-07-02 03:00:00+01:00,3.833,True,True,3.7590000000000003,0.07399999999999984
2025-07-02 03:30:00+01:00,3.808,True,True,3.7329999999999997,0.07500000000000018
2025-07-02 04:00:00+01:00,3.829,True,True,3.7550000000000003,0.07399999999999984
2025-07-02 04:30:00+01:00,3.835,True,True,3.762,0.07299999999999995
2025-07-02 05:00:00+01:00,3.825,False,True,3.7520000000000002,0.07299999999999995
2025-07-02 05:30:00+01:00,3.793,False,True,3.717,0.07600000000000007
2025-07-02 06:00:00+01:00,0.14,False,False,0.0,0.14
2025-07-02 06:30:00+01:00,0.126,False,False,0.0,0.126
2025-07-02 07:00:00+01:00,0.167,False,False,0.0,0.167
2025-07-02 07:30:00+01:00,0.547,False,False,0.0,0.547
2025-07-02 08:00:00+01:00,0.574,False,False,0.0,0.574
2025-07-02 08:30:00+01:00,0.157,False,False,0.0,0.157
2025-07-02 09:00:00+01:00,0.146,False,False,0.0,0.146
2025-07-02 09:30:00+01:00,0.181,False,False,0.0,0.181
2025-07-02 10:00:00+01:00,0.194,False,False,0.0,0.194
2025-07-02 10:30:00+01:00,0.228,False,False,0.0,0.228
2025-07-02 11:00:00+01:00,0.291,False,False,0.0,0.291
2025-07-02 11:30:00+01:00,0.234,False,False,0.0,0.234
2025-07-02 12:00:00+01:00,0.21,False,False,0.0,0.21
2025-07-02 12:30:00+01:00,0.217,False,False,0.0,0.217
2025-07-02 13:00:00+01:00,0.213,False,False,0.0,0.213
2025-07-02 13:30:00+01:00,0.208,False,False,0.0,0.208
2025-07-02 14:00:00+01:00,0.234,False,False,0.0,0.234
2025-07-02 14:30:00+01:00,0.266,False,False,0.0,0.266
2025-07-02 15:00:00+01:00,0.241,False,False,0.0,0.241
2025-07-02 15:30:00+01:00,0.172,False,False,0.0,0.172
2025-07-02 16:00:00+01:00,0.444,False,False,0.0,0.444
2025-07-02 16:30:00+01:00,1.106,False,False,0.0,1.106
2025-07-02 17:00:00+01:00,0.324,False,False,0.0,0.324
2025-07-02 17:30:00+01:00,0.344,False,False,0.0,0.344
2025-07-02 18:00:00+01:00,0.35,False,False,0.0,0.35
2025-07-02 18:30:00+01:00,0.306,False,False,0.0,0.306
2025-07-02 19:00:00+01:00,0.241,False,False,0.0,0.241
2025-07-02 19:30:00+01:00,0.155,False,False,0.0,0.155
2025-07-02 20:00:00+01:00,0.214,False,False,0.0,0.214
2025-07-02 20:30:00+01:00,0.306,False,False,0.0,0.306
2025-07-02 21:00:00+01:00,0.303,False,False,0.0,0.303
2025-07-02 21:30:00+01:00,0.325,False,False,0.0,0.325
2025-07-02 22:00:00+01:00,0.12,False,False,0.0,0.12
2025-07-02 22:30:00+01:00,0.09,False,False,0.0,0.09
2025-07-02 23:00:00+01:00,0.088,True,False,0.0,0.088
2025-07-02 23:30:00+01:00,0.087,True,False,0.0,0.087
2025-07-03 00:00:00+01:00,0.1,True,False,0.0,0.1
2025-07-03 00:30:00+01:00,0.077,True,False,0.0,0.077
2025-07-03 01:00:00+01:00,0.084,True,False,0.0,0.084
2025-07-03 01:30:00+01:00,0.087,True,False,0.0,0.087
2025-07-03 02:00:00+01:00,0.137,True,False,0.0,0.137
2025-07-03 02:30:00+01:00,0.08,True,False,0.0,0.08
2025-07-03 03:00:00+01:00,0.076,True,False,0.0,0.076
2025-07-03 03:30:00+01:00,0.077,True,False,0.0,0.077
2025-07-03 04:00:00+01:00,0.074,True,False,0.0,0.074
2025-07-03 04:30:00+01:00,0.075,True,False,0.0,0.075
2025-07-03 05:00:00+01:00,0.074,False,False,0.0,0.074
2025-07-03 05:30:00+01:00,0.09,False,False,0.0,0.09
2025-07-03 06:00:00+01:00,0.079,False,False,0.0,0.079
2025-07-03 06:30:00+01:00,0.086,False,False,0.0,0.086
2025-07-03 07:00:00+01:00,0.703,False,False,0.0,0.703
2025-07-03 07:30:00+01:00,0.582,False,False,0.0,0.582
2025-07-03 08:00:00+01:00,0.496,False,False,0.0,0.496
2025-07-03 08:30:00+01:00,0.567,False,False,0.0,0.567
2025-07-03 09:00:00+01:00,0.595,False,False,0.0,0.595
2025-07-03 09:30:00+01:00,0.468,False,False,0.0,0.468
2025-07-03 10:00:00+01:00,1.23,False,False,0.0,1.23
2025-07-03 10:30:00+01:00,1.017,False,False,0.0,1.017
2025-07-03 11:00:00+01:00,0.476,False,False,0.0,0.476
2025-07-03 11:30:00+01:00,0.571,False,False,0.0,0.571
2025-07-03 12:00:00+01:00,0.893,False,False,0.0,0.893
2025-07-03 12:30:00+01:00,0.795,False,False,0.0,0.795
2025-07-03 13:00:00+01:00,0.385,False,False,0.0,0.385
2025-07-03 13:30:00+01:00,0.511,False,False,0.0,0.511
2025-07-03 14:00:00+01:00,0.625,False,False,0.0,0.625
2025-07-03 14:30:00+01:00,0.679,False,False,0.0,0.679
2025-07-03 15:00:00+01:00,0.783,False,False,0.0,0.783
2025-07-03 15:30:00+01:00,0.708,False,False,0.0,0.708
2025-07-03 16:00:00+01:00,0.614,False,False,0.0,0.614
2025-07-03 16:30:00+01:00,0.503,False,False,0.0,0.503
2025-07-03 17:00:00+01:00,0.392,False,False,0.0,0.392
2025-07-03 17:30:00+01:00,0.852,False,False,0.0,0.852
2025-07-03 18:00:00+01:00,0.476,False,False,0.0,0.476
2025-07-03 18:30:00+01:00,0.234,False,False,0.0,0.234
2025-07-03 19:00:00+01:00,0.904,False,False,0.0,0.904
2025-07-03 19:30:00+01:00,1.006,False,False,0.0,1.006
2025-07-03 20:00:00+01:00,0.408,False,False,0.0,0.408
2025-07-03 20:30:00+01:00,0.157,False,False,0.0,0.157
2025-07-03 21:00:00+01:00,0.141,False,False,0.0,0.141
2025-07-03 21:30:00+01:00,0.141,False,False,0.0,0.141
2025-07-03 22:00:00+01:00,0.122,False,False,0.0,0.122
2025-07-03 22:30:00+01:00,0.104,False,False,0.0,0.104
2025-07-03 23:00:00+01:00,0.104,True,False,0.0,0.104
2025-07-03 23:30:00+01:00,0.1,True,False,0.0,0.1
2025-07-04 00:00:00+01:00,0.109,True,False,0.0,0.109
2025-07-04 00:30:00+01:00,0.09,True,False,0.0,0.09
2025-07-04 01:00:00+01:00,0.097,True,False,0.0,0.097
2025-07-04 01:30:00+01:00,0.097,True,False,0.0,0.097
2025-07-04 02:00:00+01:00,0.115,True,False,0.0,0.115
2025-07-04 02:30:00+01:00,0.128,True,False,0.0,0.128
2025-07-04 03:00:00+01:00,0.093,True,False,0.0,0.093
2025-07-04 03:30:00+01:00,0.086,True,False,0.0,0.086
2025-07-04 04:00:00+01:00,0.086,True,False,0.0,0.086
2025-07-04 04:30:00+01:00,0.086,True,False,0.0,0.086
2025-07-04 05:00:00+01:00,0.085,False,False,0.0,0.085
2025-07-04 05:30:00+01:00,0.096,False,False,0.0,0.096
2025-07-04 06:00:00+01:00,0.1,False,False,0.0,0.1
2025-07-04 06:30:00+01:00,0.098,False,False,0.0,0.098
2025-07-04 07:00:00+01:00,0.475,False,False,0.0,0.475
2025-07-04 07:30:00+01:00,0.479,False,False,0.0,0.479
2025-07-04 08:00:00+01:00,0.611,False,False,0.0,0.611
2025-07-04 08:30:00+01:00,0.439,False,False,0.0,0.439
2025-07-04 09:00:00+01:00,0.215,False,False,0.0,0.215
2025-07-04 09:30:00+01:00,0.167,False,False,0.0,0.167
2025-07-04 10:00:00+01:00,0.165,False,False,0.0,0.165
2025-07-04 10:30:00+01:00,0.191,False,False,0.0,0.191
2025-07-04 11:00:00+01:00,0.271,False,False,0.0,0.271
2025-07-04 11:30:00+01:00,0.179,False,False,0.0,0.179
2025-07-04 12:00:00+01:00,0.169,False,False,0.0,0.169
2025-07-04 12:30:00+01:00,0.172,False,False,0.0,0.172
2025-07-04 13:00:00+01:00,0.172,False,False,0.0,0.172
2025-07-04 13:30:00+01:00,0.169,False,False,0.0,0.169
2025-07-04 14:00:00+01:00,0.187,False,False,0.0,0.187
2025-07-04 14:30:00+01:00,0.21,False,False,0.0,0.21
2025-07-04 15:00:00+01:00,0.19,False,False,0.0,0.19
2025-07-04 15:30:00+01:00,0.623,False,False,0.0,0.623
2025-07-04 16:00:00+01:00,0.954,False,False,0.0,0.954
2025-07-04 16:30:00+01:00,1.373,False,False,0.0,1.373
2025-07-04 17:00:00+01:00,0.578,False,False,0.0,0.578
2025-07-04 17:30:00+01:00,1.042,False,False,0.0,1.042
2025-07-04 18:00:00+01:00,0.863,False,False,0.0,0.863
2025-07-04 18:30:00+01:00,0.231,False,False,0.0,0.231
2025-07-04 19:00:00+01:00,0.28,False,False,0.0,0.28
2025-07-04 19:30:00+01:00,0.173,False,False,0.0,0.173
2025-07-04 20:00:00+01:00,0.166,False,False,0.0,0.166
2025-07-04 20:30:00+01:00,0.18,False,False,0.0,0.18
2025-07-04 21:00:00+01:00,0.178,False,False,0.0,0.178
2025-07-04 21:30:00+01:00,0.225,False,False,0.0,0.225
2025-07-04 22:00:00+01:00,0.491,False,False,0.0,0.491
2025-07-04 22:30:00+01:00,3.852,False,True,3.709,0.1429999999999998
2025-07-04 23:00:00+01:00,3.881,True,True,3.7624999999999997,0.11850000000000005
2025-07-04 23:30:00+01:00,3.824,True,True,3.7199999999999998,0.10400000000000009
2025-07-05 00:00:00+01:00,3.818,True,True,3.723,0.0950000000000002
2025-07-05 00:30:00+01:00,2.122,True,True,2.032,0.08999999999999986
2025-07-05 01:00:00+01:00,0.129,True,False,0.0,0.129
2025-07-05 01:30:00+01:00,0.103,True,False,0.0,0.103
2025-07-05 02:00:00+01:00,0.097,True,False,0.0,0.097
2025-07-05 02:30:00+01:00,0.09,True,False,0.0,0.09
2025-07-05 03:00:00+01:00,0.089,True,False,0.0,0.089
2025-07-05 03:30:00+01:00,0.096,True,False,0.0,0.096
2025-07-05 04:00:00+01:00,0.093,True,False,0.0,0.093
2025-07-05 04:30:00+01:00,0.094,True,False,0.0,0.094
2025-07-05 05:00:00+01:00,0.094,False,False,0.0,0.094
2025-07-05 05:30:00+01:00,0.09,False,False,0.0,0.09
2025-07-05 06:00:00+01:00,0.098,False,False,0.0,0.098
2025-07-05 06:30:00+01:00,0.099,False,False,0.0,0.099
2025-07-05 07:00:00+01:00,0.236,False,False,0.0,0.236
2025-07-05 07:30:00+01:00,1.263,False,False,0.0,1.263
2025-07-05 08:00:00+01:00,0.546,False,False,0.0,0.546
2025-07-05 08:30:00+01:00,0.489,False,False,0.0,0.489
2025-07-05 09:00:00+01:00,0.35,False,False,0.0,0.35
2025-07-05 09:30:00+01:00,0.611,False,False,0.0,0.611
2025-07-05 10:00:00+01:00,0.258,False,False,0.0,0.258
2025-07-05 10:30:00+01:00,0.347,False,False,0.0,0.347
2025-07-05 11:00:00+01:00,0.724,False,False,0.0,0.724
2025-07-05 11:30:00+01:00,0.343,False,False,0.0,0.343
2025-07-05 12:00:00+01:00,0.278,False,False,0.0,0.278
2025-07-05 12:30:00+01:00,0.288,False,False,0.0,0.288
2025-07-05 13:00:00+01:00,0.203,False,False,0.0,0.203
2025-07-05 13:30:00+01:00,0.204,False,False,0.0,0.204
2025-07-05 14:00:00+01:00,0.209,False,False,0.0,0.209
2025-07-05 14:30:00+01:00,0.215,False,False,0.0,0.215
2025-07-05 15:00:00+01:00,0.148,False,False,0.0,0.148
2025-07-05 15:30:00+01:00,0.126,False,False,0.0,0.126
2025-07-05 16:00:00+01:00,0.128,False,False,0.0,0.128
2025-07-05 16:30:00+01:00,0.15,False,False,0.0,0.15
2025-07-05 17:00:00+01:00,0.148,False,False,0.0,0.148
2025-07-05 17:30:00+01:00,0.147,False,False,0.0,0.147
2025-07-05 18:00:00+01:00,0.146,False,False,0.0,0.146
2025-07-05 18:30:00+01:00,0.149,False,False,0.0,0.149
2025-07-05 19:00:00+01:00,0.122,False,False,0.0,0.122
2025-07-05 19:30:00+01:00,0.122,False,False,0.0,0.122
2025-07-05 20:00:00+01:00,0.109,False,False,0.0,0.109
2025-07-05 20:30:00+01:00,0.082,False,False,0.0,0.082
2025-07-05 21:00:00+01:00,0.082,False,False,0.0,0.082
2025-07-05 21:30:00+01:00,0.084,False,False,0.0,0.084
2025-07-05 22:00:00+01:00,0.084,False,False,0.0,0.084
2025-07-05 22:30:00+01:00,0.085,False,False,0.0,0.085
2025-07-05 23:00:00+01:00,0.079,True,False,0.0,0.079
2025-07-05 23:30:00+01:00,0.083,True,False,0.0,0.083
2025-07-06 00:00:00+01:00,0.083,True,False,0.0,0.083
2025-07-06 00:30:00+01:00,0.082,True,False,0.0,0.082
2025-07-06 01:00:00+01:00,0.083,True,False,0.0,0.083
2025-07-06 01:30:00+01:00,0.083,True,False,0.0,0.083
2025-07-06 02:00:00+01:00,0.085,True,False,0.0,0.085
2025-07-06 02:30:00+01:00,0.07,True,False,0.0,0.07
2025-07-06 03:00:00+01:00,0.072,True,False,0.0,0.072
2025-07-06 03:30:00+01:00,0.072,True,False,0.0,0.072
2025-07-06 04:00:00+01:00,0.071,True,False,0.0,0.071
2025-07-06 04:30:00+01:00,0.072,True,False,0.0,0.072
2025-07-06 05:00:00+01:00,0.071,False,False,0.0,0.071
2025-07-06 05:30:00+01:00,0.065,False,False,0.0,0.065
2025-07-06 06:00:00+01:00,0.083,False,False,0.0,0.083
2025-07-06 06:30:00+01:00,0.084,False,False,0.0,0.084
2025-07-06 07:00:00+01:00,0.114,False,False,0.0,0.114
2025-07-06 07:30:00+01:00,0.113,False,False,0.0,0.113
2025-07-06 08:00:00+01:00,0.113,False,False,0.0,0.113
2025-07-06 08:30:00+01:00,0.084,False,False,0.0,0.084
2025-07-06 09:00:00+01:00,0.093,False,False,0.0,0.093
2025-07-06 09:30:00+01:00,0.095,False,False,0.0,0.095
2025-07-06 10:00:00+01:00,0.093,False,False,0.0,0.093
2025-07-06 10:30:00+01:00,0.093,False,False,0.0,0.093
2025-07-06 11:00:00+01:00,0.093,False,False,0.0,0.093
2025-07-06 11:30:00+01:00,0.096,False,False,0.0,0.096
2025-07-06 12:00:00+01:00,0.087,False,False,0.0,0.087
2025-07-06 12:30:00+01:00,0.093,False,False,0.0,0.093
2025-07-06 13:00:00+01:00,0.093,False,False,0.0,0.093
2025-07-06 13:30:00+01:00,0.093,False,False,0.0,0.093
2025-07-06 14:00:00+01:00,0.092,False,False,0.0,0.092
2025-07-06 14:30:00+01:00,0.094,False,False,0.0,0.094
2025-07-06 15:00:00+01:00,0.095,False,False,0.0,0.095
2025-07-06 15:30:00+01:00,0.094,False,False,0.0,0.094
2025-07-06 16:00:00+01:00,0.097,False,False,0.0,0.097
2025-07-06 16:30:00+01:00,0.117,False,False,0.0,0.117
2025-07-06 17:00:00+01:00,0.119,False,False,0.0,0.119
2025-07-06 17:30:00+01:00,0.118,False,False,0.0,0.118
2025-07-06 18:00:00+01:00,0.117,False,False,0.0,0.117
2025-07-06 18:30:00+01:00,0.814,False,False,0.0,0.814
2025-07-06 19:00:00+01:00,0.766,False,False,0.0,0.766
2025-07-06 19:30:00+01:00,0.375,False,False,0.0,0.375
2025-07-06 20:00:00+01:00,0.226,False,False,0.0,0.226
2025-07-06 20:30:00+01:00,0.208,False,False,0.0,0.208
2025-07-06 21:00:00+01:00,0.501,False,False,0.0,0.501
2025-07-06 21:30:00+01:00,0.267,False,False,0.0,0.267
2025-07-06 22:00:00+01:00,0.181,False,False,0.0,0.181
2025-07-06 22:30:00+01:00,0.115,False,False,0.0,0.115
2025-07-06 23:00:00+01:00,0.096,True,False,0.0,0.096
2025-07-06 23:30:00+01:00,0.078,True,False,0.0,0.078
2025-07-07 00:00:00+01:00,0.082,True,False,0.0,0.082
2025-07-07 00:30:00+01:00,0.082,True,False,0.0,0.082
2025-07-07 01:00:00+01:00,0.082,True,False,0.0,0.082
2025-07-07 01:30:00+01:00,0.082,True,False,0.0,0.082
2025-07-07 02:00:00+01:00,0.081,True,False,0.0,0.081
2025-07-07 02:30:00+01:00,0.082,True,False,0.0,0.082
2025-07-07 03:00:00+01:00,0.061,True,False,0.0,0.061
2025-07-07 03:30:00+01:00,0.07,True,False,0.0,0.07
2025-07-07 04:00:00+01:00,0.069,True,False,0.0,0.069
2025-07-07 04:30:00+01:00,0.069,True,False,0.0,0.069
2025-07-07 05:00:00+01:00,0.063,False,False,0.0,0.063
2025-07-07 05:30:00+01:00,0.071,False,False,0.0,0.071
2025-07-07 06:00:00+01:00,0.081,False,False,0.0,0.081
2025-07-07 06:30:00+01:00,0.082,False,False,0.0,0.082
2025-07-07 07:00:00+01:00,0.42,False,False,0.0,0.42
2025-07-07 07:30:00+01:00,0.257,False,False,0.0,0.257
2025-07-07 08:00:00+01:00,0.85,False,False,0.0,0.85
2025-07-07 08:30:00+01:00,0.297,False,False,0.0,0.297
2025-07-07 09:00:00+01:00,1.322,False,False,0.0,1.322
2025-07-07 09:30:00+01:00,0.316,False,False,0.0,0.316
2025-07-07 10:00:00+01:00,0.293,False,False,0.0,0.293
2025-07-07 10:30:00+01:00,0.34,False,False,0.0,0.34
2025-07-07 11:00:00+01:00,0.284,False,False,0.0,0.284
2025-07-07 11:30:00+01:00,0.283,False,False,0.0,0.283
2025-07-07 12:00:00+01:00,0.791,False,False,0.0,0.791
2025-07-07 12:30:00+01:00,0.533,False,False,0.0,0.533
2025-07-07 13:00:00+01:00,0.194,False,False,0.0,0.194
2025-07-07 13:30:00+01:00,0.203,False,False,0.0,0.203
2025-07-07 14:00:00+01:00,0.261,False,False,0.0,0.261
2025-07-07 14:30:00+01:00,0.2,False,False,0.0,0.2
2025-07-07 15:00:00+01:00,0.229,False,False,0.0,0.229
2025-07-07 15:30:00+01:00,0.226,False,False,0.0,0.226
2025-07-07 16:00:00+01:00,0.799,False,False,0.0,0.799
2025-07-07 16:30:00+01:00,0.711,False,False,0.0,0.711
2025-07-07 17:00:00+01:00,0.374,False,False,0.0,0.374
2025-07-07 17:30:00+01:00,0.324,False,False,0.0,0.324
2025-07-07 18:00:00+01:00,0.496,False,False,0.0,0.496
2025-07-07 18:30:00+01:00,0.341,False,False,0.0,0.341
2025-07-07 19:00:00+01:00,0.261,False,False,0.0,0.261
2025-07-07 19:30:00+01:00,0.223,False,False,0.0,0.223
2025-07-07 20:00:00+01:00,0.459,False,False,0.0,0.459
2025-07-07 20:30:00+01:00,0.271,False,False,0.0,0.271
2025-07-07 21:00:00+01:00,0.474,False,False,0.0,0.474
2025-07-07 21:30:00+01:00,0.541,False,False,0.0,0.541
2025-07-07 22:00:00+01:00,0.155,False,False,0.0,0.155
2025-07-07 22:30:00+01:00,0.11,False,False,0.0,0.11
2025-07-07 23:00:00+01:00,0.112,True,False,0.0,0.112
2025-07-07 23:30:00+01:00,0.09,True,False,0.0,0.09
2025-07-08 00:00:00+01:00,0.104,True,False,0.0,0.104
2025-07-08 00:30:00+01:00,0.137,True,False,0.0,0.137
2025-07-08 01:00:00+01:00,0.098,True,False,0.0,0.098
2025-07-08 01:30:00+01:00,0.098,True,False,0.0,0.098
2025-07-08 02:00:00+01:00,0.095,True,False,0.0,0.095
2025-07-08 02:30:00+01:00,0.087,True,False,0.0,0.087
2025-07-08 03:00:00+01:00,0.085,True,False,0.0,0.085
2025-07-08 03:30:00+01:00,0.089,True,False,0.0,0.089
2025-07-08 04:00:00+01:00,0.087,True,False,0.0,0.087
2025-07-08 04:30:00+01:00,0.082,True,False,0.0,0.082
2025-07-08 05:00:00+01:00,0.084,False,False,0.0,0.084
2025-07-08 05:30:00+01:00,0.087,False,False,0.0,0.087
2025-07-08 06:00:00+01:00,0.095,False,False,0.0,0.095
2025-07-08 06:30:00+01:00,0.109,False,False,0.0,0.109
2025-07-08 07:00:00+01:00,0.713,False,False,0.0,0.713
2025-07-08 07:30:00+01:00,0.924,False,False,0.0,0.924
2025-07-08 08:00:00+01:00,0.454,False,False,0.0,0.454
2025-07-08 08:30:00+01:00,0.263,False,False,0.0,0.263
2025-07-08 09:00:00+01:00,0.462,False,False,0.0,0.462
2025-07-08 09:30:00+01:00,0.316,False,False,0.0,0.316
2025-07-08 10:00:00+01:00,0.461,False,False,0.0,0.461
2025-07-08 10:30:00+01:00,0.381,False,False,0.0,0.381
2025-07-08 11:00:00+01:00,0.35,False,False,0.0,0.35
2025-07-08 11:30:00+01:00,0.202,False,False,0.0,0.202
2025-07-08 12:00:00+01:00,0.187,False,False,0.0,0.187
2025-07-08 12:30:00+01:00,0.189,False,False,0.0,0.189
2025-07-08 13:00:00+01:00,0.309,False,False,0.0,0.309
2025-07-08 13:30:00+01:00,0.265,False,False,0.0,0.265
2025-07-08 14:00:00+01:00,0.248,False,False,0.0,0.248
2025-07-08 14:30:00+01:00,0.255,False,False,0.0,0.255
2025-07-08 15:00:00+01:00,0.323,False,False,0.0,0.323
2025-07-08 15:30:00+01:00,0.572,False,False,0.0,0.572
2025-07-08 16:00:00+01:00,0.804,False,False,0.0,0.804
2025-07-08 16:30:00+01:00,0.351,False,False,0.0,0.351
2025-07-08 17:00:00+01:00,0.356,False,False,0.0,0.356
2025-07-08 17:30:00+01:00,0.356,False,False,0.0,0.356
2025-07-08 18:00:00+01:00,0.304,False,False,0.0,0.304
2025-07-08 18:30:00+01:00,0.268,False,False,0.0,0.268
2025-07-08 19:00:00+01:00,0.345,False,False,0.0,0.345
2025-07-08 19:30:00+01:00,0.358,False,False,0.0,0.358
2025-07-08 20:00:00+01:00,0.146,False,False,0.0,0.146
2025-07-08 20:30:00+01:00,0.148,False,False,0.0,0.148
2025-07-08 21:00:00+01:00,0.485,False,False,0.0,0.485
2025-07-08 21:30:00+01:00,0.27,False,False,0.0,0.27
2025-07-08 22:00:00+01:00,0.312,False,False,0.0,0.312
2025-07-08 22:30:00+01:00,0.204,False,False,0.0,0.204
2025-07-08 23:00:00+01:00,0.097,True,False,0.0,0.097
2025-07-08 23:30:00+01:00,0.1,True,False,0.0,0.1
2025-07-09 00:00:00+01:00,0.098,True,False,0.0,0.098
2025-07-09 00:30:00+01:00,0.098,True,False,0.0,0.098
2025-07-09 01:00:00+01:00,0.098,True,False,0.0,0.098
2025-07-09 01:30:00+01:00,0.098,True,False,0.0,0.098
2025-07-09 02:00:00+01:00,0.108,True,False,0.0,0.108
2025-07-09 02:30:00+01:00,0.081,True,False,0.0,0.081
2025-07-09 03:00:00+01:00,0.086,True,False,0.0,0.086
2025-07-09 03:30:00+01:00,0.086,True,False,0.0,0.086
2025-07-09 04:00:00+01:00,0.087,True,False,0.0,0.087
2025-07-09 04:30:00+01:00,0.087,True,False,0.0,0.087
2025-07-09 05:00:00+01:00,0.083,False,False,0.0,0.083
2025-07-09 05:30:00+01:00,0.083,False,False,0.0,0.083
2025-07-09 06:00:00+01:00,0.098,False,False,0.0,0.098
2025-07-09 06:30:00+01:00,0.097,False,False,0.0,0.097
2025-07-09 07:00:00+01:00,0.424,False,False,0.0,0.424
2025-07-09 07:30:00+01:00,0.587,False,False,0.0,0.587
2025-07-09 08:00:00+01:00,0.513,False,False,0.0,0.513
2025-07-09 08:30:00+01:00,0.214,False,False,0.0,0.214
2025-07-09 09:00:00+01:00,0.186,False,False,0.0,0.186
2025-07-09 09:30:00+01:00,0.193,False,False,0.0,0.193
2025-07-09 10:00:00+01:00,0.182,False,False,0.0,0.182
2025-07-09 10:30:00+01:00,0.181,False,False,0.0,0.181
2025-07-09 11:00:00+01:00,0.191,False,False,0.0,0.191
2025-07-09 11:30:00+01:00,0.263,False,False,0.0,0.263
2025-07-09 12:00:00+01:00,0.272,False,False,0.0,0.272
2025-07-09 12:30:00+01:00,0.196,False,False,0.0,0.196
2025-07-09 13:00:00+01:00,0.212,False,False,0.0,0.212
2025-07-09 13:30:00+01:00,0.2,False,False,0.0,0.2
2025-07-09 14:00:00+01:00,0.238,False,False,0.0,0.238
2025-07-09 14:30:00+01:00,0.214,False,False,0.0,0.214
2025-07-09 15:00:00+01:00,0.259,False,False,0.0,0.259
2025-07-09 15:30:00+01:00,0.24,False,False,0.0,0.24
2025-07-09 16:00:00+01:00,0.35,False,False,0.0,0.35
2025-07-09 16:30:00+01:00,0.362,False,False,0.0,0.362
2025-07-09 17:00:00+01:00,0.327,False,False,0.0,0.327
2025-07-09 17:30:00+01:00,2.119,False,True,1.749,0.3700000000000001
2025-07-09 18:00:00+01:00,3.756,False,True,3.4404999999999997,0.3155000000000001
2025-07-09 18:30:00+01:00,3.967,False,True,3.688,0.2789999999999999
2025-07-09 19:00:00+01:00,0.224,False,False,0.0,0.224
2025-07-09 19:30:00+01:00,0.33,False,False,0.0,0.33
2025-07-09 20:00:00+01:00,0.402,False,False,0.0,0.402
2025-07-09 20:30:00+01:00,0.282,False,False,0.0,0.282
2025-07-09 21:00:00+01:00,0.341,False,False,0.0,0.341
2025-07-09 21:30:00+01:00,0.277,False,False,0.0,0.277
2025-07-09 22:00:00+01:00,3.845,False,True,3.677,0.16800000000000015
2025-07-09 22:30:00+01:00,1.182,False,False,0.0,1.182
2025-07-09 23:00:00+01:00,3.849,True,True,3.7305,0.11850000000000005
2025-07-09 23:30:00+01:00,3.811,True,True,3.707,0.10400000000000009
2025-07-10 00:00:00+01:00,0.137,True,False,0.0,0.137
2025-07-10 00:30:00+01:00,0.134,True,False,0.0,0.134
2025-07-10 01:00:00+01:00,0.133,True,False,0.0,0.133
2025-07-10 01:30:00+01:00,0.131,True,False,0.0,0.131
2025-07-10 02:00:00+01:00,0.131,True,False,0.0,0.131
2025-07-10 02:30:00+01:00,0.126,True,False,0.0,0.126
2025-07-10 03:00:00+01:00,0.136,True,False,0.0,0.136
2025-07-10 03:30:00+01:00,0.116,True,False,0.0,0.116
2025-07-10 04:00:00+01:00,0.122,True,False,0.0,0.122
2025-07-10 04:30:00+01:00,0.121,True,False,0.0,0.121
2025-07-10 05:00:00+01:00,0.121,False,False,0.0,0.121
2025-07-10 05:30:00+01:00,0.124,False,False,0.0,0.124
2025-07-10 06:00:00+01:00,0.131,False,False,0.0,0.131
2025-07-10 06:30:00+01:00,0.137,False,False,0.0,0.137
2025-07-10 07:00:00+01:00,0.827,False,False,0.0,0.827
2025-07-10 07:30:00+01:00,0.896,False,False,0.0,0.896
2025-07-10 08:00:00+01:00,3.827,False,True,3.3754999999999997,0.45150000000000023
2025-07-10 08:30:00+01:00,1.174,False,False,0.0,1.174
2025-07-10 09:00:00+01:00,0.362,False,False,0.0,0.362
2025-07-10 09:30:00+01:00,0.622,False,False,0.0,0.622
2025-07-10 10:00:00+01:00,0.293,False,False,0.0,0.293
2025-07-10 10:30:00+01:00,0.377,False,False,0.0,0.377
2025-07-10 11:00:00+01:00,0.378,False,False,0.0,0.378
2025-07-10 11:30:00+01:00,0.57,False,False,0.0,0.57
2025-07-10 12:00:00+01:00,0.769,False,False,0.0,0.769
2025-07-10 12:30:00+01:00,0.415,False,False,0.0,0.415
2025-07-10 13:00:00+01:00,0.314,False,False,0.0,0.314
2025-07-10 13:30:00+01:00,0.294,False,False,0.0,0.294
2025-07-10 14:00:00+01:00,0.269,False,False,0.0,0.269
2025-07-10 14:30:00+01:00,0.263,False,False,0.0,0.263
2025-07-10 15:00:00+01:00,0.251,False,False,0.0,0.251
2025-07-10 15:30:00+01:00,0.318,False,False,0.0,0.318
2025-07-10 16:00:00+01:00,0.914,False,False,0.0,0.914
2025-07-10 16:30:00+01:00,0.599,False,False,0.0,0.599
2025-07-10 17:00:00+01:00,0.347,False,False,0.0,0.347
2025-07-10 17:30:00+01:00,0.301,False,False,0.0,0.301
2025-07-10 18:00:00+01:00,0.693,False,False,0.0,0.693
2025-07-10 18:30:00+01:00,0.577,False,False,0.0,0.577
2025-07-10 19:00:00+01:00,0.317,False,False,0.0,0.317
2025-07-10 19:30:00+01:00,0.401,False,False,0.0,0.401
2025-07-10 20:00:00+01:00,0.499,False,False,0.0,0.499
2025-07-10 20:30:00+01:00,0.296,False,False,0.0,0.296
2025-07-10 21:00:00+01:00,0.296,False,False,0.0,0.296
2025-07-10 21:30:00+01:00,0.243,False,False,0.0,0.243
2025-07-10 22:00:00+01:00,0.222,False,False,0.0,0.222
2025-07-10 22:30:00+01:00,0.208,False,False,0.0,0.208
2025-07-10 23:00:00+01:00,0.148,True,False,0.0,0.148
2025-07-10 23:30:00+01:00,0.104,True,False,0.0,0.104
2025-07-11 00:00:00+01:00,0.1,True,False,0.0,0.1
2025-07-11 00:30:00+01:00,0.099,True,False,0.0,0.099
2025-07-11 01:00:00+01:00,0.095,True,False,0.0,0.095
2025-07-11 01:30:00+01:00,0.098,True,False,0.0,0.098
2025-07-11 02:00:00+01:00,0.141,True,False,0.0,0.141
2025-07-11 02:30:00+01:00,0.094,True,False,0.0,0.094
2025-07-11 03:00:00+01:00,0.09,True,False,0.0,0.09
2025-07-11 03:30:00+01:00,0.082,True,False,0.0,0.082
2025-07-11 04:00:00+01:00,0.082,True,False,0.0,0.082
2025-07-11 04:30:00+01:00,0.082,True,False,0.0,0.082
2025-07-11 05:00:00+01:00,0.085,False,False,0.0,0.085
2025-07-11 05:30:00+01:00,0.104,False,False,0.0,0.104
2025-07-11 06:00:00+01:00,0.096,False,False,0.0,0.096
2025-07-11 06:30:00+01:00,0.093,False,False,0.0,0.093
2025-07-11 07:00:00+01:00,0.53,False,False,0.0,0.53
2025-07-11 07:30:00+01:00,0.444,False,False,0.0,0.444
2025-07-11 08:00:00+01:00,0.382,False,False,0.0,0.382
2025-07-11 08:30:00+01:00,0.239,False,False,0.0,0.239
2025-07-11 09:00:00+01:00,0.223,False,False,0.0,0.223
2025-07-11 09:30:00+01:00,0.278,False,False,0.0,0.278
2025-07-11 10:00:00+01:00,0.329,False,False,0.0,0.329
2025-07-11 10:30:00+01:00,0.333,False,False,0.0,0.333
2025-07-11 11:00:00+01:00,0.308,False,False,0.0,0.308
2025-07-11 11:30:00+01:00,0.28,False,False,0.0,0.28
2025-07-11 12:00:00+01:00,0.279,False,False,0.0,0.279
2025-07-11 12:30:00+01:00,0.288,False,False,0.0,0.288
2025-07-11 13:00:00+01:00,0.284,False,False,0.0,0.284
2025-07-11 13:30:00+01:00,0.164,False,False,0.0,0.164
2025-07-11 14:00:00+01:00,0.16,False,False,0.0,0.16
2025-07-11 14:30:00+01:00,0.162,False,False,0.0,0.162
2025-07-11 15:00:00+01:00,0.176,False,False,0.0,0.176
2025-07-11 15:30:00+01:00,0.152,False,False,0.0,0.152
2025-07-11 16:00:00+01:00,0.178,False,False,0.0,0.178
2025-07-11 16:30:00+01:00,0.187,False,False,0.0,0.187
2025-07-11 17:00:00+01:00,0.195,False,False,0.0,0.195
2025-07-11 17:30:00+01:00,0.159,False,False,0.0,0.159
2025-07-11 18:00:00+01:00,0.174,False,False,0.0,0.174
2025-07-11 18:30:00+01:00,0.212,False,False,0.0,0.212
2025-07-11 19:00:00+01:00,0.165,False,False,0.0,0.165
2025-07-11 19:30:00+01:00,0.139,False,False,0.0,0.139
2025-07-11 20:00:00+01:00,0.256,False,False,0.0,0.256
2025-07-11 20:30:00+01:00,0.243,False,False,0.0,0.243
2025-07-11 21:00:00+01:00,0.155,False,False,0.0,0.155
2025-07-11 21:30:00+01:00,0.145,False,False,0.0,0.145
2025-07-11 22:00:00+01:00,0.216,False,False,0.0,0.216
2025-07-11 22:30:00+01:00,0.159,False,False,0.0,0.159
2025-07-11 23:00:00+01:00,0.131,True,False,0.0,0.131
2025-07-11 23:30:00+01:00,0.133,True,False,0.0,0.133
2025-07-12 00:00:00+01:00,0.109,True,False,0.0,0.109
2025-07-12 00:30:00+01:00,0.114,True,False,0.0,0.114
2025-07-12 01:00:00+01:00,0.094,True,False,0.0,0.094
2025-07-12 01:30:00+01:00,0.086,True,False,0.0,0.086
2025-07-12 02:00:00+01:00,0.107,True,False,0.0,0.107
2025-07-12 02:30:00+01:00,0.108,True,False,0.0,0.108
2025-07-12 03:00:00+01:00,0.076,True,False,0.0,0.076
2025-07-12 03:30:00+01:00,0.076,True,False,0.0,0.076
2025-07-12 04:00:00+01:00,0.076,True,False,0.0,0.076
2025-07-12 04:30:00+01:00,0.076,True,False,0.0,0.076
2025-07-12 05:00:00+01:00,0.077,False,False,0.0,0.077
2025-07-12 05:30:00+01:00,0.086,False,False,0.0,0.086
2025-07-12 06:00:00+01:00,0.094,False,False,0.0,0.094
2025-07-12 06:30:00+01:00,0.082,False,False,0.0,0.082
2025-07-12 07:00:00+01:00,0.116,False,False,0.0,0.116
2025-07-12 07:30:00+01:00,0.407,False,False,0.0,0.407
2025-07-12 08:00:00+01:00,0.366,False,False,0.0,0.366
2025-07-12 08:30:00+01:00,0.622,False,False,0.0,0.622
2025-07-12 09:00:00+01:00,0.634,False,False,0.0,0.634
2025-07-12 09:30:00+01:00,0.421,False,False,0.0,0.421
2025-07-12 10:00:00+01:00,0.297,False,False,0.0,0.297
2025-07-12 10:30:00+01:00,0.858,False,False,0.0,0.858
2025-07-12 11:00:00+01:00,1.102,False,False,0.0,1.102
2025-07-12 11:30:00+01:00,0.286,False,False,0.0,0.286
2025-07-12 12:00:00+01:00,0.408,False,False,0.0,0.408
2025-07-12 12:30:00+01:00,0.331,False,False,0.0,0.331
2025-07-12 13:00:00+01:00,0.267,False,False,0.0,0.267
2025-07-12 13:30:00+01:00,0.288,False,False,0.0,0.288
2025-07-12 14:00:00+01:00,0.246,False,False,0.0,0.246
2025-07-12 14:30:00+01:00,0.316,False,False,0.0,0.316
2025-07-12 15:00:00+01:00,0.317,False,False,0.0,0.317
2025-07-12 15:30:00+01:00,0.507,False,False,0.0,0.507
2025-07-12 16:00:00+01:00,3.098,False,True,2.613,0.4849999999999999
2025-07-12 16:30:00+01:00,3.645,False,True,3.277,0.3679999999999999
2025-07-12 17:00:00+01:00,4.782,False,True,4.4585,0.3235000000000001
2025-07-12 17:30:00+01:00,4.433,False,True,4.063,0.3700000000000001
2025-07-12 18:00:00+01:00,3.973,False,True,3.6574999999999998,0.3155000000000001
2025-07-12 18:30:00+01:00,2.264,False,True,1.9849999999999999,0.2789999999999999
2025-07-12 19:00:00+01:00,0.554,False,False,0.0,0.554
2025-07-12 19:30:00+01:00,0.32,False,False,0.0,0.32
2025-07-12 20:00:00+01:00,0.234,False,False,0.0,0.234
2025-07-12 20:30:00+01:00,0.213,False,False,0.0,0.213
2025-07-12 21:00:00+01:00,0.196,False,False,0.0,0.196
2025-07-12 21:30:00+01:00,0.187,False,False,0.0,0.187
2025-07-12 22:00:00+01:00,0.174,False,False,0.0,0.174
2025-07-12 22:30:00+01:00,0.158,False,False,0.0,0.158
2025-07-12 23:00:00+01:00,0.135,True,False,0.0,0.135
2025-07-12 23:30:00+01:00,0.157,True,False,0.0,0.157
2025-07-13 00:00:00+01:00,0.136,True,False,0.0,0.136
2025-07-13 00:30:00+01:00,0.114,True,False,0.0,0.114
2025-07-13 01:00:00+01:00,0.107,True,False,0.0,0.107
2025-07-13 01:30:00+01:00,2.193,True,True,2.107,0.08599999999999985
2025-07-13 02:00:00+01:00,0.106,True,False,0.0,0.106
2025-07-13 02:30:00+01:00,0.097,True,False,0.0,0.097
2025-07-13 03:00:00+01:00,3.423,True,True,3.349,0.07399999999999984
2025-07-13 03:30:00+01:00,0.112,True,False,0.0,0.112
2025-07-13 04:00:00+01:00,2.208,True,True,2.1340000000000003,0.07399999999999984
2025-07-13 04:30:00+01:00,2.158,True,True,2.085,0.07299999999999995
2025-07-13 05:00:00+01:00,3.845,False,True,3.7720000000000002,0.07299999999999995
2025-07-13 05:30:00+01:00,3.836,False,True,3.76,0.07600000000000007
2025-07-13 06:00:00+01:00,3.853,False,True,3.77,0.08300000000000018
2025-07-13 06:30:00+01:00,3.855,False,True,3.752,0.1030000000000002
2025-07-13 07:00:00+01:00,4.061,False,True,3.8329999999999997,0.2280000000000002
2025-07-13 07:30:00+01:00,3.913,False,True,3.4189999999999996,0.4940000000000002
2025-07-13 08:00:00+01:00,0.565,False,False,0.0,0.565
2025-07-13 08:30:00+01:00,0.52,False,False,0.0,0.52
2025-07-13 09:00:00+01:00,0.403,False,False,0.0,0.403
2025-07-13 09:30:00+01:00,0.189,False,False,0.0,0.189
2025-07-13 10:00:00+01:00,0.354,False,False,0.0,0.354
2025-07-13 10:30:00+01:00,0.12,False,False,0.0,0.12
2025-07-13 11:00:00+01:00,0.118,False,False,0.0,0.118
2025-07-13 11:30:00+01:00,0.119,False,False,0.0,0.119
2025-07-13 12:00:00+01:00,0.112,False,False,0.0,0.112
2025-07-13 12:30:00+01:00,0.122,False,False,0.0,0.122
2025-07-13 13:00:00+01:00,0.121,False,False,0.0,0.121
2025-07-13 13:30:00+01:00,0.105,False,False,0.0,0.105
2025-07-13 14:00:00+01:00,0.111,False,False,0.0,0.111
2025-07-13 14:30:00+01:00,0.111,False,False,0.0,0.111
2025-07-13 15:00:00+01:00,0.11,False,False,0.0,0.11
2025-07-13 15:30:00+01:00,0.11,False,False,0.0,0.11
2025-07-13 16:00:00+01:00,0.11,False,False,0.0,0.11
2025-07-13 16:30:00+01:00,0.369,False,False,0.0,0.369
2025-07-13 17:00:00+01:00,0.491,False,False,0.0,0.491
2025-07-13 17:30:00+01:00,0.36,False,False,0.0,0.36
2025-07-13 18:00:00+01:00,1.089,False,False,0.0,1.089
2025-07-13 18:30:00+01:00,0.741,False,False,0.0,0.741
2025-07-13 19:00:00+01:00,0.281,False,False,0.0,0.281
2025-07-13 19:30:00+01:00,0.335,False,False,0.0,0.335
2025-07-13 20:00:00+01:00,0.208,False,False,0.0,0.208
2025-07-13 20:30:00+01:00,0.186,False,False,0.0,0.186
2025-07-13 21:00:00+01:00,0.176,False,False,0.0,0.176
2025-07-13 21:30:00+01:00,0.157,False,False,0.0,0.157
2025-07-13 22:00:00+01:00,0.12,False,False,0.0,0.12
2025-07-13 22:30:00+01:00,0.12,False,False,0.0,0.12
2025-07-13 23:00:00+01:00,0.104,True,False,0.0,0.104
2025-07-13 23:30:00+01:00,0.102,True,False,0.0,0.102
2025-07-14 00:00:00+01:00,0.152,True,False,0.0,0.152
2025-07-14 00:30:00+01:00,0.105,True,False,0.0,0.105
2025-07-14 01:00:00+01:00,0.104,True,False,0.0,0.104
2025-07-14 01:30:00+01:00,0.102,True,False,0.0,0.102
2025-07-14 02:00:00+01:00,0.102,True,False,0.0,0.102
2025-07-14 02:30:00+01:00,0.094,True,False,0.0,0.094
2025-07-14 03:00:00+01:00,0.093,True,False,0.0,0.093
2025-07-14 03:30:00+01:00,0.106,True,False,0.0,0.106
2025-07-14 04:00:00+01:00,0.11,True,False,0.0,0.11
2025-07-14 04:30:00+01:00,0.081,True,False,0.0,0.081
2025-07-14 05:00:00+01:00,0.091,False,False,0.0,0.091
2025-07-14 05:30:00+01:00,0.094,False,False,0.0,0.094
2025-07-14 06:00:00+01:00,0.102,False,False,0.0,0.102
2025-07-14 06:30:00+01:00,0.102,False,False,0.0,0.102
2025-07-14 07:00:00+01:00,0.368,False,False,0.0,0.368
2025-07-14 07:30:00+01:00,0.344,False,False,0.0,0.344
2025-07-14 08:00:00+01:00,0.413,False,False,0.0,0.413
2025-07-14 08:30:00+01:00,0.38,False,False,0.0,0.38
2025-07-14 09:00:00+01:00,0.938,False,False,0.0,0.938
2025-07-14 09:30:00+01:00,0.205,False,False,0.0,0.205
2025-07-14 10:00:00+01:00,0.289,False,False,0.0,0.289
2025-07-14 10:30:00+01:00,0.294,False,False,0.0,0.294
2025-07-14 11:00:00+01:00,0.39,False,False,0.0,0.39
2025-07-14 11:30:00+01:00,0.208,False,False,0.0,0.208
2025-07-14 12:00:00+01:00,0.232,False,False,0.0,0.232
2025-07-14 12:30:00+01:00,0.267,False,False,0.0,0.267
2025-07-14 13:00:00+01:00,0.224,False,False,0.0,0.224
2025-07-14 13:30:00+01:00,0.181,False,False,0.0,0.181
2025-07-14 14:00:00+01:00,0.167,False,False,0.0,0.167
2025-07-14 14:30:00+01:00,0.182,False,False,0.0,0.182
2025-07-14 15:00:00+01:00,0.275,False,False,0.0,0.275
2025-07-14 15:30:00+01:00,0.212,False,False,0.0,0.212
2025-07-14 16:00:00+01:00,0.963,False,False,0.0,0.963
2025-07-14 16:30:00+01:00,0.832,False,False,0.0,0.832
2025-07-14 17:00:00+01:00,0.372,False,False,0.0,0.372
2025-07-14 17:30:00+01:00,0.37,False,False,0.0,0.37
2025-07-14 18:00:00+01:00,0.382,False,False,0.0,0.382
2025-07-14 18:30:00+01:00,0.361,False,False,0.0,0.361
2025-07-14 19:00:00+01:00,0.405,False,False,0.0,0.405
2025-07-14 19:30:00+01:00,0.231,False,False,0.0,0.231
2025-07-14 20:00:00+01:00,0.219,False,False,0.0,0.219
2025-07-14 20:30:00+01:00,0.211,False,False,0.0,0.211
2025-07-14 21:00:00+01:00,0.303,False,False,0.0,0.303
2025-07-14 21:30:00+01:00,0.332,False,False,0.0,0.332
2025-07-14 22:00:00+01:00,0.232,False,False,0.0,0.232
2025-07-14 22:30:00+01:00,0.132,False,False,0.0,0.132
2025-07-14 23:00:00+01:00,0.114,True,False,0.0,0.114
2025-07-14 23:30:00+01:00,0.091,True,False,0.0,0.091
2025-07-15 00:00:00+01:00,0.089,True,False,0.0,0.089
2025-07-15 00:30:00+01:00,0.087,True,False,0.0,0.087
2025-07-15 01:00:00+01:00,0.088,True,False,0.0,0.088
2025-07-15 01:30:00+01:00,0.086,True,False,0.0,0.086
2025-07-15 02:00:00+01:00,0.085,True,False,0.0,0.085
2025-07-15 02:30:00+01:00,0.08,True,False,0.0,0.08
2025-07-15 03:00:00+01:00,0.076,True,False,0.0,0.076
2025-07-15 03:30:00+01:00,0.074,True,False,0.0,0.074
2025-07-15 04:00:00+01:00,0.075,True,False,0.0,0.075
2025-07-15 04:30:00+01:00,0.074,True,False,0.0,0.074
2025-07-15 05:00:00+01:00,0.074,False,False,0.0,0.074
2025-07-15 05:30:00+01:00,0.079,False,False,0.0,0.079
2025-07-15 06:00:00+01:00,0.085,False,False,0.0,0.085
2025-07-15 06:30:00+01:00,0.081,False,False,0.0,0.081
2025-07-15 07:00:00+01:00,0.36,False,False,0.0,0.36
2025-07-15 07:30:00+01:00,0.405,False,False,0.0,0.405
2025-07-15 08:00:00+01:00,0.815,False,False,0.0,0.815
2025-07-15 08:30:00+01:00,0.304,False,False,0.0,0.304
2025-07-15 09:00:00+01:00,0.187,False,False,0.0,0.187
2025-07-15 09:30:00+01:00,0.209,False,False,0.0,0.209
2025-07-15 10:00:00+01:00,0.814,False,False,0.0,0.814
2025-07-15 10:30:00+01:00,0.869,False,False,0.0,0.869
2025-07-15 11:00:00+01:00,0.949,False,False,0.0,0.949
2025-07-15 11:30:00+01:00,0.286,False,False,0.0,0.286
2025-07-15 12:00:00+01:00,0.332,False,False,0.0,0.332
2025-07-15 12:30:00+01:00,0.307,False,False,0.0,0.307
2025-07-15 13:00:00+01:00,0.3,False,False,0.0,0.3
2025-07-15 13:30:00+01:00,0.287,False,False,0.0,0.287
2025-07-15 14:00:00+01:00,0.27,False,False,0.0,0.27
2025-07-15 14:30:00+01:00,0.343,False,False,0.0,0.343
2025-07-15 15:00:00+01:00,0.294,False,False,0.0,0.294
2025-07-15 15:30:00+01:00,0.29,False,False,0.0,0.29
2025-07-15 16:00:00+01:00,0.823,False,False,0.0,0.823
2025-07-15 16:30:00+01:00,1.472,False,False,0.0,1.472
2025-07-15 17:00:00+01:00,0.484,False,False,0.0,0.484
2025-07-15 17:30:00+01:00,0.593,False,False,0.0,0.593
2025-07-15 18:00:00+01:00,0.288,False,False,0.0,0.288
2025-07-15 18:30:00+01:00,0.272,False,False,0.0,0.272
2025-07-15 19:00:00+01:00,0.164,False,False,0.0,0.164
2025-07-15 19:30:00+01:00,0.153,False,False,0.0,0.153
2025-07-15 20:00:00+01:00,0.152,False,False,0.0,0.152
2025-07-15 20:30:00+01:00,0.157,False,False,0.0,0.157
2025-07-15 21:00:00+01:00,0.165,False,False,0.0,0.165
2025-07-15 21:30:00+01:00,0.154,False,False,0.0,0.154
2025-07-15 22:00:00+01:00,0.148,False,False,0.0,0.148
2025-07-15 22:30:00+01:00,0.121,False,False,0.0,0.121
2025-07-15 23:00:00+01:00,0.116,True,False,0.0,0.116
2025-07-15 23:30:00+01:00,0.116,True,False,0.0,0.116
2025-07-16 00:00:00+01:00,0.127,True,False,0.0,0.127
2025-07-16 00:30:00+01:00,0.158,True,False,0.0,0.158
2025-07-16 01:00:00+01:00,0.118,True,False,0.0,0.118
2025-07-16 01:30:00+01:00,0.117,True,False,0.0,0.117
2025-07-16 02:00:00+01:00,0.114,True,False,0.0,0.114
2025-07-16 02:30:00+01:00,0.104,True,False,0.0,0.104
2025-07-16 03:00:00+01:00,0.098,True,False,0.0,0.098
2025-07-16 03:30:00+01:00,0.102,True,False,0.0,0.102
2025-07-16 04:00:00+01:00,0.111,True,False,0.0,0.111
2025-07-16 04:30:00+01:00,0.09,True,False,0.0,0.09
2025-07-16 05:00:00+01:00,0.098,False,False,0.0,0.098
2025-07-16 05:30:00+01:00,0.102,False,False,0.0,0.102
2025-07-16 06:00:00+01:00,0.108,False,False,0.0,0.108
2025-07-16 06:30:00+01:00,0.115,False,False,0.0,0.115
2025-07-16 07:00:00+01:00,0.465,False,False,0.0,0.465
2025-07-16 07:30:00+01:00,0.691,False,False,0.0,0.691
2025-07-16 08:00:00+01:00,0.558,False,False,0.0,0.558
2025-07-16 08:30:00+01:00,0.238,False,False,0.0,0.238
2025-07-16 09:00:00+01:00,0.276,False,False,0.0,0.276
2025-07-16 09:30:00+01:00,0.45,False,False,0.0,0.45
2025-07-16 10:00:00+01:00,0.236,False,False,0.0,0.236
2025-07-16 10:30:00+01:00,0.196,False,False,0.0,0.196
2025-07-16 11:00:00+01:00,0.198,False,False,0.0,0.198
2025-07-16 11:30:00+01:00,0.188,False,False,0.0,0.188
2025-07-16 12:00:00+01:00,0.188,False,False,0.0,0.188
2025-07-16 12:30:00+01:00,0.482,False,False,0.0,0.482
2025-07-16 13:00:00+01:00,0.383,False,False,0.0,0.383
2025-07-16 13:30:00+01:00,0.27,False,False,0.0,0.27
2025-07-16 14:00:00+01:00,0.217,False,False,0.0,0.217
2025-07-16 14:30:00+01:00,0.203,False,False,0.0,0.203
2025-07-16 15:00:00+01:00,0.205,False,False,0.0,0.205
2025-07-16 15:30:00+01:00,0.201,False,False,0.0,0.201
2025-07-16 16:00:00+01:00,0.271,False,False,0.0,0.271
2025-07-16 16:30:00+01:00,0.756,False,False,0.0,0.756
2025-07-16 17:00:00+01:00,0.341,False,False,0.0,0.341
2025-07-16 17:30:00+01:00,0.406,False,False,0.0,0.406
2025-07-16 18:00:00+01:00,0.343,False,False,0.0,0.343
2025-07-16 18:30:00+01:00,0.634,False,False,0.0,0.634
2025-07-16 19:00:00+01:00,0.239,False,False,0.0,0.239
2025-07-16 19:30:00+01:00,0.255,False,False,0.0,0.255
2025-07-16 20:00:00+01:00,0.242,False,False,0.0,0.242
2025-07-16 20:30:00+01:00,0.279,False,False,0.0,0.279
2025-07-16 21:00:00+01:00,4.165,False,True,3.963,0.20199999999999996
2025-07-16 21:30:00+01:00,0.227,False,False,0.0,0.227
2025-07-16 22:00:00+01:00,1.832,False,False,0.0,1.832
2025-07-16 22:30:00+01:00,0.381,False,False,0.0,0.381
2025-07-16 23:00:00+01:00,0.237,True,False,0.0,0.237
2025-07-16 23:30:00+01:00,2.211,True,True,2.1069999999999998,0.10400000000000009
2025-07-17 00:00:00+01:00,2.559,True,True,2.464,0.0950000000000002
2025-07-17 00:30:00+01:00,2.965,True,True,2.875,0.08999999999999986
2025-07-17 01:00:00+01:00,2.947,True,True,2.859,0.08800000000000008
2025-07-17 01:30:00+01:00,3.559,True,True,3.4730000000000003,0.08599999999999985
2025-07-17 02:00:00+01:00,0.094,True,False,0.0,0.094
2025-07-17 02:30:00+01:00,2.902,True,True,2.8240000000000003,0.07799999999999985
2025-07-17 03:00:00+01:00,2.209,True,True,2.1350000000000002,0.07399999999999984
2025-07-17 03:30:00+01:00,3.0,True,True,2.925,0.07500000000000018
2025-07-17 04:00:00+01:00,3.808,True,True,3.734,0.07399999999999984
2025-07-17 04:30:00+01:00,2.498,True,True,2.4250000000000003,0.07299999999999995
2025-07-17 05:00:00+01:00,1.879,False,False,0.0,1.879
2025-07-17 05:30:00+01:00,3.706,False,True,3.63,0.07600000000000007
2025-07-17 06:00:00+01:00,3.825,False,True,3.742,0.08300000000000018
2025-07-17 06:30:00+01:00,3.824,False,True,3.7209999999999996,0.1030000000000002
2025-07-17 07:00:00+01:00,3.023,False,True,2.795,0.2280000000000002
2025-07-17 07:30:00+01:00,0.527,False,False,0.0,0.527
2025-07-17 08:00:00+01:00,0.415,False,False,0.0,0.415
2025-07-17 08:30:00+01:00,0.309,False,False,0.0,0.309
2025-07-17 09:00:00+01:00,0.232,False,False,0.0,0.232
2025-07-17 09:30:00+01:00,0.414,False,False,0.0,0.414
2025-07-17 10:00:00+01:00,0.504,False,False,0.0,0.504
2025-07-17 10:30:00+01:00,0.513,False,False,0.0,0.513
2025-07-17 11:00:00+01:00,0.346,False,False,0.0,0.346
2025-07-17 11:30:00+01:00,0.31,False,False,0.0,0.31
2025-07-17 12:00:00+01:00,0.307,False,False,0.0,0.307
2025-07-17 12:30:00+01:00,0.235,False,False,0.0,0.235
2025-07-17 13:00:00+01:00,0.235,False,False,0.0,0.235
2025-07-17 13:30:00+01:00,0.258,False,False,0.0,0.258
2025-07-17 14:00:00+01:00,0.253,False,False,0.0,0.253
2025-07-17 14:30:00+01:00,0.258,False,False,0.0,0.258
2025-07-17 15:00:00+01:00,0.629,False,False,0.0,0.629
2025-07-17 15:30:00+01:00,0.821,False,False,0.0,0.821
2025-07-17 16:00:00+01:00,0.613,False,False,0.0,0.613
2025-07-17 16:30:00+01:00,0.489,False,False,0.0,0.489
2025-07-17 17:00:00+01:00,0.703,False,False,0.0,0.703
2025-07-17 17:30:00+01:00,0.451,False,False,0.0,0.451
2025-07-17 18:00:00+01:00,0.246,False,False,0.0,0.246
2025-07-17 18:30:00+01:00,0.665,False,False,0.0,0.665
2025-07-17 19:00:00+01:00,0.282,False,False,0.0,0.282
2025-07-17 19:30:00+01:00,0.208,False,False,0.0,0.208
2025-07-17 20:00:00+01:00,0.195,False,False,0.0,0.195
2025-07-17 20:30:00+01:00,0.263,False,False,0.0,0.263
2025-07-17 21:00:00+01:00,0.174,False,False,0.0,0.174
2025-07-17 21:30:00+01:00,0.146,False,False,0.0,0.146
2025-07-17 22:00:00+01:00,0.125,False,False,0.0,0.125
2025-07-17 22:30:00+01:00,0.169,False,False,0.0,0.169
2025-07-17 23:00:00+01:00,0.118,True,False,0.0,0.118
2025-07-17 23:30:00+01:00,0.104,True,False,0.0,0.104
2025-07-18 00:00:00+01:00,0.104,True,False,0.0,0.104
2025-07-18 00:30:00+01:00,0.102,True,False,0.0,0.102
2025-07-18 01:00:00+01:00,0.098,True,False,0.0,0.098
2025-07-18 01:30:00+01:00,0.096,True,False,0.0,0.096
2025-07-18 02:00:00+01:00,0.111,True,False,0.0,0.111
2025-07-18 02:30:00+01:00,0.093,True,False,0.0,0.093
2025-07-18 03:00:00+01:00,0.086,True,False,0.0,0.086
2025-07-18 03:30:00+01:00,0.085,True,False,0.0,0.085
2025-07-18 04:00:00+01:00,0.083,True,False,0.0,0.083
2025-07-18 04:30:00+01:00,0.084,True,False,0.0,0.084
2025-07-18 05:00:00+01:00,0.083,False,False,0.0,0.083
2025-07-18 05:30:00+01:00,0.087,False,False,0.0,0.087
2025-07-18 06:00:00+01:00,0.114,False,False,0.0,0.114
2025-07-18 06:30:00+01:00,0.094,False,False,0.0,0.094
2025-07-18 07:00:00+01:00,0.439,False,False,0.0,0.439
2025-07-18 07:30:00+01:00,0.47,False,False,0.0,0.47
2025-07-18 08:00:00+01:00,0.595,False,False,0.0,0.595
2025-07-18 08:30:00+01:00,0.199,False,False,0.0,0.199
2025-07-18 09:00:00+01:00,0.192,False,False,0.0,0.192
2025-07-18 09:30:00+01:00,0.207,False,False,0.0,0.207
2025-07-18 10:00:00+01:00,0.247,False,False,0.0,0.247
2025-07-18 10:30:00+01:00,0.239,False,False,0.0,0.239
2025-07-18 11:00:00+01:00,0.231,False,False,0.0,0.231
2025-07-18 11:30:00+01:00,0.231,False,False,0.0,0.231
2025-07-18 12:00:00+01:00,0.253,False,False,0.0,0.253
2025-07-18 12:30:00+01:00,0.247,False,False,0.0,0.247
2025-07-18 13:00:00+01:00,0.259,False,False,0.0,0.259
2025-07-18 13:30:00+01:00,0.157,False,False,0.0,0.157
2025-07-18 14:00:00+01:00,0.157,False,False,0.0,0.157
2025-07-18 14:30:00+01:00,0.149,False,False,0.0,0.149
2025-07-18 15:00:00+01:00,0.118,False,False,0.0,0.118
2025-07-18 15:30:00+01:00,0.115,False,False,0.0,0.115
2025-07-18 16:00:00+01:00,0.266,False,False,0.0,0.266
2025-07-18 16:30:00+01:00,0.343,False,False,0.0,0.343
2025-07-18 17:00:00+01:00,0.368,False,False,0.0,0.368
2025-07-18 17:30:00+01:00,0.298,False,False,0.0,0.298
2025-07-18 18:00:00+01:00,0.227,False,False,0.0,0.227
2025-07-18 18:30:00+01:00,0.725,False,False,0.0,0.725
2025-07-18 19:00:00+01:00,0.317,False,False,0.0,0.317
2025-07-18 19:30:00+01:00,0.342,False,False,0.0,0.342
2025-07-18 20:00:00+01:00,0.656,False,False,0.0,0.656
2025-07-18 20:30:00+01:00,0.602,False,False,0.0,0.602
2025-07-18 21:00:00+01:00,0.246,False,False,0.0,0.246
2025-07-18 21:30:00+01:00,0.243,False,False,0.0,0.243
2025-07-18 22:00:00+01:00,0.257,False,False,0.0,0.257
2025-07-18 22:30:00+01:00,0.489,False,False,0.0,0.489
2025-07-18 23:00:00+01:00,0.273,True,False,0.0,0.273
2025-07-18 23:30:00+01:00,0.201,True,False,0.0,0.201
2025-07-19 00:00:00+01:00,0.125,True,False,0.0,0.125
2025-07-19 00:30:00+01:00,0.107,True,False,0.0,0.107
2025-07-19 01:00:00+01:00,0.11,True,False,0.0,0.11
2025-07-19 01:30:00+01:00,0.111,True,False,0.0,0.111
2025-07-19 02:00:00+01:00,0.109,True,False,0.0,0.109
2025-07-19 02:30:00+01:00,0.105,True,False,0.0,0.105
2025-07-19 03:00:00+01:00,0.106,True,False,0.0,0.106
2025-07-19 03:30:00+01:00,0.117,True,False,0.0,0.117
2025-07-19 04:00:00+01:00,0.089,True,False,0.0,0.089
2025-07-19 04:30:00+01:00,0.098,True,False,0.0,0.098
2025-07-19 05:00:00+01:00,0.095,False,False,0.0,0.095
2025-07-19 05:30:00+01:00,0.099,False,False,0.0,0.099
2025-07-19 06:00:00+01:00,0.108,False,False,0.0,0.108
2025-07-19 06:30:00+01:00,0.108,False,False,0.0,0.108
2025-07-19 07:00:00+01:00,0.2,False,False,0.0,0.2
2025-07-19 07:30:00+01:00,0.294,False,False,0.0,0.294
2025-07-19 08:00:00+01:00,0.502,False,False,0.0,0.502
2025-07-19 08:30:00+01:00,0.305,False,False,0.0,0.305
2025-07-19 09:00:00+01:00,0.362,False,False,0.0,0.362
2025-07-19 09:30:00+01:00,0.63,False,False,0.0,0.63
2025-07-19 10:00:00+01:00,0.396,False,False,0.0,0.396
2025-07-19 10:30:00+01:00,0.339,False,False,0.0,0.339
2025-07-19 11:00:00+01:00,0.442,False,False,0.0,0.442
2025-07-19 11:30:00+01:00,0.352,False,False,0.0,0.352
2025-07-19 12:00:00+01:00,0.187,False,False,0.0,0.187
2025-07-19 12:30:00+01:00,0.289,False,False,0.0,0.289
2025-07-19 13:00:00+01:00,0.757,False,False,0.0,0.757
2025-07-19 13:30:00+01:00,0.313,False,False,0.0,0.313
2025-07-19 14:00:00+01:00,0.197,False,False,0.0,0.197
2025-07-19 14:30:00+01:00,0.462,False,False,0.0,0.462
2025-07-19 15:00:00+01:00,0.176,False,False,0.0,0.176
2025-07-19 15:30:00+01:00,0.175,False,False,0.0,0.175
2025-07-19 16:00:00+01:00,0.275,False,False,0.0,0.275
2025-07-19 16:30:00+01:00,0.238,False,False,0.0,0.238
2025-07-19 17:00:00+01:00,0.142,False,False,0.0,0.142
2025-07-19 17:30:00+01:00,0.142,False,False,0.0,0.142
2025-07-19 18:00:00+01:00,0.134,False,False,0.0,0.134
2025-07-19 18:30:00+01:00,0.168,False,False,0.0,0.168
2025-07-19 19:00:00+01:00,0.649,False,False,0.0,0.649
2025-07-19 19:30:00+01:00,0.287,False,False,0.0,0.287
2025-07-19 20:00:00+01:00,0.23,False,False,0.0,0.23
2025-07-19 20:30:00+01:00,0.235,False,False,0.0,0.235
2025-07-19 21:00:00+01:00,0.183,False,False,0.0,0.183
2025-07-19 21:30:00+01:00,0.171,False,False,0.0,0.171
2025-07-19 22:00:00+01:00,0.17,False,False,0.0,0.17
2025-07-19 22:30:00+01:00,0.123,False,False,0.0,0.123
2025-07-19 23:00:00+01:00,0.11,True,False,0.0,0.11
2025-07-19 23:30:00+01:00,0.11,True,False,0.0,0.11
2025-07-20 00:00:00+01:00,0.111,True,False,0.0,0.111
2025-07-20 00:30:00+01:00,0.116,True,False,0.0,0.116
2025-07-20 01:00:00+01:00,0.153,True,False,0.0,0.153
2025-07-20 01:30:00+01:00,0.109,True,False,0.0,0.109
2025-07-20 02:00:00+01:00,0.104,True,False,0.0,0.104
2025-07-20 02:30:00+01:00,0.096,True,False,0.0,0.096
2025-07-20 03:00:00+01:00,0.094,True,False,0.0,0.094
2025-07-20 03:30:00+01:00,0.092,True,False,0.0,0.092
2025-07-20 04:00:00+01:00,0.095,True,False,0.0,0.095
2025-07-20 04:30:00+01:00,0.112,True,False,0.0,0.112
2025-07-20 05:00:00+01:00,0.089,False,False,0.0,0.089
2025-07-20 05:30:00+01:00,0.095,False,False,0.0,0.095
2025-07-20 06:00:00+01:00,0.103,False,False,0.0,0.103
2025-07-20 06:30:00+01:00,0.103,False,False,0.0,0.103
2025-07-20 07:00:00+01:00,0.291,False,False,0.0,0.291
2025-07-20 07:30:00+01:00,0.934,False,False,0.0,0.934
2025-07-20 08:00:00+01:00,0.358,False,False,0.0,0.358
2025-07-20 08:30:00+01:00,0.252,False,False,0.0,0.252
2025-07-20 09:00:00+01:00,0.316,False,False,0.0,0.316
2025-07-20 09:30:00+01:00,0.344,False,False,0.0,0.344
2025-07-20 10:00:00+01:00,0.345,False,False,0.0,0.345
2025-07-20 10:30:00+01:00,0.207,False,False,0.0,0.207
2025-07-20 11:00:00+01:00,0.131,False,False,0.0,0.131
2025-07-20 11:30:00+01:00,0.165,False,False,0.0,0.165
2025-07-20 12:00:00+01:00,0.169,False,False,0.0,0.169
2025-07-20 12:30:00+01:00,0.252,False,False,0.0,0.252
2025-07-20 13:00:00+01:00,0.274,False,False,0.0,0.274
2025-07-20 13:30:00+01:00,0.305,False,False,0.0,0.305
2025-07-20 14:00:00+01:00,0.288,False,False,0.0,0.288
2025-07-20 14:30:00+01:00,0.281,False,False,0.0,0.281
2025-07-20 15:00:00+01:00,0.636,False,False,0.0,0.636
2025-07-20 15:30:00+01:00,0.2,False,False,0.0,0.2
2025-07-20 16:00:00+01:00,0.113,False,False,0.0,0.113
2025-07-20 16:30:00+01:00,0.473,False,False,0.0,0.473
2025-07-20 17:00:00+01:00,0.124,False,False,0.0,0.124
2025-07-20 17:30:00+01:00,0.181,False,False,0.0,0.181
2025-07-20 18:00:00+01:00,0.289,False,False,0.0,0.289
2025-07-20 18:30:00+01:00,0.263,False,False,0.0,0.263
2025-07-20 19:00:00+01:00,0.216,False,False,0.0,0.216
2025-07-20 19:30:00+01:00,0.367,False,False,0.0,0.367
2025-07-20 20:00:00+01:00,0.332,False,False,0.0,0.332
2025-07-20 20:30:00+01:00,0.319,False,False,0.0,0.319
2025-07-20 21:00:00+01:00,0.315,False,False,0.0,0.315
2025-07-20 21:30:00+01:00,0.298,False,False,0.0,0.298
2025-07-20 22:00:00+01:00,0.244,False,False,0.0,0.244
2025-07-20 22:30:00+01:00,0.113,False,False,0.0,0.113
2025-07-20 23:00:00+01:00,0.109,True,False,0.0,0.109
2025-07-20 23:30:00+01:00,0.121,True,False,0.0,0.121
2025-07-21 00:00:00+01:00,0.122,True,False,0.0,0.122
2025-07-21 00:30:00+01:00,0.127,True,False,0.0,0.127
2025-07-21 01:00:00+01:00,0.104,True,False,0.0,0.104
2025-07-21 01:30:00+01:00,0.104,True,False,0.0,0.104
2025-07-21 02:00:00+01:00,0.103,True,False,0.0,0.103
2025-07-21 02:30:00+01:00,0.096,True,False,0.0,0.096
2025-07-21 03:00:00+01:00,0.094,True,False,0.0,0.094
2025-07-21 03:30:00+01:00,0.1,True,False,0.0,0.1
2025-07-21 04:00:00+01:00,0.094,True,False,0.0,0.094
2025-07-21 04:30:00+01:00,0.088,True,False,0.0,0.088
2025-07-21 05:00:00+01:00,0.09,False,False,0.0,0.09
2025-07-21 05:30:00+01:00,0.094,False,False,0.0,0.094
2025-07-21 06:00:00+01:00,0.101,False,False,0.0,0.101
2025-07-21 06:30:00+01:00,0.101,False,False,0.0,0.101
2025-07-21 07:00:00+01:00,0.171,False,False,0.0,0.171
2025-07-21 07:30:00+01:00,0.505,False,False,0.0,0.505
2025-07-21 08:00:00+01:00,0.519,False,False,0.0,0.519
2025-07-21 08:30:00+01:00,0.494,False,False,0.0,0.494
2025-07-21 09:00:00+01:00,0.18,False,False,0.0,0.18
2025-07-21 09:30:00+01:00,0.268,False,False,0.0,0.268
2025-07-21 10:00:00+01:00,0.276,False,False,0.0,0.276
2025-07-21 10:30:00+01:00,0.189,False,False,0.0,0.189
2025-07-21 11:00:00+01:00,0.19,False,False,0.0,0.19
2025-07-21 11:30:00+01:00,0.705,False,False,0.0,0.705
2025-07-21 12:00:00+01:00,0.781,False,False,0.0,0.781
2025-07-21 12:30:00+01:00,0.356,False,False,0.0,0.356
2025-07-21 13:00:00+01:00,0.204,False,False,0.0,0.204
2025-07-21 13:30:00+01:00,0.194,False,False,0.0,0.194
2025-07-21 14:00:00+01:00,0.183,False,False,0.0,0.183
2025-07-21 14:30:00+01:00,0.215,False,False,0.0,0.215
2025-07-21 15:00:00+01:00,0.219,False,False,0.0,0.219
2025-07-21 15:30:00+01:00,0.3,False,False,0.0,0.3
2025-07-21 16:00:00+01:00,0.558,False,False,0.0,0.558
2025-07-21 16:30:00+01:00,0.722,False,False,0.0,0.722
2025-07-21 17:00:00+01:00,0.362,False,False,0.0,0.362
2025-07-21 17:30:00+01:00,0.837,False,False,0.0,0.837
2025-07-21 18:00:00+01:00,0.364,False,False,0.0,0.364
2025-07-21 18:30:00+01:00,0.255,False,False,0.0,0.255
2025-07-21 19:00:00+01:00,0.248,False,False,0.0,0.248
2025-07-21 19:30:00+01:00,0.435,False,False,0.0,0.435
2025-07-21 20:00:00+01:00,1.084,False,False,0.0,1.084
2025-07-21 20:30:00+01:00,0.403,False,False,0.0,0.403
2025-07-21 21:00:00+01:00,0.216,False,False,0.0,0.216
2025-07-21 21:30:00+01:00,0.204,False,False,0.0,0.204
2025-07-21 22:00:00+01:00,0.461,False,False,0.0,0.461
2025-07-21 22:30:00+01:00,0.173,False,False,0.0,0.173
2025-07-21 23:00:00+01:00,0.173,True,False,0.0,0.173
2025-07-21 23:30:00+01:00,0.136,True,False,0.0,0.136
2025-07-22 00:00:00+01:00,0.109,True,False,0.0,0.109
2025-07-22 00:30:00+01:00,0.157,True,False,0.0,0.157
2025-07-22 01:00:00+01:00,0.111,True,False,0.0,0.111
2025-07-22 01:30:00+01:00,0.11,True,False,0.0,0.11
2025-07-22 02:00:00+01:00,0.109,True,False,0.0,0.109
2025-07-22 02:30:00+01:00,0.101,True,False,0.0,0.101
2025-07-22 03:00:00+01:00,0.096,True,False,0.0,0.096
2025-07-22 03:30:00+01:00,0.096,True,False,0.0,0.096
2025-07-22 04:00:00+01:00,0.111,True,False,0.0,0.111
2025-07-22 04:30:00+01:00,0.087,True,False,0.0,0.087
2025-07-22 05:00:00+01:00,0.098,False,False,0.0,0.098
2025-07-22 05:30:00+01:00,0.1,False,False,0.0,0.1
2025-07-22 06:00:00+01:00,0.107,False,False,0.0,0.107
2025-07-22 06:30:00+01:00,0.107,False,False,0.0,0.107
2025-07-22 07:00:00+01:00,0.4,False,False,0.0,0.4
2025-07-22 07:30:00+01:00,0.435,False,False,0.0,0.435
2025-07-22 08:00:00+01:00,0.991,False,False,0.0,0.991
2025-07-22 08:30:00+01:00,0.364,False,False,0.0,0.364
2025-07-22 09:00:00+01:00,0.325,False,False,0.0,0.325
2025-07-22 09:30:00+01:00,0.328,False,False,0.0,0.328
2025-07-22 10:00:00+01:00,0.518,False,False,0.0,0.518
2025-07-22 10:30:00+01:00,0.392,False,False,0.0,0.392
2025-07-22 11:00:00+01:00,0.347,False,False,0.0,0.347
2025-07-22 11:30:00+01:00,0.575,False,False,0.0,0.575
2025-07-22 12:00:00+01:00,1.064,False,False,0.0,1.064
2025-07-22 12:30:00+01:00,0.639,False,False,0.0,0.639
2025-07-22 13:00:00+01:00,0.291,False,False,0.0,0.291
2025-07-22 13:30:00+01:00,0.315,False,False,0.0,0.315
2025-07-22 14:00:00+01:00,0.357,False,False,0.0,0.357
2025-07-22 14:30:00+01:00,0.289,False,False,0.0,0.289
2025-07-22 15:00:00+01:00,0.268,False,False,0.0,0.268
2025-07-22 15:30:00+01:00,0.313,False,False,0.0,0.313
2025-07-22 16:00:00+01:00,0.699,False,False,0.0,0.699
2025-07-22 16:30:00+01:00,0.408,False,False,0.0,0.408
2025-07-22 17:00:00+01:00,0.38,False,False,0.0,0.38
2025-07-22 17:30:00+01:00,0.536,False,False,0.0,0.536
2025-07-22 18:00:00+01:00,0.696,False,False,0.0,0.696
2025-07-22 18:30:00+01:00,0.363,False,False,0.0,0.363
2025-07-22 19:00:00+01:00,0.328,False,False,0.0,0.328
2025-07-22 19:30:00+01:00,0.323,False,False,0.0,0.323
2025-07-22 20:00:00+01:00,0.395,False,False,0.0,0.395
2025-07-22 20:30:00+01:00,0.259,False,False,0.0,0.259
2025-07-22 21:00:00+01:00,0.286,False,False,0.0,0.286
2025-07-22 21:30:00+01:00,0.283,False,False,0.0,0.283
2025-07-22 22:00:00+01:00,0.281,False,False,0.0,0.281
2025-07-22 22:30:00+01:00,0.159,False,False,0.0,0.159
2025-07-22 23:00:00+01:00,0.105,True,False,0.0,0.105
2025-07-22 23:30:00+01:00,0.095,True,False,0.0,0.095
2025-07-23 00:00:00+01:00,0.09,True,False,0.0,0.09
2025-07-23 00:30:00+01:00,0.094,True,False,0.0,0.094
2025-07-23 01:00:00+01:00,0.142,True,False,0.0,0.142
2025-07-23 01:30:00+01:00,0.092,True,False,0.0,0.092
2025-07-23 02:00:00+01:00,0.093,True,False,0.0,0.093
2025-07-23 02:30:00+01:00,0.084,True,False,0.0,0.084
2025-07-23 03:00:00+01:00,0.079,True,False,0.0,0.079
2025-07-23 03:30:00+01:00,0.078,True,False,0.0,0.078
2025-07-23 04:00:00+01:00,0.081,True,False,0.0,0.081
2025-07-23 04:30:00+01:00,0.098,True,False,0.0,0.098
2025-07-23 05:00:00+01:00,0.076,False,False,0.0,0.076
2025-07-23 05:30:00+01:00,0.082,False,False,0.0,0.082
2025-07-23 06:00:00+01:00,0.089,False,False,0.0,0.089
2025-07-23 06:30:00+01:00,0.091,False,False,0.0,0.091
2025-07-23 07:00:00+01:00,0.37,False,False,0.0,0.37
2025-07-23 07:30:00+01:00,0.256,False,False,0.0,0.256
2025-07-23 08:00:00+01:00,0.647,False,False,0.0,0.647
2025-07-23 08:30:00+01:00,0.178,False,False,0.0,0.178
2025-07-23 09:00:00+01:00,0.433,False,False,0.0,0.433
2025-07-23 09:30:00+01:00,0.169,False,False,0.0,0.169
2025-07-23 10:00:00+01:00,0.119,False,False,0.0,0.119
2025-07-23 10:30:00+01:00,0.176,False,False,0.0,0.176
2025-07-23 11:00:00+01:00,0.222,False,False,0.0,0.222
2025-07-23 11:30:00+01:00,0.229,False,False,0.0,0.229
2025-07-23 12:00:00+01:00,0.279,False,False,0.0,0.279
2025-07-23 12:30:00+01:00,0.223,False,False,0.0,0.223
2025-07-23 13:00:00+01:00,0.206,False,False,0.0,0.206
2025-07-23 13:30:00+01:00,0.18,False,False,0.0,0.18
2025-07-23 14:00:00+01:00,0.19,False,False,0.0,0.19
2025-07-23 14:30:00+01:00,0.182,False,False,0.0,0.182
2025-07-23 15:00:00+01:00,0.233,False,False,0.0,0.233
2025-07-23 15:30:00+01:00,0.19,False,False,0.0,0.19
2025-07-23 16:00:00+01:00,0.278,False,False,0.0,0.278
2025-07-23 16:30:00+01:00,0.582,False,False,0.0,0.582
2025-07-23 17:00:00+01:00,0.803,False,False,0.0,0.803
2025-07-23 17:30:00+01:00,1.098,False,False,0.0,1.098
2025-07-23 18:00:00+01:00,1.294,False,False,0.0,1.294
2025-07-23 18:30:00+01:00,0.301,False,False,0.0,0.301
2025-07-23 19:00:00+01:00,0.507,False,False,0.0,0.507
2025-07-23 19:30:00+01:00,0.604,False,False,0.0,0.604
2025-07-23 20:00:00+01:00,0.223,False,False,0.0,0.223
2025-07-23 20:30:00+01:00,0.194,False,False,0.0,0.194
2025-07-23 21:00:00+01:00,0.604,False,False,0.0,0.604
2025-07-23 21:30:00+01:00,0.482,False,False,0.0,0.482
2025-07-23 22:00:00+01:00,0.165,False,False,0.0,0.165
2025-07-23 22:30:00+01:00,0.125,False,False,0.0,0.125
2025-07-23 23:00:00+01:00,0.113,True,False,0.0,0.113
2025-07-23 23:30:00+01:00,0.108,True,False,0.0,0.108
2025-07-24 00:00:00+01:00,0.096,True,False,0.0,0.096
2025-07-24 00:30:00+01:00,0.102,True,False,0.0,0.102
2025-07-24 01:00:00+01:00,0.1,True,False,0.0,0.1
2025-07-24 01:30:00+01:00,0.099,True,False,0.0,0.099
2025-07-24 02:00:00+01:00,0.101,True,False,0.0,0.101
2025-07-24 02:30:00+01:00,0.093,True,False,0.0,0.093
2025-07-24 03:00:00+01:00,0.107,True,False,0.0,0.107
2025-07-24 03:30:00+01:00,0.081,True,False,0.0,0.081
2025-07-24 04:00:00+01:00,0.09,True,False,0.0,0.09
2025-07-24 04:30:00+01:00,0.09,True,False,0.0,0.09
2025-07-24 05:00:00+01:00,0.09,False,False,0.0,0.09
2025-07-24 05:30:00+01:00,0.093,False,False,0.0,0.093
2025-07-24 06:00:00+01:00,0.102,False,False,0.0,0.102
2025-07-24 06:30:00+01:00,0.092,False,False,0.0,0.092
2025-07-24 07:00:00+01:00,0.201,False,False,0.0,0.201
2025-07-24 07:30:00+01:00,0.678,False,False,0.0,0.678
2025-07-24 08:00:00+01:00,0.97,False,False,0.0,0.97
2025-07-24 08:30:00+01:00,0.436,False,False,0.0,0.436
2025-07-24 09:00:00+01:00,0.357,False,False,0.0,0.357
2025-07-24 09:30:00+01:00,0.378,False,False,0.0,0.378
2025-07-24 10:00:00+01:00,0.349,False,False,0.0,0.349
2025-07-24 10:30:00+01:00,0.908,False,False,0.0,0.908
2025-07-24 11:00:00+01:00,0.532,False,False,0.0,0.532
2025-07-24 11:30:00+01:00,0.277,False,False,0.0,0.277
2025-07-24 12:00:00+01:00,0.238,False,False,0.0,0.238
2025-07-24 12:30:00+01:00,0.295,False,False,0.0,0.295
2025-07-24 13:00:00+01:00,0.291,False,False,0.0,0.291
2025-07-24 13:30:00+01:00,0.311,False,False,0.0,0.311
2025-07-24 14:00:00+01:00,0.284,False,False,0.0,0.284
2025-07-24 14:30:00+01:00,0.378,False,False,0.0,0.378
2025-07-24 15:00:00+01:00,0.35,False,False,0.0,0.35
2025-07-24 15:30:00+01:00,0.681,False,False,0.0,0.681
2025-07-24 16:00:00+01:00,0.341,False,False,0.0,0.341
2025-07-24 16:30:00+01:00,0.362,False,False,0.0,0.362
2025-07-24 17:00:00+01:00,0.386,False,False,0.0,0.386
2025-07-24 17:30:00+01:00,0.509,False,False,0.0,0.509
2025-07-24 18:00:00+01:00,0.452,False,False,0.0,0.452
2025-07-24 18:30:00+01:00,0.302,False,False,0.0,0.302
2025-07-24 19:00:00+01:00,0.218,False,False,0.0,0.218
2025-07-24 19:30:00+01:00,0.226,False,False,0.0,0.226
2025-07-24 20:00:00+01:00,0.179,False,False,0.0,0.179
2025-07-24 20:30:00+01:00,0.512,False,False,0.0,0.512
2025-07-24 21:00:00+01:00,0.316,False,False,0.0,0.316
2025-07-24 21:30:00+01:00,0.183,False,False,0.0,0.183
2025-07-24 22:00:00+01:00,0.158,False,False,0.0,0.158
2025-07-24 22:30:00+01:00,0.159,False,False,0.0,0.159
2025-07-24 23:00:00+01:00,0.174,True,False,0.0,0.174
2025-07-24 23:30:00+01:00,0.122,True,False,0.0,0.122
2025-07-25 00:00:00+01:00,0.11,True,False,0.0,0.11
2025-07-25 00:30:00+01:00,0.109,True,False,0.0,0.109
2025-07-25 01:00:00+01:00,0.106,True,False,0.0,0.106
2025-07-25 01:30:00+01:00,0.101,True,False,0.0,0.101
2025-07-25 02:00:00+01:00,0.103,True,False,0.0,0.103
2025-07-25 02:30:00+01:00,0.109,True,False,0.0,0.109
2025-07-25 03:00:00+01:00,0.09,True,False,0.0,0.09
2025-07-25 03:30:00+01:00,0.091,True,False,0.0,0.091
2025-07-25 04:00:00+01:00,0.09,True,False,0.0,0.09
2025-07-25 04:30:00+01:00,0.089,True,False,0.0,0.089
2025-07-25 05:00:00+01:00,0.088,False,False,0.0,0.088
2025-07-25 05:30:00+01:00,0.092,False,False,0.0,0.092
2025-07-25 06:00:00+01:00,0.101,False,False,0.0,0.101
2025-07-25 06:30:00+01:00,0.095,False,False,0.0,0.095
2025-07-25 07:00:00+01:00,0.24,False,False,0.0,0.24
2025-07-25 07:30:00+01:00,0.884,False,False,0.0,0.884
2025-07-25 08:00:00+01:00,0.591,False,False,0.0,0.591
2025-07-25 08:30:00+01:00,0.472,False,False,0.0,0.472
2025-07-25 09:00:00+01:00,0.378,False,False,0.0,0.378
2025-07-25 09:30:00+01:00,0.436,False,False,0.0,0.436
2025-07-25 10:00:00+01:00,0.262,False,False,0.0,0.262
2025-07-25 10:30:00+01:00,0.254,False,False,0.0,0.254
2025-07-25 11:00:00+01:00,0.201,False,False,0.0,0.201
2025-07-25 11:30:00+01:00,0.188,False,False,0.0,0.188
2025-07-25 12:00:00+01:00,0.245,False,False,0.0,0.245
2025-07-25 12:30:00+01:00,0.586,False,False,0.0,0.586
2025-07-25 13:00:00+01:00,0.219,False,False,0.0,0.219
2025-07-25 13:30:00+01:00,0.21,False,False,0.0,0.21
2025-07-25 14:00:00+01:00,0.183,False,False,0.0,0.183
2025-07-25 14:30:00+01:00,0.187,False,False,0.0,0.187
2025-07-25 15:00:00+01:00,0.187,False,False,0.0,0.187
2025-07-25 15:30:00+01:00,0.641,False,False,0.0,0.641
2025-07-25 16:00:00+01:00,0.625,False,False,0.0,0.625
2025-07-25 16:30:00+01:00,0.202,False,False,0.0,0.202
2025-07-25 17:00:00+01:00,0.212,False,False,0.0,0.212
2025-07-25 17:30:00+01:00,0.244,False,False,0.0,0.244
2025-07-25 18:00:00+01:00,0.307,False,False,0.0,0.307
2025-07-25 18:30:00+01:00,0.126,False,False,0.0,0.126
2025-07-25 19:00:00+01:00,0.245,False,False,0.0,0.245
2025-07-25 19:30:00+01:00,0.221,False,False,0.0,0.221
2025-07-25 20:00:00+01:00,0.457,False,False,0.0,0.457
2025-07-25 20:30:00+01:00,0.377,False,False,0.0,0.377
2025-07-25 21:00:00+01:00,0.318,False,False,0.0,0.318
2025-07-25 21:30:00+01:00,0.294,False,False,0.0,0.294
2025-07-25 22:00:00+01:00,0.141,False,False,0.0,0.141
2025-07-25 22:30:00+01:00,0.102,False,False,0.0,0.102
2025-07-25 23:00:00+01:00,0.108,True,False,0.0,0.108
2025-07-25 23:30:00+01:00,0.103,True,False,0.0,0.103
2025-07-26 00:00:00+01:00,0.101,True,False,0.0,0.101
2025-07-26 00:30:00+01:00,0.102,True,False,0.0,0.102
2025-07-26 01:00:00+01:00,0.101,True,False,0.0,0.101
2025-07-26 01:30:00+01:00,0.106,True,False,0.0,0.106
2025-07-26 02:00:00+01:00,0.114,True,False,0.0,0.114
2025-07-26 02:30:00+01:00,0.091,True,False,0.0,0.091
2025-07-26 03:00:00+01:00,0.1,True,False,0.0,0.1
2025-07-26 03:30:00+01:00,0.096,True,False,0.0,0.096
2025-07-26 04:00:00+01:00,0.089,True,False,0.0,0.089
2025-07-26 04:30:00+01:00,0.089,True,False,0.0,0.089
2025-07-26 05:00:00+01:00,0.09,False,False,0.0,0.09
2025-07-26 05:30:00+01:00,0.088,False,False,0.0,0.088
2025-07-26 06:00:00+01:00,0.098,False,False,0.0,0.098
2025-07-26 06:30:00+01:00,0.128,False,False,0.0,0.128
2025-07-26 07:00:00+01:00,0.176,False,False,0.0,0.176
2025-07-26 07:30:00+01:00,0.955,False,False,0.0,0.955
2025-07-26 08:00:00+01:00,0.529,False,False,0.0,0.529
2025-07-26 08:30:00+01:00,0.254,False,False,0.0,0.254
2025-07-26 09:00:00+01:00,1.051,False,False,0.0,1.051
2025-07-26 09:30:00+01:00,0.16,False,False,0.0,0.16
2025-07-26 10:00:00+01:00,0.156,False,False,0.0,0.156
2025-07-26 10:30:00+01:00,0.237,False,False,0.0,0.237
2025-07-26 11:00:00+01:00,0.228,False,False,0.0,0.228
2025-07-26 11:30:00+01:00,2.009,False,False,0.0,2.009
2025-07-26 12:00:00+01:00,0.236,False,False,0.0,0.236
2025-07-26 12:30:00+01:00,0.252,False,False,0.0,0.252
2025-07-26 13:00:00+01:00,0.314,False,False,0.0,0.314
2025-07-26 13:30:00+01:00,2.265,False,False,0.0,2.265
2025-07-26 14:00:00+01:00,0.244,False,False,0.0,0.244
2025-07-26 14:30:00+01:00,1.45,False,False,0.0,1.45
2025-07-26 15:00:00+01:00,0.121,False,False,0.0,0.121
2025-07-26 15:30:00+01:00,2.842,False,True,2.543,0.29899999999999993
2025-07-26 16:00:00+01:00,2.674,False,True,2.189,0.4849999999999999
2025-07-26 16:30:00+01:00,4.034,False,True,3.666,0.3679999999999999
2025-07-26 17:00:00+01:00,0.56,False,False,0.0,0.56
2025-07-26 17:30:00+01:00,0.556,False,False,0.0,0.556
2025-07-26 18:00:00+01:00,2.113,False,False,0.0,2.113
2025-07-26 18:30:00+01:00,0.357,False,False,0.0,0.357
2025-07-26 19:00:00+01:00,0.336,False,False,0.0,0.336
2025-07-26 19:30:00+01:00,0.34,False,False,0.0,0.34
2025-07-26 20:00:00+01:00,0.18,False,False,0.0,0.18
2025-07-26 20:30:00+01:00,0.163,False,False,0.0,0.163
2025-07-26 21:00:00+01:00,0.559,False,False,0.0,0.559
2025-07-26 21:30:00+01:00,0.227,False,False,0.0,0.227
2025-07-26 22:00:00+01:00,3.852,False,True,3.6839999999999997,0.16800000000000015
2025-07-26 22:30:00+01:00,0.204,False,False,0.0,0.204
2025-07-26 23:00:00+01:00,0.152,True,False,0.0,0.152
2025-07-26 23:30:00+01:00,0.121,True,False,0.0,0.121
2025-07-27 00:00:00+01:00,0.106,True,False,0.0,0.106
2025-07-27 00:30:00+01:00,0.123,True,False,0.0,0.123
2025-07-27 01:00:00+01:00,0.095,True,False,0.0,0.095
2025-07-27 01:30:00+01:00,0.102,True,False,0.0,0.102
2025-07-27 02:00:00+01:00,0.101,True,False,0.0,0.101
2025-07-27 02:30:00+01:00,3.79,True,True,3.712,0.07799999999999985
2025-07-27 03:00:00+01:00,0.093,True,False,0.0,0.093
2025-07-27 03:30:00+01:00,3.803,True,True,3.7279999999999998,0.07500000000000018
2025-07-27 04:00:00+01:00,3.852,True,True,3.778,0.07399999999999984
2025-07-27 04:30:00+01:00,3.623,True,True,3.5500000000000003,0.07299999999999995
2025-07-27 05:00:00+01:00,3.823,False,True,3.75,0.07299999999999995
2025-07-27 05:30:00+01:00,3.851,False,True,3.775,0.07600000000000007
2025-07-27 06:00:00+01:00,3.846,False,True,3.763,0.08300000000000018
2025-07-27 06:30:00+01:00,3.847,False,True,3.7439999999999998,0.1030000000000002
2025-07-27 07:00:00+01:00,4.047,False,True,3.8189999999999995,0.2280000000000002
2025-07-27 07:30:00+01:00,3.857,False,True,3.3630000000000004,0.4939999999999998
2025-07-27 08:00:00+01:00,0.731,False,False,0.0,0.731
2025-07-27 08:30:00+01:00,0.408,False,False,0.0,0.408
2025-07-27 09:00:00+01:00,0.23,False,False,0.0,0.23
2025-07-27 09:30:00+01:00,0.544,False,False,0.0,0.544
2025-07-27 10:00:00+01:00,0.258,False,False,0.0,0.258
2025-07-27 10:30:00+01:00,0.169,False,False,0.0,0.169
2025-07-27 11:00:00+01:00,0.677,False,False,0.0,0.677
2025-07-27 11:30:00+01:00,0.537,False,False,0.0,0.537
2025-07-27 12:00:00+01:00,0.215,False,False,0.0,0.215
2025-07-27 12:30:00+01:00,0.267,False,False,0.0,0.267
2025-07-27 13:00:00+01:00,0.269,False,False,0.0,0.269
2025-07-27 13:30:00+01:00,0.178,False,False,0.0,0.178
2025-07-27 14:00:00+01:00,0.173,False,False,0.0,0.173
2025-07-27 14:30:00+01:00,0.173,False,False,0.0,0.173
2025-07-27 15:00:00+01:00,0.202,False,False,0.0,0.202
2025-07-27 15:30:00+01:00,0.253,False,False,0.0,0.253
2025-07-27 16:00:00+01:00,0.742,False,False,0.0,0.742
2025-07-27 16:30:00+01:00,0.344,False,False,0.0,0.344
2025-07-27 17:00:00+01:00,0.272,False,False,0.0,0.272
2025-07-27 17:30:00+01:00,0.399,False,False,0.0,0.399
2025-07-27 18:00:00+01:00,0.457,False,False,0.0,0.457
2025-07-27 18:30:00+01:00,0.383,False,False,0.0,0.383
2025-07-27 19:00:00+01:00,0.363,False,False,0.0,0.363
2025-07-27 19:30:00+01:00,0.415,False,False,0.0,0.415
2025-07-27 20:00:00+01:00,0.259,False,False,0.0,0.259
2025-07-27 20:30:00+01:00,0.517,False,False,0.0,0.517
2025-07-27 21:00:00+01:00,0.307,False,False,0.0,0.307
2025-07-27 21:30:00+01:00,0.308,False,False,0.0,0.308
2025-07-27 22:00:00+01:00,0.298,False,False,0.0,0.298
2025-07-27 22:30:00+01:00,0.277,False,False,0.0,0.277
2025-07-27 23:00:00+01:00,0.252,True,False,0.0,0.252
2025-07-27 23:30:00+01:00,0.136,True,False,0.0,0.136
2025-07-28 00:00:00+01:00,0.102,True,False,0.0,0.102
2025-07-28 00:30:00+01:00,0.102,True,False,0.0,0.102
2025-07-28 01:00:00+01:00,0.101,True,False,0.0,0.101
2025-07-28 01:30:00+01:00,0.102,True,False,0.0,0.102
2025-07-28 02:00:00+01:00,0.114,True,False,0.0,0.114
2025-07-28 02:30:00+01:00,0.105,True,False,0.0,0.105
2025-07-28 03:00:00+01:00,0.085,True,False,0.0,0.085
2025-07-28 03:30:00+01:00,0.091,True,False,0.0,0.091
2025-07-28 04:00:00+01:00,0.089,True,False,0.0,0.089
2025-07-28 04:30:00+01:00,0.089,True,False,0.0,0.089
2025-07-28 05:00:00+01:00,0.09,False,False,0.0,0.09
2025-07-28 05:30:00+01:00,0.093,False,False,0.0,0.093
2025-07-28 06:00:00+01:00,0.099,False,False,0.0,0.099
2025-07-28 06:30:00+01:00,0.097,False,False,0.0,0.097
2025-07-28 07:00:00+01:00,0.32,False,False,0.0,0.32
2025-07-28 07:30:00+01:00,0.454,False,False,0.0,0.454
2025-07-28 08:00:00+01:00,0.376,False,False,0.0,0.376
2025-07-28 08:30:00+01:00,0.335,False,False,0.0,0.335
2025-07-28 09:00:00+01:00,0.26,False,False,0.0,0.26
2025-07-28 09:30:00+01:00,0.226,False,False,0.0,0.226
2025-07-28 10:00:00+01:00,0.32,False,False,0.0,0.32
2025-07-28 10:30:00+01:00,0.23,False,False,0.0,0.23
2025-07-28 11:00:00+01:00,0.22,False,False,0.0,0.22
2025-07-28 11:30:00+01:00,0.225,False,False,0.0,0.225
2025-07-28 12:00:00+01:00,0.275,False,False,0.0,0.275
2025-07-28 12:30:00+01:00,0.261,False,False,0.0,0.261
2025-07-28 13:00:00+01:00,0.254,False,False,0.0,0.254
2025-07-28 13:30:00+01:00,0.25,False,False,0.0,0.25
2025-07-28 14:00:00+01:00,0.177,False,False,0.0,0.177
2025-07-28 14:30:00+01:00,0.266,False,False,0.0,0.266
2025-07-28 15:00:00+01:00,0.222,False,False,0.0,0.222
2025-07-28 15:30:00+01:00,0.441,False,False,0.0,0.441
2025-07-28 16:00:00+01:00,0.764,False,False,0.0,0.764
2025-07-28 16:30:00+01:00,0.537,False,False,0.0,0.537
2025-07-28 17:00:00+01:00,0.323,False,False,0.0,0.323
2025-07-28 17:30:00+01:00,0.713,False,False,0.0,0.713
2025-07-28 18:00:00+01:00,0.638,False,False,0.0,0.638
2025-07-28 18:30:00+01:00,0.999,False,False,0.0,0.999
2025-07-28 19:00:00+01:00,0.549,False,False,0.0,0.549
2025-07-28 19:30:00+01:00,0.288,False,False,0.0,0.288
2025-07-28 20:00:00+01:00,0.216,False,False,0.0,0.216
2025-07-28 20:30:00+01:00,0.324,False,False,0.0,0.324
2025-07-28 21:00:00+01:00,0.509,False,False,0.0,0.509
2025-07-28 21:30:00+01:00,0.345,False,False,0.0,0.345
2025-07-28 22:00:00+01:00,0.142,False,False,0.0,0.142
2025-07-28 22:30:00+01:00,0.467,False,False,0.0,0.467
2025-07-28 23:00:00+01:00,0.137,True,False,0.0,0.137
2025-07-28 23:30:00+01:00,0.122,True,False,0.0,0.122
2025-07-29 00:00:00+01:00,0.101,True,False,0.0,0.101
2025-07-29 00:30:00+01:00,0.102,True,False,0.0,0.102
2025-07-29 01:00:00+01:00,0.102,True,False,0.0,0.102
2025-07-29 01:30:00+01:00,0.102,True,False,0.0,0.102
2025-07-29 02:00:00+01:00,0.102,True,False,0.0,0.102
2025-07-29 02:30:00+01:00,0.093,True,False,0.0,0.093
2025-07-29 03:00:00+01:00,0.106,True,False,0.0,0.106
2025-07-29 03:30:00+01:00,0.082,True,False,0.0,0.082
2025-07-29 04:00:00+01:00,0.09,True,False,0.0,0.09
2025-07-29 04:30:00+01:00,0.09,True,False,0.0,0.09
2025-07-29 05:00:00+01:00,0.089,False,False,0.0,0.089
2025-07-29 05:30:00+01:00,0.094,False,False,0.0,0.094
2025-07-29 06:00:00+01:00,0.101,False,False,0.0,0.101
2025-07-29 06:30:00+01:00,0.109,False,False,0.0,0.109
2025-07-29 07:00:00+01:00,0.22,False,False,0.0,0.22
2025-07-29 07:30:00+01:00,0.427,False,False,0.0,0.427
2025-07-29 08:00:00+01:00,0.291,False,False,0.0,0.291
2025-07-29 08:30:00+01:00,0.302,False,False,0.0,0.302
2025-07-29 09:00:00+01:00,0.414,False,False,0.0,0.414
2025-07-29 09:30:00+01:00,0.317,False,False,0.0,0.317
2025-07-29 10:00:00+01:00,0.329,False,False,0.0,0.329
2025-07-29 10:30:00+01:00,0.253,False,False,0.0,0.253
2025-07-29 11:00:00+01:00,0.292,False,False,0.0,0.292
2025-07-29 11:30:00+01:00,0.327,False,False,0.0,0.327
2025-07-29 12:00:00+01:00,0.303,False,False,0.0,0.303
2025-07-29 12:30:00+01:00,0.218,False,False,0.0,0.218
2025-07-29 13:00:00+01:00,0.206,False,False,0.0,0.206
2025-07-29 13:30:00+01:00,0.226,False,False,0.0,0.226
2025-07-29 14:00:00+01:00,0.312,False,False,0.0,0.312
2025-07-29 14:30:00+01:00,0.267,False,False,0.0,0.267
2025-07-29 15:00:00+01:00,0.208,False,False,0.0,0.208
2025-07-29 15:30:00+01:00,0.148,False,False,0.0,0.148
2025-07-29 16:00:00+01:00,0.148,False,False,0.0,0.148
2025-07-29 16:30:00+01:00,0.168,False,False,0.0,0.168
2025-07-29 17:00:00+01:00,0.256,False,False,0.0,0.256
2025-07-29 17:30:00+01:00,0.309,False,False,0.0,0.309
2025-07-29 18:00:00+01:00,0.597,False,False,0.0,0.597
2025-07-29 18:30:00+01:00,0.254,False,False,0.0,0.254
2025-07-29 19:00:00+01:00,0.236,False,False,0.0,0.236
2025-07-29 19:30:00+01:00,0.201,False,False,0.0,0.201
2025-07-29 20:00:00+01:00,0.445,False,False,0.0,0.445
2025-07-29 20:30:00+01:00,0.31,False,False,0.0,0.31
2025-07-29 21:00:00+01:00,0.326,False,False,0.0,0.326
2025-07-29 21:30:00+01:00,0.325,False,False,0.0,0.325
2025-07-29 22:00:00+01:00,0.211,False,False,0.0,0.211
2025-07-29 22:30:00+01:00,0.106,False,False,0.0,0.106
2025-07-29 23:00:00+01:00,0.104,True,False,0.0,0.104
2025-07-29 23:30:00+01:00,0.101,True,False,0.0,0.101
2025-07-30 00:00:00+01:00,0.098,True,False,0.0,0.098
2025-07-30 00:30:00+01:00,0.098,True,False,0.0,0.098
2025-07-30 01:00:00+01:00,0.1,True,False,0.0,0.1
2025-07-30 01:30:00+01:00,0.089,True,False,0.0,0.089
2025-07-30 02:00:00+01:00,0.099,True,False,0.0,0.099
2025-07-30 02:30:00+01:00,0.09,True,False,0.0,0.09
2025-07-30 03:00:00+01:00,0.087,True,False,0.0,0.087
2025-07-30 03:30:00+01:00,0.087,True,False,0.0,0.087
2025-07-30 04:00:00+01:00,0.087,True,False,0.0,0.087
2025-07-30 04:30:00+01:00,0.084,True,False,0.0,0.084
2025-07-30 05:00:00+01:00,0.082,False,False,0.0,0.082
2025-07-30 05:30:00+01:00,0.091,False,False,0.0,0.091
2025-07-30 06:00:00+01:00,0.098,False,False,0.0,0.098
2025-07-30 06:30:00+01:00,0.1,False,False,0.0,0.1
2025-07-30 07:00:00+01:00,0.164,False,False,0.0,0.164
2025-07-30 07:30:00+01:00,0.443,False,False,0.0,0.443
2025-07-30 08:00:00+01:00,0.327,False,False,0.0,0.327
2025-07-30 08:30:00+01:00,0.312,False,False,0.0,0.312
2025-07-30 09:00:00+01:00,0.322,False,False,0.0,0.322
2025-07-30 09:30:00+01:00,0.263,False,False,0.0,0.263
2025-07-30 10:00:00+01:00,0.301,False,False,0.0,0.301
2025-07-30 10:30:00+01:00,0.294,False,False,0.0,0.294
2025-07-30 11:00:00+01:00,0.24,False,False,0.0,0.24
2025-07-30 11:30:00+01:00,0.265,False,False,0.0,0.265
2025-07-30 12:00:00+01:00,0.206,False,False,0.0,0.206
2025-07-30 12:30:00+01:00,0.204,False,False,0.0,0.204
2025-07-30 13:00:00+01:00,0.21,False,False,0.0,0.21
2025-07-30 13:30:00+01:00,0.215,False,False,0.0,0.215
2025-07-30 14:00:00+01:00,0.241,False,False,0.0,0.241
2025-07-30 14:30:00+01:00,0.561,False,False,0.0,0.561
2025-07-30 15:00:00+01:00,0.625,False,False,0.0,0.625
2025-07-30 15:30:00+01:00,0.412,False,False,0.0,0.412
2025-07-30 16:00:00+01:00,0.878,False,False,0.0,0.878
2025-07-30 16:30:00+01:00,0.648,False,False,0.0,0.648
2025-07-30 17:00:00+01:00,0.358,False,False,0.0,0.358
2025-07-30 17:30:00+01:00,0.319,False,False,0.0,0.319
2025-07-30 18:00:00+01:00,0.831,False,False,0.0,0.831
2025-07-30 18:30:00+01:00,1.211,False,False,0.0,1.211
2025-07-30 19:00:00+01:00,0.42,False,False,0.0,0.42
2025-07-30 19:30:00+01:00,0.568,False,False,0.0,0.568
2025-07-30 20:00:00+01:00,0.206,False,False,0.0,0.206
2025-07-30 20:30:00+01:00,0.281,False,False,0.0,0.281
2025-07-30 21:00:00+01:00,0.255,False,False,0.0,0.255
2025-07-30 21:30:00+01:00,0.359,False,False,0.0,0.359
2025-07-30 22:00:00+01:00,0.18,False,False,0.0,0.18
2025-07-30 22:30:00+01:00,0.127,False,False,0.0,0.127
2025-07-30 23:00:00+01:00,0.098,True,False,0.0,0.098
2025-07-30 23:30:00+01:00,0.117,True,False,0.0,0.117
2025-07-31 00:00:00+01:00,0.116,True,False,0.0,0.116
2025-07-31 00:30:00+01:00,0.093,True,False,0.0,0.093
2025-07-31 01:00:00+01:00,0.092,True,False,0.0,0.092
2025-07-31 01:30:00+01:00,0.098,True,False,0.0,0.098
2025-07-31 02:00:00+01:00,0.105,True,False,0.0,0.105
2025-07-31 02:30:00+01:00,0.097,True,False,0.0,0.097
2025-07-31 03:00:00+01:00,0.103,True,False,0.0,0.103
2025-07-31 03:30:00+01:00,0.113,True,False,0.0,0.113
2025-07-31 04:00:00+01:00,0.085,True,False,0.0,0.085
2025-07-31 04:30:00+01:00,0.093,True,False,0.0,0.093
2025-07-31 05:00:00+01:00,0.093,False,False,0.0,0.093
2025-07-31 05:30:00+01:00,0.096,False,False,0.0,0.096
2025-07-31 06:00:00+01:00,0.104,False,False,0.0,0.104
2025-07-31 06:30:00+01:00,0.105,False,False,0.0,0.105
2025-07-31 07:00:00+01:00,0.235,False,False,0.0,0.235
2025-07-31 07:30:00+01:00,0.29,False,False,0.0,0.29
2025-07-31 08:00:00+01:00,0.791,False,False,0.0,0.791
2025-07-31 08:30:00+01:00,0.441,False,False,0.0,0.441
2025-07-31 09:00:00+01:00,0.409,False,False,0.0,0.409
2025-07-31 09:30:00+01:00,0.253,False,False,0.0,0.253
2025-07-31 10:00:00+01:00,0.357,False,False,0.0,0.357
2025-07-31 10:30:00+01:00,0.241,False,False,0.0,0.241
2025-07-31 11:00:00+01:00,0.172,False,False,0.0,0.172
2025-07-31 11:30:00+01:00,0.297,False,False,0.0,0.297
2025-07-31 12:00:00+01:00,0.386,False,False,0.0,0.386
2025-07-31 12:30:00+01:00,0.416,False,False,0.0,0.416
2025-07-31 13:00:00+01:00,0.372,False,False,0.0,0.372
2025-07-31 13:30:00+01:00,0.286,False,False,0.0,0.286
2025-07-31 14:00:00+01:00,0.305,False,False,0.0,0.305
2025-07-31 14:30:00+01:00,0.219,False,False,0.0,0.219
2025-07-31 15:00:00+01:00,0.314,False,False,0.0,0.314
2025-07-31 15:30:00+01:00,0.252,False,False,0.0,0.252
2025-07-31 16:00:00+01:00,0.891,False,False,0.0,0.891
2025-07-31 16:30:00+01:00,0.77,False,False,0.0,0.77
2025-07-31 17:00:00+01:00,0.309,False,False,0.0,0.309
2025-07-31 17:30:00+01:00,0.32,False,False,0.0,0.32
2025-07-31 18:00:00+01:00,0.383,False,False,0.0,0.383
2025-07-31 18:30:00+01:00,0.46,False,False,0.0,0.46
2025-07-31 19:00:00+01:00,0.347,False,False,0.0,0.347
2025-07-31 19:30:00+01:00,0.415,False,False,0.0,0.415
2025-07-31 20:00:00+01:00,0.333,False,False,0.0,0.333
2025-07-31 20:30:00+01:00,0.323,False,False,0.0,0.323
2025-07-31 21:00:00+01:00,0.253,False,False,0.0,0.253
2025-07-31 21:30:00+01:00,0.212,False,False,0.0,0.212
2025-07-31 22:00:00+01:00,0.21,False,False,0.0,0.21
2025-07-31 22:30:00+01:00,0.209,False,False,0.0,0.209
2025-07-31 23:00:00+01:00,0.203,True,False,0.0,0.203
2025-07-31 23:30:00+01:00,0.201,True,False,0.0,0.201
2025-08-01 00:00:00+01:00,0.147,True,False,0.0,0.147
2025-08-01 00:30:00+01:00,0.103,True,False,0.0,0.103
2025-08-01 01:00:00+01:00,0.113,True,False,0.0,0.113
2025-08-01 01:30:00+01:00,0.108,True,False,0.0,0.108
2025-08-01 02:00:00+01:00,0.109,True,False,0.0,0.109
2025-08-01 02:30:00+01:00,0.102,True,False,0.0,0.102
2025-08-01 03:00:00+01:00,0.102,True,False,0.0,0.102
2025-08-01 03:30:00+01:00,0.09,True,False,0.0,0.09
2025-08-01 04:00:00+01:00,0.088,True,False,0.0,0.088
2025-08-01 04:30:00+01:00,0.092,True,False,0.0,0.092
2025-08-01 05:00:00+01:00,0.091,False,False,0.0,0.091
2025-08-01 05:30:00+01:00,0.09,False,False,0.0,0.09
2025-08-01 06:00:00+01:00,0.099,False,False,0.0,0.099
2025-08-01 06:30:00+01:00,0.104,False,False,0.0,0.104
2025-08-01 07:00:00+01:00,0.443,False,False,0.0,0.443
2025-08-01 07:30:00+01:00,0.497,False,False,0.0,0.497
2025-08-01 08:00:00+01:00,0.775,False,False,0.0,0.775
2025-08-01 08:30:00+01:00,0.318,False,False,0.0,0.318
2025-08-01 09:00:00+01:00,0.265,False,False,0.0,0.265
2025-08-01 09:30:00+01:00,0.304,False,False,0.0,0.304
2025-08-01 10:00:00+01:00,0.528,False,False,0.0,0.528
2025-08-01 10:30:00+01:00,0.276,False,False,0.0,0.276
2025-08-01 11:00:00+01:00,0.28,False,False,0.0,0.28
2025-08-01 11:30:00+01:00,0.216,False,False,0.0,0.216
2025-08-01 12:00:00+01:00,0.301,False,False,0.0,0.301
2025-08-01 12:30:00+01:00,0.277,False,False,0.0,0.277
2025-08-01 13:00:00+01:00,0.285,False,False,0.0,0.285
2025-08-01 13:30:00+01:00,0.279,False,False,0.0,0.279
2025-08-01 14:00:00+01:00,0.294,False,False,0.0,0.294
2025-08-01 14:30:00+01:00,0.271,False,False,0.0,0.271
2025-08-01 15:00:00+01:00,0.321,False,False,0.0,0.321
2025-08-01 15:30:00+01:00,0.306,False,False,0.0,0.306
2025-08-01 16:00:00+01:00,0.256,False,False,0.0,0.256
2025-08-01 16:30:00+01:00,0.293,False,False,0.0,0.293
2025-08-01 17:00:00+01:00,0.338,False,False,0.0,0.338
2025-08-01 17:30:00+01:00,0.284,False,False,0.0,0.284
2025-08-01 18:00:00+01:00,0.256,False,False,0.0,0.256
2025-08-01 18:30:00+01:00,0.27,False,False,0.0,0.27
2025-08-01 19:00:00+01:00,0.363,False,False,0.0,0.363
2025-08-01 19:30:00+01:00,0.622,False,False,0.0,0.622
2025-08-01 20:00:00+01:00,0.411,False,False,0.0,0.411
2025-08-01 20:30:00+01:00,0.253,False,False,0.0,0.253
2025-08-01 21:00:00+01:00,0.433,False,False,0.0,0.433
2025-08-01 21:30:00+01:00,0.304,False,False,0.0,0.304
2025-08-01 22:00:00+01:00,0.192,False,False,0.0,0.192
2025-08-01 22:30:00+01:00,0.227,False,False,0.0,0.227
2025-08-01 23:00:00+01:00,0.431,True,False,0.0,0.431
2025-08-01 23:30:00+01:00,0.152,True,False,0.0,0.152
2025-08-02 00:00:00+01:00,0.119,True,False,0.0,0.119
2025-08-02 00:30:00+01:00,0.116,True,False,0.0,0.116
2025-08-02 01:00:00+01:00,0.11,True,False,0.0,0.11
2025-08-02 01:30:00+01:00,0.111,True,False,0.0,0.111
2025-08-02 02:00:00+01:00,0.127,True,False,0.0,0.127
2025-08-02 02:30:00+01:00,0.116,True,False,0.0,0.116
2025-08-02 03:00:00+01:00,0.095,True,False,0.0,0.095
2025-08-02 03:30:00+01:00,0.099,True,False,0.0,0.099
2025-08-02 04:00:00+01:00,0.096,True,False,0.0,0.096
2025-08-02 04:30:00+01:00,0.097,True,False,0.0,0.097
2025-08-02 05:00:00+01:00,0.096,False,False,0.0,0.096
2025-08-02 05:30:00+01:00,0.099,False,False,0.0,0.099
2025-08-02 06:00:00+01:00,0.101,False,False,0.0,0.101
2025-08-02 06:30:00+01:00,0.109,False,False,0.0,0.109
2025-08-02 07:00:00+01:00,0.16,False,False,0.0,0.16
2025-08-02 07:30:00+01:00,0.362,False,False,0.0,0.362
2025-08-02 08:00:00+01:00,0.371,False,False,0.0,0.371
2025-08-02 08:30:00+01:00,0.299,False,False,0.0,0.299
2025-08-02 09:00:00+01:00,0.386,False,False,0.0,0.386
2025-08-02 09:30:00+01:00,0.276,False,False,0.0,0.276
2025-08-02 10:00:00+01:00,0.342,False,False,0.0,0.342
2025-08-02 10:30:00+01:00,0.489,False,False,0.0,0.489
2025-08-02 11:00:00+01:00,0.378,False,False,0.0,0.378
2025-08-02 11:30:00+01:00,0.375,False,False,0.0,0.375
2025-08-02 12:00:00+01:00,0.383,False,False,0.0,0.383
2025-08-02 12:30:00+01:00,0.451,False,False,0.0,0.451
2025-08-02 13:00:00+01:00,1.029,False,False,0.0,1.029
2025-08-02 13:30:00+01:00,0.436,False,False,0.0,0.436
2025-08-02 14:00:00+01:00,0.371,False,False,0.0,0.371
2025-08-02 14:30:00+01:00,0.328,False,False,0.0,0.328
2025-08-02 15:00:00+01:00,0.451,False,False,0.0,0.451
2025-08-02 15:30:00+01:00,0.46,False,False,0.0,0.46
2025-08-02 16:00:00+01:00,0.364,False,False,0.0,0.364
2025-08-02 16:30:00+01:00,0.328,False,False,0.0,0.328
2025-08-02 17:00:00+01:00,0.266,False,False,0.0,0.266
2025-08-02 17:30:00+01:00,0.733,False,False,0.0,0.733
2025-08-02 18:00:00+01:00,0.461,False,False,0.0,0.461
2025-08-02 18:30:00+01:00,1.113,False,False,0.0,1.113
2025-08-02 19:00:00+01:00,0.598,False,False,0.0,0.598
2025-08-02 19:30:00+01:00,0.689,False,False,0.0,0.689
2025-08-02 20:00:00+01:00,0.269,False,False,0.0,0.269
2025-08-02 20:30:00+01:00,0.213,False,False,0.0,0.213
2025-08-02 21:00:00+01:00,0.181,False,False,0.0,0.181
2025-08-02 21:30:00+01:00,0.183,False,False,0.0,0.183
2025-08-02 22:00:00+01:00,0.11,False,False,0.0,0.11
2025-08-02 22:30:00+01:00,0.113,False,False,0.0,0.113
2025-08-02 23:00:00+01:00,0.117,True,False,0.0,0.117
2025-08-02 23:30:00+01:00,0.099,True,False,0.0,0.099
2025-08-03 00:00:00+01:00,0.104,True,False,0.0,0.104
2025-08-03 00:30:00+01:00,0.103,True,False,0.0,0.103
2025-08-03 01:00:00+01:00,0.103,True,False,0.0,0.103
2025-08-03 01:30:00+01:00,0.103,True,False,0.0,0.103
2025-08-03 02:00:00+01:00,0.103,True,False,0.0,0.103
2025-08-03 02:30:00+01:00,0.109,True,False,0.0,0.109
2025-08-03 03:00:00+01:00,0.083,True,False,0.0,0.083
2025-08-03 03:30:00+01:00,0.094,True,False,0.0,0.094
2025-08-03 04:00:00+01:00,0.092,True,False,0.0,0.092
2025-08-03 04:30:00+01:00,0.092,True,False,0.0,0.092
2025-08-03 05:00:00+01:00,0.082,False,False,0.0,0.082
2025-08-03 05:30:00+01:00,0.097,False,False,0.0,0.097
2025-08-03 06:00:00+01:00,0.105,False,False,0.0,0.105
2025-08-03 06:30:00+01:00,0.105,False,False,0.0,0.105
2025-08-03 07:00:00+01:00,0.251,False,False,0.0,0.251
2025-08-03 07:30:00+01:00,0.518,False,False,0.0,0.518
2025-08-03 08:00:00+01:00,0.702,False,False,0.0,0.702
2025-08-03 08:30:00+01:00,0.256,False,False,0.0,0.256
2025-08-03 09:00:00+01:00,0.447,False,False,0.0,0.447
2025-08-03 09:30:00+01:00,0.366,False,False,0.0,0.366
2025-08-03 10:00:00+01:00,0.157,False,False,0.0,0.157
2025-08-03 10:30:00+01:00,0.15,False,False,0.0,0.15
2025-08-03 11:00:00+01:00,0.147,False,False,0.0,0.147
2025-08-03 11:30:00+01:00,0.146,False,False,0.0,0.146
2025-08-03 12:00:00+01:00,1.412,False,False,0.0,1.412
2025-08-03 12:30:00+01:00,1.161,False,False,0.0,1.161
2025-08-03 13:00:00+01:00,0.308,False,False,0.0,0.308
2025-08-03 13:30:00+01:00,3.033,False,True,2.8045,0.22849999999999993
2025-08-03 14:00:00+01:00,2.34,False,True,2.1239999999999997,0.2160000000000002
2025-08-03 14:30:00+01:00,3.695,False,True,3.476,0.21899999999999986
2025-08-03 15:00:00+01:00,3.966,False,True,3.7470000000000003,0.21899999999999986
2025-08-03 15:30:00+01:00,2.517,False,True,2.218,0.29899999999999993
2025-08-03 16:00:00+01:00,0.086,False,False,0.0,0.086
2025-08-03 16:30:00+01:00,0.117,False,False,0.0,0.117
2025-08-03 17:00:00+01:00,0.086,False,False,0.0,0.086
2025-08-03 17:30:00+01:00,0.097,False,False,0.0,0.097
2025-08-03 18:00:00+01:00,0.166,False,False,0.0,0.166
2025-08-03 18:30:00+01:00,0.957,False,False,0.0,0.957
2025-08-03 19:00:00+01:00,0.315,False,False,0.0,0.315
2025-08-03 19:30:00+01:00,0.304,False,False,0.0,0.304
2025-08-03 20:00:00+01:00,0.289,False,False,0.0,0.289
2025-08-03 20:30:00+01:00,0.293,False,False,0.0,0.293
2025-08-03 21:00:00+01:00,0.291,False,False,0.0,0.291
2025-08-03 21:30:00+01:00,0.291,False,False,0.0,0.291
2025-08-03 22:00:00+01:00,0.242,False,False,0.0,0.242
2025-08-03 22:30:00+01:00,0.174,False,False,0.0,0.174
2025-08-03 23:00:00+01:00,0.168,True,False,0.0,0.168
2025-08-03 23:30:00+01:00,0.109,True,False,0.0,0.109
2025-08-04 00:00:00+01:00,0.113,True,False,0.0,0.113
2025-08-04 00:30:00+01:00,0.108,True,False,0.0,0.108
2025-08-04 01:00:00+01:00,0.106,True,False,0.0,0.106
2025-08-04 01:30:00+01:00,0.103,True,False,0.0,0.103
2025-08-04 02:00:00+01:00,0.102,True,False,0.0,0.102
2025-08-04 02:30:00+01:00,0.105,True,False,0.0,0.105
2025-08-04 03:00:00+01:00,0.08,True,False,0.0,0.08
2025-08-04 03:30:00+01:00,0.093,True,False,0.0,0.093
2025-08-04 04:00:00+01:00,0.092,True,False,0.0,0.092
2025-08-04 04:30:00+01:00,0.091,True,False,0.0,0.091
2025-08-04 05:00:00+01:00,0.09,False,False,0.0,0.09
2025-08-04 05:30:00+01:00,0.095,False,False,0.0,0.095
2025-08-04 06:00:00+01:00,0.105,False,False,0.0,0.105
2025-08-04 06:30:00+01:00,0.095,False,False,0.0,0.095
2025-08-04 07:00:00+01:00,0.129,False,False,0.0,0.129
2025-08-04 07:30:00+01:00,0.428,False,False,0.0,0.428
2025-08-04 08:00:00+01:00,0.591,False,False,0.0,0.591
2025-08-04 08:30:00+01:00,0.681,False,False,0.0,0.681
2025-08-04 09:00:00+01:00,0.747,False,False,0.0,0.747
2025-08-04 09:30:00+01:00,0.328,False,False,0.0,0.328
2025-08-04 10:00:00+01:00,0.429,False,False,0.0,0.429
2025-08-04 10:30:00+01:00,0.211,False,False,0.0,0.211
2025-08-04 11:00:00+01:00,0.171,False,False,0.0,0.171
2025-08-04 11:30:00+01:00,0.26,False,False,0.0,0.26
2025-08-04 12:00:00+01:00,0.818,False,False,0.0,0.818
2025-08-04 12:30:00+01:00,0.552,False,False,0.0,0.552
2025-08-04 13:00:00+01:00,0.539,False,False,0.0,0.539
2025-08-04 13:30:00+01:00,0.446,False,False,0.0,0.446
2025-08-04 14:00:00+01:00,0.221,False,False,0.0,0.221
2025-08-04 14:30:00+01:00,0.228,False,False,0.0,0.228
2025-08-04 15:00:00+01:00,0.294,False,False,0.0,0.294
2025-08-04 15:30:00+01:00,0.31,False,False,0.0,0.31
2025-08-04 16:00:00+01:00,1.077,False,False,0.0,1.077
2025-08-04 16:30:00+01:00,0.86,False,False,0.0,0.86
2025-08-04 17:00:00+01:00,0.358,False,False,0.0,0.358
2025-08-04 17:30:00+01:00,0.435,False,False,0.0,0.435
2025-08-04 18:00:00+01:00,0.398,False,False,0.0,0.398
2025-08-04 18:30:00+01:00,0.422,False,False,0.0,0.422
2025-08-04 19:00:00+01:00,0.344,False,False,0.0,0.344
2025-08-04 19:30:00+01:00,0.402,False,False,0.0,0.402
2025-08-04 20:00:00+01:00,0.339,False,False,0.0,0.339
2025-08-04 20:30:00+01:00,0.379,False,False,0.0,0.379
2025-08-04 21:00:00+01:00,0.414,False,False,0.0,0.414
2025-08-04 21:30:00+01:00,0.384,False,False,0.0,0.384
2025-08-04 22:00:00+01:00,0.257,False,False,0.0,0.257
2025-08-04 22:30:00+01:00,0.106,False,False,0.0,0.106
2025-08-04 23:00:00+01:00,0.124,True,False,0.0,0.124
2025-08-04 23:30:00+01:00,0.095,True,False,0.0,0.095
2025-08-05 00:00:00+01:00,0.101,True,False,0.0,0.101
2025-08-05 00:30:00+01:00,0.099,True,False,0.0,0.099
2025-08-05 01:00:00+01:00,0.098,True,False,0.0,0.098
2025-08-05 01:30:00+01:00,0.099,True,False,0.0,0.099
2025-08-05 02:00:00+01:00,0.099,True,False,0.0,0.099
2025-08-05 02:30:00+01:00,0.093,True,False,0.0,0.093
2025-08-05 03:00:00+01:00,0.081,True,False,0.0,0.081
2025-08-05 03:30:00+01:00,0.09,True,False,0.0,0.09
2025-08-05 04:00:00+01:00,0.088,True,False,0.0,0.088
2025-08-05 04:30:00+01:00,0.141,True,False,0.0,0.141
2025-08-05 05:00:00+01:00,0.089,False,False,0.0,0.089
2025-08-05 05:30:00+01:00,0.094,False,False,0.0,0.094
2025-08-05 06:00:00+01:00,0.102,False,False,0.0,0.102
2025-08-05 06:30:00+01:00,0.101,False,False,0.0,0.101
2025-08-05 07:00:00+01:00,0.249,False,False,0.0,0.249
2025-08-05 07:30:00+01:00,0.316,False,False,0.0,0.316
2025-08-05 08:00:00+01:00,0.843,False,False,0.0,0.843
2025-08-05 08:30:00+01:00,0.393,False,False,0.0,0.393
2025-08-05 09:00:00+01:00,0.316,False,False,0.0,0.316
2025-08-05 09:30:00+01:00,0.347,False,False,0.0,0.347
2025-08-05 10:00:00+01:00,1.07,False,False,0.0,1.07
2025-08-05 10:30:00+01:00,0.399,False,False,0.0,0.399
2025-08-05 11:00:00+01:00,0.351,False,False,0.0,0.351
2025-08-05 11:30:00+01:00,0.563,False,False,0.0,0.563
2025-08-05 12:00:00+01:00,0.36,False,False,0.0,0.36
2025-08-05 12:30:00+01:00,1.306,False,False,0.0,1.306
2025-08-05 13:00:00+01:00,0.419,False,False,0.0,0.419
2025-08-05 13:30:00+01:00,0.321,False,False,0.0,0.321
2025-08-05 14:00:00+01:00,0.386,False,False,0.0,0.386
2025-08-05 14:30:00+01:00,0.35,False,False,0.0,0.35
2025-08-05 15:00:00+01:00,0.352,False,False,0.0,0.352
2025-08-05 15:30:00+01:00,0.411,False,False,0.0,0.411
2025-08-05 16:00:00+01:00,0.375,False,False,0.0,0.375
2025-08-05 16:30:00+01:00,0.449,False,False,0.0,0.449
2025-08-05 17:00:00+01:00,0.403,False,False,0.0,0.403
2025-08-05 17:30:00+01:00,0.354,False,False,0.0,0.354
2025-08-05 18:00:00+01:00,0.44,False,False,0.0,0.44
2025-08-05 18:30:00+01:00,0.342,False,False,0.0,0.342
2025-08-05 19:00:00+01:00,0.377,False,False,0.0,0.377
2025-08-05 19:30:00+01:00,0.433,False,False,0.0,0.433
2025-08-05 20:00:00+01:00,0.354,False,False,0.0,0.354
2025-08-05 20:30:00+01:00,0.215,False,False,0.0,0.215
2025-08-05 21:00:00+01:00,0.238,False,False,0.0,0.238
2025-08-05 21:30:00+01:00,0.138,False,False,0.0,0.138
2025-08-05 22:00:00+01:00,0.124,False,False,0.0,0.124
2025-08-05 22:30:00+01:00,0.116,False,False,0.0,0.116
2025-08-05 23:00:00+01:00,0.128,True,False,0.0,0.128
2025-08-05 23:30:00+01:00,0.103,True,False,0.0,0.103
2025-08-06 00:00:00+01:00,0.109,True,False,0.0,0.109
2025-08-06 00:30:00+01:00,0.108,True,False,0.0,0.108
2025-08-06 01:00:00+01:00,0.107,True,False,0.0,0.107
2025-08-06 01:30:00+01:00,0.106,True,False,0.0,0.106
2025-08-06 02:00:00+01:00,0.108,True,False,0.0,0.108
2025-08-06 02:30:00+01:00,0.103,True,False,0.0,0.103
2025-08-06 03:00:00+01:00,0.09,True,False,0.0,0.09
2025-08-06 03:30:00+01:00,0.095,True,False,0.0,0.095
2025-08-06 04:00:00+01:00,0.087,True,False,0.0,0.087
2025-08-06 04:30:00+01:00,0.086,True,False,0.0,0.086
2025-08-06 05:00:00+01:00,0.086,False,False,0.0,0.086
2025-08-06 05:30:00+01:00,0.09,False,False,0.0,0.09
2025-08-06 06:00:00+01:00,0.101,False,False,0.0,0.101
2025-08-06 06:30:00+01:00,0.088,False,False,0.0,0.088
2025-08-06 07:00:00+01:00,0.225,False,False,0.0,0.225
2025-08-06 07:30:00+01:00,0.472,False,False,0.0,0.472
2025-08-06 08:00:00+01:00,0.729,False,False,0.0,0.729
2025-08-06 08:30:00+01:00,0.508,False,False,0.0,0.508
2025-08-06 09:00:00+01:00,0.619,False,False,0.0,0.619
2025-08-06 09:30:00+01:00,0.287,False,False,0.0,0.287
2025-08-06 10:00:00+01:00,0.364,False,False,0.0,0.364
2025-08-06 10:30:00+01:00,0.116,False,False,0.0,0.116
2025-08-06 11:00:00+01:00,0.143,False,False,0.0,0.143
2025-08-06 11:30:00+01:00,0.107,False,False,0.0,0.107
2025-08-06 12:00:00+01:00,0.102,False,False,0.0,0.102
2025-08-06 12:30:00+01:00,0.101,False,False,0.0,0.101
2025-08-06 13:00:00+01:00,0.101,False,False,0.0,0.101
2025-08-06 13:30:00+01:00,0.1,False,False,0.0,0.1
2025-08-06 14:00:00+01:00,0.106,False,False,0.0,0.106
2025-08-06 14:30:00+01:00,0.121,False,False,0.0,0.121
2025-08-06 15:00:00+01:00,0.095,False,False,0.0,0.095
2025-08-06 15:30:00+01:00,0.159,False,False,0.0,0.159
2025-08-06 16:00:00+01:00,0.827,False,False,0.0,0.827
2025-08-06 16:30:00+01:00,0.473,False,False,0.0,0.473
2025-08-06 17:00:00+01:00,0.288,False,False,0.0,0.288
2025-08-06 17:30:00+01:00,0.436,False,False,0.0,0.436
2025-08-06 18:00:00+01:00,1.193,False,False,0.0,1.193
2025-08-06 18:30:00+01:00,0.592,False,False,0.0,0.592
2025-08-06 19:00:00+01:00,0.21,False,False,0.0,0.21
2025-08-06 19:30:00+01:00,0.569,False,False,0.0,0.569
2025-08-06 20:00:00+01:00,0.511,False,False,0.0,0.511
2025-08-06 20:30:00+01:00,0.338,False,False,0.0,0.338
2025-08-06 21:00:00+01:00,0.692,False,False,0.0,0.692
2025-08-06 21:30:00+01:00,0.327,False,False,0.0,0.327
2025-08-06 22:00:00+01:00,0.303,False,False,0.0,0.303
2025-08-06 22:30:00+01:00,0.235,False,False,0.0,0.235
2025-08-06 23:00:00+01:00,0.082,True,False,0.0,0.082
2025-08-06 23:30:00+01:00,0.087,True,False,0.0,0.087
2025-08-07 00:00:00+01:00,0.086,True,False,0.0,0.086
2025-08-07 00:30:00+01:00,0.085,True,False,0.0,0.085
2025-08-07 01:00:00+01:00,0.097,True,False,0.0,0.097
2025-08-07 01:30:00+01:00,0.099,True,False,0.0,0.099
2025-08-07 02:00:00+01:00,0.111,True,False,0.0,0.111
2025-08-07 02:30:00+01:00,0.082,True,False,0.0,0.082
2025-08-07 03:00:00+01:00,0.089,True,False,0.0,0.089
2025-08-07 03:30:00+01:00,0.088,True,False,0.0,0.088
2025-08-07 04:00:00+01:00,0.087,True,False,0.0,0.087
2025-08-07 04:30:00+01:00,0.086,True,False,0.0,0.086
2025-08-07 05:00:00+01:00,0.088,False,False,0.0,0.088
2025-08-07 05:30:00+01:00,0.096,False,False,0.0,0.096
2025-08-07 06:00:00+01:00,0.091,False,False,0.0,0.091
2025-08-07 06:30:00+01:00,0.1,False,False,0.0,0.1
2025-08-07 07:00:00+01:00,0.427,False,False,0.0,0.427
2025-08-07 07:30:00+01:00,0.254,False,False,0.0,0.254
2025-08-07 08:00:00+01:00,0.502,False,False,0.0,0.502
2025-08-07 08:30:00+01:00,0.263,False,False,0.0,0.263
2025-08-07 09:00:00+01:00,0.389,False,False,0.0,0.389
2025-08-07 09:30:00+01:00,0.261,False,False,0.0,0.261
2025-08-07 10:00:00+01:00,0.28,False,False,0.0,0.28
2025-08-07 10:30:00+01:00,0.187,False,False,0.0,0.187
2025-08-07 11:00:00+01:00,0.217,False,False,0.0,0.217
2025-08-07 11:30:00+01:00,0.352,False,False,0.0,0.352
2025-08-07 12:00:00+01:00,0.409,False,False,0.0,0.409
2025-08-07 12:30:00+01:00,0.355,False,False,0.0,0.355
2025-08-07 13:00:00+01:00,0.354,False,False,0.0,0.354
2025-08-07 13:30:00+01:00,0.327,False,False,0.0,0.327
2025-08-07 14:00:00+01:00,0.329,False,False,0.0,0.329
2025-08-07 14:30:00+01:00,0.314,False,False,0.0,0.314
2025-08-07 15:00:00+01:00,0.357,False,False,0.0,0.357
2025-08-07 15:30:00+01:00,0.397,False,False,0.0,0.397
2025-08-07 16:00:00+01:00,0.485,False,False,0.0,0.485
2025-08-07 16:30:00+01:00,1.136,False,False,0.0,1.136
2025-08-07 17:00:00+01:00,0.547,False,False,0.0,0.547
2025-08-07 17:30:00+01:00,0.733,False,False,0.0,0.733
2025-08-07 18:00:00+01:00,0.51,False,False,0.0,0.51
2025-08-07 18:30:00+01:00,0.389,False,False,0.0,0.389
2025-08-07 19:00:00+01:00,0.35,False,False,0.0,0.35
2025-08-07 19:30:00+01:00,0.536,False,False,0.0,0.536
2025-08-07 20:00:00+01:00,0.346,False,False,0.0,0.346
2025-08-07 20:30:00+01:00,0.181,False,False,0.0,0.181
2025-08-07 21:00:00+01:00,0.167,False,False,0.0,0.167
2025-08-07 21:30:00+01:00,0.162,False,False,0.0,0.162
2025-08-07 22:00:00+01:00,0.119,False,False,0.0,0.119
2025-08-07 22:30:00+01:00,0.109,False,False,0.0,0.109
2025-08-07 23:00:00+01:00,0.109,True,False,0.0,0.109
2025-08-07 23:30:00+01:00,0.108,True,False,0.0,0.108
2025-08-08 00:00:00+01:00,0.107,True,False,0.0,0.107
2025-08-08 00:30:00+01:00,0.098,True,False,0.0,0.098
2025-08-08 01:00:00+01:00,0.102,True,False,0.0,0.102
2025-08-08 01:30:00+01:00,0.103,True,False,0.0,0.103
2025-08-08 02:00:00+01:00,0.103,True,False,0.0,0.103
2025-08-08 02:30:00+01:00,0.099,True,False,0.0,0.099
2025-08-08 03:00:00+01:00,0.093,True,False,0.0,0.093
2025-08-08 03:30:00+01:00,0.093,True,False,0.0,0.093
2025-08-08 04:00:00+01:00,0.086,True,False,0.0,0.086
2025-08-08 04:30:00+01:00,0.091,True,False,0.0,0.091
2025-08-08 05:00:00+01:00,0.091,False,False,0.0,0.091
2025-08-08 05:30:00+01:00,0.094,False,False,0.0,0.094
2025-08-08 06:00:00+01:00,0.102,False,False,0.0,0.102
2025-08-08 06:30:00+01:00,0.103,False,False,0.0,0.103
2025-08-08 07:00:00+01:00,0.287,False,False,0.0,0.287
2025-08-08 07:30:00+01:00,0.519,False,False,0.0,0.519
2025-08-08 08:00:00+01:00,0.395,False,False,0.0,0.395
2025-08-08 08:30:00+01:00,0.272,False,False,0.0,0.272
2025-08-08 09:00:00+01:00,0.34,False,False,0.0,0.34
2025-08-08 09:30:00+01:00,0.228,False,False,0.0,0.228
2025-08-08 10:00:00+01:00,0.197,False,False,0.0,0.197
2025-08-08 10:30:00+01:00,0.28,False,False,0.0,0.28
2025-08-08 11:00:00+01:00,0.346,False,False,0.0,0.346
2025-08-08 11:30:00+01:00,0.22,False,False,0.0,0.22
2025-08-08 12:00:00+01:00,0.186,False,False,0.0,0.186
2025-08-08 12:30:00+01:00,0.182,False,False,0.0,0.182
2025-08-08 13:00:00+01:00,0.49,False,False,0.0,0.49
2025-08-08 13:30:00+01:00,0.27,False,False,0.0,0.27
2025-08-08 14:00:00+01:00,0.188,False,False,0.0,0.188
2025-08-08 14:30:00+01:00,0.187,False,False,0.0,0.187
2025-08-08 15:00:00+01:00,0.236,False,False,0.0,0.236
2025-08-08 15:30:00+01:00,0.476,False,False,0.0,0.476
2025-08-08 16:00:00+01:00,1.028,False,False,0.0,1.028
2025-08-08 16:30:00+01:00,0.613,False,False,0.0,0.613
2025-08-08 17:00:00+01:00,0.388,False,False,0.0,0.388
2025-08-08 17:30:00+01:00,0.417,False,False,0.0,0.417
2025-08-08 18:00:00+01:00,0.312,False,False,0.0,0.312
2025-08-08 18:30:00+01:00,0.558,False,False,0.0,0.558
2025-08-08 19:00:00+01:00,0.275,False,False,0.0,0.275
2025-08-08 19:30:00+01:00,0.224,False,False,0.0,0.224
2025-08-08 20:00:00+01:00,3.037,False,False,0.0,3.037
2025-08-08 20:30:00+01:00,1.347,False,False,0.0,1.347
2025-08-08 21:00:00+01:00,0.122,False,False,0.0,0.122
2025-08-08 21:30:00+01:00,0.126,False,False,0.0,0.126
2025-08-08 22:00:00+01:00,0.122,False,False,0.0,0.122
2025-08-08 22:30:00+01:00,3.53,False,True,3.387,0.1429999999999998
2025-08-08 23:00:00+01:00,0.117,True,False,0.0,0.117
2025-08-08 23:30:00+01:00,2.08,True,True,1.976,0.10400000000000009
2025-08-09 00:00:00+01:00,0.431,True,False,0.0,0.431
2025-08-09 00:30:00+01:00,2.291,True,True,2.201,0.08999999999999986
2025-08-09 01:00:00+01:00,3.567,True,True,3.479,0.08800000000000008
2025-08-09 01:30:00+01:00,3.838,True,True,3.7520000000000002,0.08599999999999985
2025-08-09 02:00:00+01:00,3.844,True,True,3.759,0.08499999999999996
2025-08-09 02:30:00+01:00,3.84,True,True,3.762,0.07799999999999985
2025-08-09 03:00:00+01:00,3.825,True,True,3.7510000000000003,0.07399999999999984
2025-08-09 03:30:00+01:00,3.825,True,True,3.75,0.07500000000000018
2025-08-09 04:00:00+01:00,3.821,True,True,3.7470000000000003,0.07399999999999984
2025-08-09 04:30:00+01:00,3.838,True,True,3.765,0.07299999999999995
2025-08-09 05:00:00+01:00,3.439,False,True,3.366,0.07299999999999995
2025-08-09 05:30:00+01:00,2.836,False,True,2.76,0.07600000000000007
2025-08-09 06:00:00+01:00,3.818,False,True,3.735,0.08300000000000018
2025-08-09 06:30:00+01:00,3.837,False,True,3.734,0.1030000000000002
2025-08-09 07:00:00+01:00,3.491,False,True,3.263,0.2280000000000002
2025-08-09 07:30:00+01:00,3.38,False,True,2.886,0.4939999999999998
2025-08-09 08:00:00+01:00,1.348,False,False,0.0,1.348
2025-08-09 08:30:00+01:00,0.335,False,False,0.0,0.335
2025-08-09 09:00:00+01:00,0.183,False,False,0.0,0.183
2025-08-09 09:30:00+01:00,0.667,False,False,0.0,0.667
2025-08-09 10:00:00+01:00,0.383,False,False,0.0,0.383
2025-08-09 10:30:00+01:00,1.059,False,False,0.0,1.059
2025-08-09 11:00:00+01:00,0.329,False,False,0.0,0.329
2025-08-09 11:30:00+01:00,0.33,False,False,0.0,0.33
2025-08-09 12:00:00+01:00,0.362,False,False,0.0,0.362
2025-08-09 12:30:00+01:00,0.335,False,False,0.0,0.335
2025-08-09 13:00:00+01:00,0.329,False,False,0.0,0.329
2025-08-09 13:30:00+01:00,0.703,False,False,0.0,0.703
2025-08-09 14:00:00+01:00,0.347,False,False,0.0,0.347
2025-08-09 14:30:00+01:00,0.355,False,False,0.0,0.355
2025-08-09 15:00:00+01:00,0.388,False,False,0.0,0.388
2025-08-09 15:30:00+01:00,0.476,False,False,0.0,0.476
2025-08-09 16:00:00+01:00,0.771,False,False,0.0,0.771
2025-08-09 16:30:00+01:00,0.963,False,False,0.0,0.963
2025-08-09 17:00:00+01:00,0.437,False,False,0.0,0.437
2025-08-09 17:30:00+01:00,0.282,False,False,0.0,0.282
2025-08-09 18:00:00+01:00,0.912,False,False,0.0,0.912
2025-08-09 18:30:00+01:00,0.557,False,False,0.0,0.557
2025-08-09 19:00:00+01:00,0.25,False,False,0.0,0.25
2025-08-09 19:30:00+01:00,0.252,False,False,0.0,0.252
2025-08-09 20:00:00+01:00,0.217,False,False,0.0,0.217
2025-08-09 20:30:00+01:00,0.183,False,False,0.0,0.183
2025-08-09 21:00:00+01:00,0.151,False,False,0.0,0.151
2025-08-09 21:30:00+01:00,0.6,False,False,0.0,0.6
2025-08-09 22:00:00+01:00,0.557,False,False,0.0,0.557
2025-08-09 22:30:00+01:00,0.355,False,False,0.0,0.355
2025-08-09 23:00:00+01:00,0.524,True,False,0.0,0.524
2025-08-09 23:30:00+01:00,0.419,True,False,0.0,0.419
2025-08-10 00:00:00+01:00,0.111,True,False,0.0,0.111
2025-08-10 00:30:00+01:00,0.103,True,False,0.0,0.103
2025-08-10 01:00:00+01:00,0.104,True,False,0.0,0.104
2025-08-10 01:30:00+01:00,0.108,True,False,0.0,0.108
2025-08-10 02:00:00+01:00,0.124,True,False,0.0,0.124
2025-08-10 02:30:00+01:00,0.094,True,False,0.0,0.094
2025-08-10 03:00:00+01:00,0.091,True,False,0.0,0.091
2025-08-10 03:30:00+01:00,0.093,True,False,0.0,0.093
2025-08-10 04:00:00+01:00,0.091,True,False,0.0,0.091
2025-08-10 04:30:00+01:00,0.09,True,False,0.0,0.09
2025-08-10 05:00:00+01:00,0.091,False,False,0.0,0.091
2025-08-10 05:30:00+01:00,0.095,False,False,0.0,0.095
2025-08-10 06:00:00+01:00,0.099,False,False,0.0,0.099
2025-08-10 06:30:00+01:00,0.104,False,False,0.0,0.104
2025-08-10 07:00:00+01:00,0.229,False,False,0.0,0.229
2025-08-10 07:30:00+01:00,0.445,False,False,0.0,0.445
2025-08-10 08:00:00+01:00,0.711,False,False,0.0,0.711
2025-08-10 08:30:00+01:00,0.201,False,False,0.0,0.201
2025-08-10 09:00:00+01:00,0.241,False,False,0.0,0.241
2025-08-10 09:30:00+01:00,1.244,False,False,0.0,1.244
2025-08-10 10:00:00+01:00,0.181,False,False,0.0,0.181
2025-08-10 10:30:00+01:00,0.168,False,False,0.0,0.168
2025-08-10 11:00:00+01:00,0.347,False,False,0.0,0.347
2025-08-10 11:30:00+01:00,0.3,False,False,0.0,0.3
2025-08-10 12:00:00+01:00,0.689,False,False,0.0,0.689
2025-08-10 12:30:00+01:00,0.315,False,False,0.0,0.315
2025-08-10 13:00:00+01:00,0.314,False,False,0.0,0.314
2025-08-10 13:30:00+01:00,0.32,False,False,0.0,0.32
2025-08-10 14:00:00+01:00,0.588,False,False,0.0,0.588
2025-08-10 14:30:00+01:00,0.315,False,False,0.0,0.315
2025-08-10 15:00:00+01:00,0.59,False,False,0.0,0.59
2025-08-10 15:30:00+01:00,0.421,False,False,0.0,0.421
2025-08-10 16:00:00+01:00,0.107,False,False,0.0,0.107
2025-08-10 16:30:00+01:00,0.128,False,False,0.0,0.128
2025-08-10 17:00:00+01:00,0.126,False,False,0.0,0.126
2025-08-10 17:30:00+01:00,0.127,False,False,0.0,0.127
2025-08-10 18:00:00+01:00,0.159,False,False,0.0,0.159
2025-08-10 18:30:00+01:00,0.338,False,False,0.0,0.338
2025-08-10 19:00:00+01:00,0.561,False,False,0.0,0.561
2025-08-10 19:30:00+01:00,0.219,False,False,0.0,0.219
2025-08-10 20:00:00+01:00,0.401,False,False,0.0,0.401
2025-08-10 20:30:00+01:00,0.659,False,False,0.0,0.659
2025-08-10 21:00:00+01:00,0.533,False,False,0.0,0.533
2025-08-10 21:30:00+01:00,0.323,False,False,0.0,0.323
2025-08-10 22:00:00+01:00,0.307,False,False,0.0,0.307
2025-08-10 22:30:00+01:00,0.305,False,False,0.0,0.305
2025-08-10 23:00:00+01:00,0.313,True,False,0.0,0.313
2025-08-10 23:30:00+01:00,0.228,True,False,0.0,0.228
2025-08-11 00:00:00+01:00,0.112,True,False,0.0,0.112
2025-08-11 00:30:00+01:00,0.11,True,False,0.0,0.11
2025-08-11 01:00:00+01:00,0.11,True,False,0.0,0.11
2025-08-11 01:30:00+01:00,0.107,True,False,0.0,0.107
2025-08-11 02:00:00+01:00,0.105,True,False,0.0,0.105
2025-08-11 02:30:00+01:00,0.103,True,False,0.0,0.103
2025-08-11 03:00:00+01:00,0.085,True,False,0.0,0.085
2025-08-11 03:30:00+01:00,0.092,True,False,0.0,0.092
2025-08-11 04:00:00+01:00,0.092,True,False,0.0,0.092
2025-08-11 04:30:00+01:00,0.092,True,False,0.0,0.092
2025-08-11 05:00:00+01:00,0.091,False,False,0.0,0.091
2025-08-11 05:30:00+01:00,0.096,False,False,0.0,0.096
2025-08-11 06:00:00+01:00,0.107,False,False,0.0,0.107
2025-08-11 06:30:00+01:00,0.092,False,False,0.0,0.092
2025-08-11 07:00:00+01:00,0.4,False,False,0.0,0.4
2025-08-11 07:30:00+01:00,0.538,False,False,0.0,0.538
2025-08-11 08:00:00+01:00,0.484,False,False,0.0,0.484
2025-08-11 08:30:00+01:00,0.324,False,False,0.0,0.324
2025-08-11 09:00:00+01:00,0.241,False,False,0.0,0.241
2025-08-11 09:30:00+01:00,0.222,False,False,0.0,0.222
2025-08-11 10:00:00+01:00,0.263,False,False,0.0,0.263
2025-08-11 10:30:00+01:00,0.193,False,False,0.0,0.193
2025-08-11 11:00:00+01:00,0.182,False,False,0.0,0.182
2025-08-11 11:30:00+01:00,0.179,False,False,0.0,0.179
2025-08-11 12:00:00+01:00,0.194,False,False,0.0,0.194
2025-08-11 12:30:00+01:00,0.221,False,False,0.0,0.221
2025-08-11 13:00:00+01:00,0.253,False,False,0.0,0.253
2025-08-11 13:30:00+01:00,0.256,False,False,0.0,0.256
2025-08-11 14:00:00+01:00,0.211,False,False,0.0,0.211
2025-08-11 14:30:00+01:00,0.176,False,False,0.0,0.176
2025-08-11 15:00:00+01:00,0.178,False,False,0.0,0.178
2025-08-11 15:30:00+01:00,0.276,False,False,0.0,0.276
2025-08-11 16:00:00+01:00,0.381,False,False,0.0,0.381
2025-08-11 16:30:00+01:00,0.444,False,False,0.0,0.444
2025-08-11 17:00:00+01:00,0.325,False,False,0.0,0.325
2025-08-11 17:30:00+01:00,0.606,False,False,0.0,0.606
2025-08-11 18:00:00+01:00,0.385,False,False,0.0,0.385
2025-08-11 18:30:00+01:00,0.777,False,False,0.0,0.777
2025-08-11 19:00:00+01:00,0.577,False,False,0.0,0.577
2025-08-11 19:30:00+01:00,0.46,False,False,0.0,0.46
2025-08-11 20:00:00+01:00,0.199,False,False,0.0,0.199
2025-08-11 20:30:00+01:00,0.198,False,False,0.0,0.198
2025-08-11 21:00:00+01:00,0.195,False,False,0.0,0.195
2025-08-11 21:30:00+01:00,0.211,False,False,0.0,0.211
2025-08-11 22:00:00+01:00,0.205,False,False,0.0,0.205
2025-08-11 22:30:00+01:00,0.194,False,False,0.0,0.194
2025-08-11 23:00:00+01:00,0.184,True,False,0.0,0.184
2025-08-11 23:30:00+01:00,0.135,True,False,0.0,0.135
2025-08-12 00:00:00+01:00,0.109,True,False,0.0,0.109
2025-08-12 00:30:00+01:00,0.112,True,False,0.0,0.112
2025-08-12 01:00:00+01:00,0.112,True,False,0.0,0.112
2025-08-12 01:30:00+01:00,0.11,True,False,0.0,0.11
2025-08-12 02:00:00+01:00,0.11,True,False,0.0,0.11
2025-08-12 02:30:00+01:00,0.104,True,False,0.0,0.104
2025-08-12 03:00:00+01:00,0.101,True,False,0.0,0.101
2025-08-12 03:30:00+01:00,0.095,True,False,0.0,0.095
2025-08-12 04:00:00+01:00,0.102,True,False,0.0,0.102
2025-08-12 04:30:00+01:00,0.099,True,False,0.0,0.099
2025-08-12 05:00:00+01:00,0.1,False,False,0.0,0.1
2025-08-12 05:30:00+01:00,0.103,False,False,0.0,0.103
2025-08-12 06:00:00+01:00,0.111,False,False,0.0,0.111
2025-08-12 06:30:00+01:00,0.113,False,False,0.0,0.113
2025-08-12 07:00:00+01:00,0.309,False,False,0.0,0.309
2025-08-12 07:30:00+01:00,0.601,False,False,0.0,0.601
2025-08-12 08:00:00+01:00,0.512,False,False,0.0,0.512
2025-08-12 08:30:00+01:00,0.17,False,False,0.0,0.17
2025-08-12 09:00:00+01:00,0.147,False,False,0.0,0.147
2025-08-12 09:30:00+01:00,0.146,False,False,0.0,0.146
2025-08-12 10:00:00+01:00,0.227,False,False,0.0,0.227
2025-08-12 10:30:00+01:00,0.198,False,False,0.0,0.198
2025-08-12 11:00:00+01:00,0.255,False,False,0.0,0.255
2025-08-12 11:30:00+01:00,0.255,False,False,0.0,0.255
2025-08-12 12:00:00+01:00,0.254,False,False,0.0,0.254
2025-08-12 12:30:00+01:00,0.295,False,False,0.0,0.295
2025-08-12 13:00:00+01:00,0.294,False,False,0.0,0.294
2025-08-12 13:30:00+01:00,0.763,False,False,0.0,0.763
2025-08-12 14:00:00+01:00,0.829,False,False,0.0,0.829
2025-08-12 14:30:00+01:00,1.294,False,False,0.0,1.294
2025-08-12 15:00:00+01:00,1.034,False,False,0.0,1.034
2025-08-12 15:30:00+01:00,0.847,False,False,0.0,0.847
2025-08-12 16:00:00+01:00,1.305,False,False,0.0,1.305
2025-08-12 16:30:00+01:00,1.024,False,False,0.0,1.024
2025-08-12 17:00:00+01:00,0.586,False,False,0.0,0.586
2025-08-12 17:30:00+01:00,0.698,False,False,0.0,0.698
2025-08-12 18:00:00+01:00,0.337,False,False,0.0,0.337
2025-08-12 18:30:00+01:00,0.33,False,False,0.0,0.33
2025-08-12 19:00:00+01:00,0.317,False,False,0.0,0.317
2025-08-12 19:30:00+01:00,0.319,False,False,0.0,0.319
2025-08-12 20:00:00+01:00,0.257,False,False,0.0,0.257
2025-08-12 20:30:00+01:00,0.478,False,False,0.0,0.478
2025-08-12 21:00:00+01:00,0.196,False,False,0.0,0.196
2025-08-12 21:30:00+01:00,0.194,False,False,0.0,0.194
2025-08-12 22:00:00+01:00,0.181,False,False,0.0,0.181
2025-08-12 22:30:00+01:00,0.291,False,False,0.0,0.291
2025-08-12 23:00:00+01:00,0.117,True,False,0.0,0.117
2025-08-12 23:30:00+01:00,0.116,True,False,0.0,0.116
2025-08-13 00:00:00+01:00,0.111,True,False,0.0,0.111
2025-08-13 00:30:00+01:00,0.109,True,False,0.0,0.109
2025-08-13 01:00:00+01:00,0.127,True,False,0.0,0.127
2025-08-13 01:30:00+01:00,0.126,True,False,0.0,0.126
2025-08-13 02:00:00+01:00,0.119,True,False,0.0,0.119
2025-08-13 02:30:00+01:00,0.097,True,False,0.0,0.097
2025-08-13 03:00:00+01:00,0.098,True,False,0.0,0.098
2025-08-13 03:30:00+01:00,0.096,True,False,0.0,0.096
2025-08-13 04:00:00+01:00,0.096,True,False,0.0,0.096
2025-08-13 04:30:00+01:00,0.095,True,False,0.0,0.095
2025-08-13 05:00:00+01:00,0.096,False,False,0.0,0.096
2025-08-13 05:30:00+01:00,0.098,False,False,0.0,0.098
2025-08-13 06:00:00+01:00,0.104,False,False,0.0,0.104
2025-08-13 06:30:00+01:00,0.108,False,False,0.0,0.108
2025-08-13 07:00:00+01:00,0.385,False,False,0.0,0.385
2025-08-13 07:30:00+01:00,0.617,False,False,0.0,0.617
2025-08-13 08:00:00+01:00,0.394,False,False,0.0,0.394
2025-08-13 08:30:00+01:00,0.47,False,False,0.0,0.47
2025-08-13 09:00:00+01:00,0.263,False,False,0.0,0.263
2025-08-13 09:30:00+01:00,0.226,False,False,0.0,0.226
2025-08-13 10:00:00+01:00,0.188,False,False,0.0,0.188
2025-08-13 10:30:00+01:00,0.188,False,False,0.0,0.188
2025-08-13 11:00:00+01:00,0.199,False,False,0.0,0.199
2025-08-13 11:30:00+01:00,0.231,False,False,0.0,0.231
2025-08-13 12:00:00+01:00,0.189,False,False,0.0,0.189
2025-08-13 12:30:00+01:00,0.211,False,False,0.0,0.211
2025-08-13 13:00:00+01:00,0.147,False,False,0.0,0.147
2025-08-13 13:30:00+01:00,0.259,False,False,0.0,0.259
2025-08-13 14:00:00+01:00,0.164,False,False,0.0,0.164
2025-08-13 14:30:00+01:00,0.255,False,False,0.0,0.255
2025-08-13 15:00:00+01:00,0.17,False,False,0.0,0.17
2025-08-13 15:30:00+01:00,0.189,False,False,0.0,0.189
2025-08-13 16:00:00+01:00,0.345,False,False,0.0,0.345
2025-08-13 16:30:00+01:00,0.398,False,False,0.0,0.398
2025-08-13 17:00:00+01:00,0.319,False,False,0.0,0.319
2025-08-13 17:30:00+01:00,0.317,False,False,0.0,0.317
2025-08-13 18:00:00+01:00,0.244,False,False,0.0,0.244
2025-08-13 18:30:00+01:00,0.243,False,False,0.0,0.243
2025-08-13 19:00:00+01:00,0.243,False,False,0.0,0.243
2025-08-13 19:30:00+01:00,0.24,False,False,0.0,0.24
2025-08-13 20:00:00+01:00,0.235,False,False,0.0,0.235
2025-08-13 20:30:00+01:00,0.244,False,False,0.0,0.244
2025-08-13 21:00:00+01:00,0.225,False,False,0.0,0.225
2025-08-13 21:30:00+01:00,0.239,False,False,0.0,0.239
2025-08-13 22:00:00+01:00,0.221,False,False,0.0,0.221
2025-08-13 22:30:00+01:00,0.175,False,False,0.0,0.175
2025-08-13 23:00:00+01:00,0.11,True,False,0.0,0.11
2025-08-13 23:30:00+01:00,0.129,True,False,0.0,0.129
2025-08-14 00:00:00+01:00,0.13,True,False,0.0,0.13
2025-08-14 00:30:00+01:00,0.107,True,False,0.0,0.107
2025-08-14 01:00:00+01:00,0.105,True,False,0.0,0.105
2025-08-14 01:30:00+01:00,0.104,True,False,0.0,0.104
2025-08-14 02:00:00+01:00,0.105,True,False,0.0,0.105
2025-08-14 02:30:00+01:00,0.104,True,False,0.0,0.104
2025-08-14 03:00:00+01:00,0.11,True,False,0.0,0.11
2025-08-14 03:30:00+01:00,0.118,True,False,0.0,0.118
2025-08-14 04:00:00+01:00,0.085,True,False,0.0,0.085
2025-08-14 04:30:00+01:00,0.094,True,False,0.0,0.094
2025-08-14 05:00:00+01:00,0.092,False,False,0.0,0.092
2025-08-14 05:30:00+01:00,0.096,False,False,0.0,0.096
2025-08-14 06:00:00+01:00,0.105,False,False,0.0,0.105
2025-08-14 06:30:00+01:00,0.105,False,False,0.0,0.105
2025-08-14 07:00:00+01:00,0.335,False,False,0.0,0.335
2025-08-14 07:30:00+01:00,0.307,False,False,0.0,0.307
2025-08-14 08:00:00+01:00,0.548,False,False,0.0,0.548
2025-08-14 08:30:00+01:00,0.545,False,False,0.0,0.545
2025-08-14 09:00:00+01:00,0.712,False,False,0.0,0.712
2025-08-14 09:30:00+01:00,0.887,False,False,0.0,0.887
2025-08-14 10:00:00+01:00,0.962,False,False,0.0,0.962
2025-08-14 10:30:00+01:00,0.442,False,False,0.0,0.442
2025-08-14 11:00:00+01:00,0.466,False,False,0.0,0.466
2025-08-14 11:30:00+01:00,0.378,False,False,0.0,0.378
2025-08-14 12:00:00+01:00,0.367,False,False,0.0,0.367
2025-08-14 12:30:00+01:00,0.346,False,False,0.0,0.346
2025-08-14 13:00:00+01:00,2.153,False,True,1.9140000000000001,0.23899999999999988
2025-08-14 13:30:00+01:00,4.105,False,True,3.8765000000000005,0.22849999999999993
2025-08-14 14:00:00+01:00,4.034,False,True,3.8179999999999996,0.2160000000000002
2025-08-14 14:30:00+01:00,4.023,False,True,3.804,0.21899999999999986
2025-08-14 15:00:00+01:00,4.139,False,True,3.9200000000000004,0.21899999999999986
2025-08-14 15:30:00+01:00,3.245,False,True,2.946,0.29899999999999993
2025-08-14 16:00:00+01:00,4.119,False,True,3.634,0.4849999999999999
2025-08-14 16:30:00+01:00,3.194,False,True,2.826,0.3679999999999999
2025-08-14 17:00:00+01:00,3.669,False,True,3.3455,0.3235000000000001
2025-08-14 17:30:00+01:00,0.399,False,False,0.0,0.399
2025-08-14 18:00:00+01:00,0.409,False,False,0.0,0.409
2025-08-14 18:30:00+01:00,0.585,False,False,0.0,0.585
2025-08-14 19:00:00+01:00,0.338,False,False,0.0,0.338
2025-08-14 19:30:00+01:00,0.325,False,False,0.0,0.325
2025-08-14 20:00:00+01:00,0.463,False,False,0.0,0.463
2025-08-14 20:30:00+01:00,0.382,False,False,0.0,0.382
2025-08-14 21:00:00+01:00,0.24,False,False,0.0,0.24
2025-08-14 21:30:00+01:00,0.213,False,False,0.0,0.213
2025-08-14 22:00:00+01:00,0.186,False,False,0.0,0.186
2025-08-14 22:30:00+01:00,0.172,False,False,0.0,0.172
2025-08-14 23:00:00+01:00,0.164,True,False,0.0,0.164
2025-08-14 23:30:00+01:00,0.16,True,False,0.0,0.16
2025-08-15 00:00:00+01:00,0.159,True,False,0.0,0.159
2025-08-15 00:30:00+01:00,0.106,True,False,0.0,0.106
2025-08-15 01:00:00+01:00,0.113,True,False,0.0,0.113
2025-08-15 01:30:00+01:00,0.132,True,False,0.0,0.132
2025-08-15 02:00:00+01:00,0.106,True,False,0.0,0.106
2025-08-15 02:30:00+01:00,0.111,True,False,0.0,0.111
2025-08-15 03:00:00+01:00,0.102,True,False,0.0,0.102
2025-08-15 03:30:00+01:00,0.102,True,False,0.0,0.102
2025-08-15 04:00:00+01:00,0.101,True,False,0.0,0.101
2025-08-15 04:30:00+01:00,0.101,True,False,0.0,0.101
2025-08-15 05:00:00+01:00,0.103,False,False,0.0,0.103
2025-08-15 05:30:00+01:00,0.094,False,False,0.0,0.094
2025-08-15 06:00:00+01:00,0.112,False,False,0.0,0.112
2025-08-15 06:30:00+01:00,0.113,False,False,0.0,0.113
2025-08-15 07:00:00+01:00,0.18,False,False,0.0,0.18
2025-08-15 07:30:00+01:00,0.473,False,False,0.0,0.473
2025-08-15 08:00:00+01:00,0.438,False,False,0.0,0.438
2025-08-15 08:30:00+01:00,0.279,False,False,0.0,0.279
2025-08-15 09:00:00+01:00,0.305,False,False,0.0,0.305
2025-08-15 09:30:00+01:00,0.358,False,False,0.0,0.358
2025-08-15 10:00:00+01:00,0.248,False,False,0.0,0.248
2025-08-15 10:30:00+01:00,0.241,False,False,0.0,0.241
2025-08-15 11:00:00+01:00,0.247,False,False,0.0,0.247
2025-08-15 11:30:00+01:00,0.34,False,False,0.0,0.34
2025-08-15 12:00:00+01:00,0.323,False,False,0.0,0.323
2025-08-15 12:30:00+01:00,0.261,False,False,0.0,0.261
2025-08-15 13:00:00+01:00,0.252,False,False,0.0,0.252
2025-08-15 13:30:00+01:00,0.257,False,False,0.0,0.257
2025-08-15 14:00:00+01:00,0.24,False,False,0.0,0.24
2025-08-15 14:30:00+01:00,0.227,False,False,0.0,0.227
2025-08-15 15:00:00+01:00,0.278,False,False,0.0,0.278
2025-08-15 15:30:00+01:00,0.235,False,False,0.0,0.235
2025-08-15 16:00:00+01:00,0.241,False,False,0.0,0.241
2025-08-15 16:30:00+01:00,0.257,False,False,0.0,0.257
2025-08-15 17:00:00+01:00,0.197,False,False,0.0,0.197
2025-08-15 17:30:00+01:00,0.155,False,False,0.0,0.155
2025-08-15 18:00:00+01:00,0.603,False,False,0.0,0.603
2025-08-15 18:30:00+01:00,0.604,False,False,0.0,0.604
2025-08-15 19:00:00+01:00,0.695,False,False,0.0,0.695
2025-08-15 19:30:00+01:00,0.203,False,False,0.0,0.203
2025-08-15 20:00:00+01:00,0.157,False,False,0.0,0.157
2025-08-15 20:30:00+01:00,0.17,False,False,0.0,0.17
2025-08-15 21:00:00+01:00,0.157,False,False,0.0,0.157
2025-08-15 21:30:00+01:00,0.194,False,False,0.0,0.194
2025-08-15 22:00:00+01:00,0.124,False,False,0.0,0.124
2025-08-15 22:30:00+01:00,0.126,False,False,0.0,0.126
2025-08-15 23:00:00+01:00,0.123,True,False,0.0,0.123
2025-08-15 23:30:00+01:00,0.116,True,False,0.0,0.116
2025-08-16 00:00:00+01:00,0.11,True,False,0.0,0.11
2025-08-16 00:30:00+01:00,0.109,True,False,0.0,0.109
2025-08-16 01:00:00+01:00,0.127,True,False,0.0,0.127
2025-08-16 01:30:00+01:00,0.116,True,False,0.0,0.116
2025-08-16 02:00:00+01:00,0.106,True,False,0.0,0.106
2025-08-16 02:30:00+01:00,0.106,True,False,0.0,0.106
2025-08-16 03:00:00+01:00,0.106,True,False,0.0,0.106
2025-08-16 03:30:00+01:00,0.104,True,False,0.0,0.104
2025-08-16 04:00:00+01:00,0.098,True,False,0.0,0.098
2025-08-16 04:30:00+01:00,0.098,True,False,0.0,0.098
2025-08-16 05:00:00+01:00,0.1,False,False,0.0,0.1
2025-08-16 05:30:00+01:00,0.098,False,False,0.0,0.098
2025-08-16 06:00:00+01:00,0.11,False,False,0.0,0.11
2025-08-16 06:30:00+01:00,0.11,False,False,0.0,0.11
2025-08-16 07:00:00+01:00,0.189,False,False,0.0,0.189
2025-08-16 07:30:00+01:00,0.489,False,False,0.0,0.489
2025-08-16 08:00:00+01:00,0.659,False,False,0.0,0.659
2025-08-16 08:30:00+01:00,0.949,False,False,0.0,0.949
2025-08-16 09:00:00+01:00,0.445,False,False,0.0,0.445
2025-08-16 09:30:00+01:00,0.66,False,False,0.0,0.66
2025-08-16 10:00:00+01:00,0.668,False,False,0.0,0.668
2025-08-16 10:30:00+01:00,0.378,False,False,0.0,0.378
2025-08-16 11:00:00+01:00,0.402,False,False,0.0,0.402
2025-08-16 11:30:00+01:00,0.698,False,False,0.0,0.698
2025-08-16 12:00:00+01:00,0.301,False,False,0.0,0.301
2025-08-16 12:30:00+01:00,0.288,False,False,0.0,0.288
2025-08-16 13:00:00+01:00,0.221,False,False,0.0,0.221
2025-08-16 13:30:00+01:00,0.334,False,False,0.0,0.334
2025-08-16 14:00:00+01:00,0.342,False,False,0.0,0.342
2025-08-16 14:30:00+01:00,0.352,False,False,0.0,0.352
2025-08-16 15:00:00+01:00,0.413,False,False,0.0,0.413
2025-08-16 15:30:00+01:00,0.601,False,False,0.0,0.601
2025-08-16 16:00:00+01:00,0.242,False,False,0.0,0.242
2025-08-16 16:30:00+01:00,0.442,False,False,0.0,0.442
2025-08-16 17:00:00+01:00,0.225,False,False,0.0,0.225
2025-08-16 17:30:00+01:00,0.26,False,False,0.0,0.26
2025-08-16 18:00:00+01:00,0.915,False,False,0.0,0.915
2025-08-16 18:30:00+01:00,0.56,False,False,0.0,0.56
2025-08-16 19:00:00+01:00,0.241,False,False,0.0,0.241
2025-08-16 19:30:00+01:00,0.223,False,False,0.0,0.223
2025-08-16 20:00:00+01:00,0.206,False,False,0.0,0.206
2025-08-16 20:30:00+01:00,0.183,False,False,0.0,0.183
2025-08-16 21:00:00+01:00,0.174,False,False,0.0,0.174
2025-08-16 21:30:00+01:00,0.18,False,False,0.0,0.18
2025-08-16 22:00:00+01:00,0.16,False,False,0.0,0.16
2025-08-16 22:30:00+01:00,0.162,False,False,0.0,0.162
2025-08-16 23:00:00+01:00,0.16,True,False,0.0,0.16
2025-08-16 23:30:00+01:00,0.115,True,False,0.0,0.115
2025-08-17 00:00:00+01:00,0.108,True,False,0.0,0.108
2025-08-17 00:30:00+01:00,0.114,True,False,0.0,0.114
2025-08-17 01:00:00+01:00,0.149,True,False,0.0,0.149
2025-08-17 01:30:00+01:00,0.106,True,False,0.0,0.106
2025-08-17 02:00:00+01:00,0.105,True,False,0.0,0.105
2025-08-17 02:30:00+01:00,0.096,True,False,0.0,0.096
2025-08-17 03:00:00+01:00,0.094,True,False,0.0,0.094
2025-08-17 03:30:00+01:00,0.091,True,False,0.0,0.091
2025-08-17 04:00:00+01:00,0.094,True,False,0.0,0.094
2025-08-17 04:30:00+01:00,0.104,True,False,0.0,0.104
2025-08-17 05:00:00+01:00,0.081,False,False,0.0,0.081
2025-08-17 05:30:00+01:00,0.093,False,False,0.0,0.093
2025-08-17 06:00:00+01:00,0.1,False,False,0.0,0.1
2025-08-17 06:30:00+01:00,0.1,False,False,0.0,0.1
2025-08-17 07:00:00+01:00,0.821,False,False,0.0,0.821
2025-08-17 07:30:00+01:00,1.085,False,False,0.0,1.085
2025-08-17 08:00:00+01:00,0.903,False,False,0.0,0.903
2025-08-17 08:30:00+01:00,0.454,False,False,0.0,0.454
2025-08-17 09:00:00+01:00,1.025,False,False,0.0,1.025
2025-08-17 09:30:00+01:00,0.586,False,False,0.0,0.586
2025-08-17 10:00:00+01:00,0.237,False,False,0.0,0.237
2025-08-17 10:30:00+01:00,0.152,False,False,0.0,0.152
2025-08-17 11:00:00+01:00,0.142,False,False,0.0,0.142
2025-08-17 11:30:00+01:00,0.134,False,False,0.0,0.134
2025-08-17 12:00:00+01:00,0.146,False,False,0.0,0.146
2025-08-17 12:30:00+01:00,0.153,False,False,0.0,0.153
2025-08-17 13:00:00+01:00,0.343,False,False,0.0,0.343
2025-08-17 13:30:00+01:00,0.35,False,False,0.0,0.35
2025-08-17 14:00:00+01:00,0.36,False,False,0.0,0.36
2025-08-17 14:30:00+01:00,0.313,False,False,0.0,0.313
2025-08-17 15:00:00+01:00,0.296,False,False,0.0,0.296
2025-08-17 15:30:00+01:00,0.395,False,False,0.0,0.395
2025-08-17 16:00:00+01:00,0.855,False,False,0.0,0.855
2025-08-17 16:30:00+01:00,0.89,False,False,0.0,0.89
2025-08-17 17:00:00+01:00,0.602,False,False,0.0,0.602
2025-08-17 17:30:00+01:00,0.498,False,False,0.0,0.498
2025-08-17 18:00:00+01:00,0.715,False,False,0.0,0.715
2025-08-17 18:30:00+01:00,1.066,False,False,0.0,1.066
2025-08-17 19:00:00+01:00,0.919,False,False,0.0,0.919
2025-08-17 19:30:00+01:00,0.385,False,False,0.0,0.385
2025-08-17 20:00:00+01:00,0.232,False,False,0.0,0.232
2025-08-17 20:30:00+01:00,0.353,False,False,0.0,0.353
2025-08-17 21:00:00+01:00,0.299,False,False,0.0,0.299
2025-08-17 21:30:00+01:00,0.307,False,False,0.0,0.307
2025-08-17 22:00:00+01:00,0.317,False,False,0.0,0.317
2025-08-17 22:30:00+01:00,0.286,False,False,0.0,0.286
2025-08-17 23:00:00+01:00,0.282,True,False,0.0,0.282
2025-08-17 23:30:00+01:00,0.19,True,False,0.0,0.19
2025-08-18 00:00:00+01:00,0.101,True,False,0.0,0.101
2025-08-18 00:30:00+01:00,0.103,True,False,0.0,0.103
2025-08-18 01:00:00+01:00,0.109,True,False,0.0,0.109
2025-08-18 01:30:00+01:00,0.102,True,False,0.0,0.102
2025-08-18 02:00:00+01:00,0.1,True,False,0.0,0.1
2025-08-18 02:30:00+01:00,0.094,True,False,0.0,0.094
2025-08-18 03:00:00+01:00,0.09,True,False,0.0,0.09
2025-08-18 03:30:00+01:00,0.09,True,False,0.0,0.09
2025-08-18 04:00:00+01:00,0.09,True,False,0.0,0.09
2025-08-18 04:30:00+01:00,0.089,True,False,0.0,0.089
2025-08-18 05:00:00+01:00,0.083,False,False,0.0,0.083
2025-08-18 05:30:00+01:00,0.094,False,False,0.0,0.094
2025-08-18 06:00:00+01:00,0.102,False,False,0.0,0.102
2025-08-18 06:30:00+01:00,0.103,False,False,0.0,0.103
2025-08-18 07:00:00+01:00,0.248,False,False,0.0,0.248
2025-08-18 07:30:00+01:00,0.914,False,False,0.0,0.914
2025-08-18 08:00:00+01:00,0.772,False,False,0.0,0.772
2025-08-18 08:30:00+01:00,0.288,False,False,0.0,0.288
2025-08-18 09:00:00+01:00,0.252,False,False,0.0,0.252
2025-08-18 09:30:00+01:00,0.3,False,False,0.0,0.3
2025-08-18 10:00:00+01:00,0.219,False,False,0.0,0.219
2025-08-18 10:30:00+01:00,0.189,False,False,0.0,0.189
2025-08-18 11:00:00+01:00,0.189,False,False,0.0,0.189
2025-08-18 11:30:00+01:00,0.177,False,False,0.0,0.177
2025-08-18 12:00:00+01:00,0.245,False,False,0.0,0.245
2025-08-18 12:30:00+01:00,0.517,False,False,0.0,0.517
2025-08-18 13:00:00+01:00,0.211,False,False,0.0,0.211
2025-08-18 13:30:00+01:00,0.165,False,False,0.0,0.165
2025-08-18 14:00:00+01:00,0.19,False,False,0.0,0.19
2025-08-18 14:30:00+01:00,0.185,False,False,0.0,0.185
2025-08-18 15:00:00+01:00,0.247,False,False,0.0,0.247
2025-08-18 15:30:00+01:00,0.228,False,False,0.0,0.228
2025-08-18 16:00:00+01:00,0.308,False,False,0.0,0.308
2025-08-18 16:30:00+01:00,0.296,False,False,0.0,0.296
2025-08-18 17:00:00+01:00,0.31,False,False,0.0,0.31
2025-08-18 17:30:00+01:00,0.329,False,False,0.0,0.329
2025-08-18 18:00:00+01:00,1.093,False,False,0.0,1.093
2025-08-18 18:30:00+01:00,0.477,False,False,0.0,0.477
2025-08-18 19:00:00+01:00,0.406,False,False,0.0,0.406
2025-08-18 19:30:00+01:00,0.283,False,False,0.0,0.283
2025-08-18 20:00:00+01:00,0.404,False,False,0.0,0.404
2025-08-18 20:30:00+01:00,0.474,False,False,0.0,0.474
2025-08-18 21:00:00+01:00,0.331,False,False,0.0,0.331
2025-08-18 21:30:00+01:00,0.318,False,False,0.0,0.318
2025-08-18 22:00:00+01:00,0.304,False,False,0.0,0.304
2025-08-18 22:30:00+01:00,0.6,False,False,0.0,0.6
2025-08-18 23:00:00+01:00,3.067,True,True,2.9485,0.11850000000000005
2025-08-18 23:30:00+01:00,2.323,True,True,2.219,0.10400000000000009
2025-08-19 00:00:00+01:00,3.857,True,True,3.762,0.0950000000000002
2025-08-19 00:30:00+01:00,3.809,True,True,3.7190000000000003,0.08999999999999986
2025-08-19 01:00:00+01:00,0.099,True,False,0.0,0.099
2025-08-19 01:30:00+01:00,1.353,True,True,1.267,0.08600000000000008
2025-08-19 02:00:00+01:00,2.981,True,True,2.896,0.08499999999999996
2025-08-19 02:30:00+01:00,1.996,True,True,1.918,0.07800000000000007
2025-08-19 03:00:00+01:00,2.967,True,True,2.8930000000000002,0.07399999999999984
2025-08-19 03:30:00+01:00,1.74,True,True,1.665,0.07499999999999996
2025-08-19 04:00:00+01:00,2.33,True,True,2.2560000000000002,0.07399999999999984
2025-08-19 04:30:00+01:00,2.024,True,True,1.951,0.07299999999999995
2025-08-19 05:00:00+01:00,3.811,False,True,3.738,0.07299999999999995
2025-08-19 05:30:00+01:00,3.801,False,True,3.725,0.07600000000000007
2025-08-19 06:00:00+01:00,3.681,False,True,3.598,0.08300000000000018
2025-08-19 06:30:00+01:00,2.289,False,True,2.186,0.1030000000000002
2025-08-19 07:00:00+01:00,0.69,False,False,0.0,0.69
2025-08-19 07:30:00+01:00,1.734,False,False,0.0,1.734
2025-08-19 08:00:00+01:00,0.485,False,False,0.0,0.485
2025-08-19 08:30:00+01:00,0.412,False,False,0.0,0.412
2025-08-19 09:00:00+01:00,0.608,False,False,0.0,0.608
2025-08-19 09:30:00+01:00,0.691,False,False,0.0,0.691
2025-08-19 10:00:00+01:00,0.374,False,False,0.0,0.374
2025-08-19 10:30:00+01:00,0.422,False,False,0.0,0.422
2025-08-19 11:00:00+01:00,1.513,False,False,0.0,1.513
2025-08-19 11:30:00+01:00,0.812,False,False,0.0,0.812
2025-08-19 12:00:00+01:00,0.651,False,False,0.0,0.651
2025-08-19 12:30:00+01:00,0.494,False,False,0.0,0.494
2025-08-19 13:00:00+01:00,0.48,False,False,0.0,0.48
2025-08-19 13:30:00+01:00,0.419,False,False,0.0,0.419
2025-08-19 14:00:00+01:00,0.301,False,False,0.0,0.301
2025-08-19 14:30:00+01:00,0.315,False,False,0.0,0.315
2025-08-19 15:00:00+01:00,0.293,False,False,0.0,0.293
2025-08-19 15:30:00+01:00,0.308,False,False,0.0,0.308
2025-08-19 16:00:00+01:00,0.27,False,False,0.0,0.27
2025-08-19 16:30:00+01:00,0.34,False,False,0.0,0.34
2025-08-19 17:00:00+01:00,0.516,False,False,0.0,0.516
2025-08-19 17:30:00+01:00,0.707,False,False,0.0,0.707
2025-08-19 18:00:00+01:00,0.325,False,False,0.0,0.325
2025-08-19 18:30:00+01:00,0.341,False,False,0.0,0.341
2025-08-19 19:00:00+01:00,0.657,False,False,0.0,0.657
2025-08-19 19:30:00+01:00,0.668,False,False,0.0,0.668
2025-08-19 20:00:00+01:00,0.33,False,False,0.0,0.33
2025-08-19 20:30:00+01:00,0.301,False,False,0.0,0.301
2025-08-19 21:00:00+01:00,0.141,False,False,0.0,0.141
2025-08-19 21:30:00+01:00,0.116,False,False,0.0,0.116
2025-08-19 22:00:00+01:00,0.102,False,False,0.0,0.102
2025-08-19 22:30:00+01:00,0.1,False,False,0.0,0.1
2025-08-19 23:00:00+01:00,3.737,True,True,3.6185,0.11850000000000005
2025-08-19 23:30:00+01:00,0.092,True,False,0.0,0.092
2025-08-20 00:00:00+01:00,0.111,True,False,0.0,0.111
2025-08-20 00:30:00+01:00,0.101,True,False,0.0,0.101
2025-08-20 01:00:00+01:00,0.085,True,False,0.0,0.085
2025-08-20 01:30:00+01:00,0.091,True,False,0.0,0.091
2025-08-20 02:00:00+01:00,0.09,True,False,0.0,0.09
2025-08-20 02:30:00+01:00,0.089,True,False,0.0,0.089
2025-08-20 03:00:00+01:00,0.088,True,False,0.0,0.088
2025-08-20 03:30:00+01:00,0.087,True,False,0.0,0.087
2025-08-20 04:00:00+01:00,0.091,True,False,0.0,0.091
2025-08-20 04:30:00+01:00,0.081,True,False,0.0,0.081
2025-08-20 05:00:00+01:00,0.645,False,False,0.0,0.645
2025-08-20 05:30:00+01:00,0.053,False,False,0.0,0.053
2025-08-20 06:00:00+01:00,0.065,False,False,0.0,0.065
2025-08-20 06:30:00+01:00,0.062,False,False,0.0,0.062
2025-08-20 07:00:00+01:00,0.084,False,False,0.0,0.084
2025-08-20 07:30:00+01:00,0.084,False,False,0.0,0.084
2025-08-20 08:00:00+01:00,0.085,False,False,0.0,0.085
2025-08-20 08:30:00+01:00,0.064,False,False,0.0,0.064
2025-08-20 09:00:00+01:00,0.055,False,False,0.0,0.055
2025-08-20 09:30:00+01:00,0.064,False,False,0.0,0.064
2025-08-20 10:00:00+01:00,0.064,False,False,0.0,0.064
2025-08-20 10:30:00+01:00,0.064,False,False,0.0,0.064
2025-08-20 11:00:00+01:00,0.064,False,False,0.0,0.064
2025-08-20 11:30:00+01:00,0.06,False,False,0.0,0.06
2025-08-20 12:00:00+01:00,0.059,False,False,0.0,0.059
2025-08-20 12:30:00+01:00,0.064,False,False,0.0,0.064
2025-08-20 13:00:00+01:00,0.064,False,False,0.0,0.064
2025-08-20 13:30:00+01:00,0.065,False,False,0.0,0.065
2025-08-20 14:00:00+01:00,0.064,False,False,0.0,0.064
2025-08-20 14:30:00+01:00,0.058,False,False,0.0,0.058
2025-08-20 15:00:00+01:00,0.06,False,False,0.0,0.06
2025-08-20 15:30:00+01:00,0.064,False,False,0.0,0.064
2025-08-20 16:00:00+01:00,0.064,False,False,0.0,0.064
2025-08-20 16:30:00+01:00,0.086,False,False,0.0,0.086
2025-08-20 17:00:00+01:00,0.085,False,False,0.0,0.085
2025-08-20 17:30:00+01:00,0.083,False,False,0.0,0.083
2025-08-20 18:00:00+01:00,0.091,False,False,0.0,0.091
2025-08-20 18:30:00+01:00,0.077,False,False,0.0,0.077
2025-08-20 19:00:00+01:00,0.067,False,False,0.0,0.067
2025-08-20 19:30:00+01:00,0.065,False,False,0.0,0.065
2025-08-20 20:00:00+01:00,0.066,False,False,0.0,0.066
2025-08-20 20:30:00+01:00,0.065,False,False,0.0,0.065
2025-08-20 21:00:00+01:00,0.055,False,False,0.0,0.055
2025-08-20 21:30:00+01:00,0.066,False,False,0.0,0.066
2025-08-20 22:00:00+01:00,0.066,False,False,0.0,0.066
2025-08-20 22:30:00+01:00,0.064,False,False,0.0,0.064
2025-08-20 23:00:00+01:00,0.064,True,False,0.0,0.064
2025-08-20 23:30:00+01:00,0.064,True,False,0.0,0.064
2025-08-21 00:00:00+01:00,0.054,True,False,0.0,0.054
2025-08-21 00:30:00+01:00,0.064,True,False,0.0,0.064
2025-08-21 01:00:00+01:00,0.064,True,False,0.0,0.064
2025-08-21 01:30:00+01:00,0.064,True,False,0.0,0.064
2025-08-21 02:00:00+01:00,0.065,True,False,0.0,0.065
2025-08-21 02:30:00+01:00,0.054,True,False,0.0,0.054
2025-08-21 03:00:00+01:00,0.045,True,False,0.0,0.045
2025-08-21 03:30:00+01:00,0.053,True,False,0.0,0.053
2025-08-21 04:00:00+01:00,0.053,True,False,0.0,0.053
2025-08-21 04:30:00+01:00,0.053,True,False,0.0,0.053
2025-08-21 05:00:00+01:00,0.053,False,False,0.0,0.053
2025-08-21 05:30:00+01:00,0.048,False,False,0.0,0.048
2025-08-21 06:00:00+01:00,0.065,False,False,0.0,0.065
2025-08-21 06:30:00+01:00,0.065,False,False,0.0,0.065
2025-08-21 07:00:00+01:00,0.083,False,False,0.0,0.083
2025-08-21 07:30:00+01:00,0.08,False,False,0.0,0.08
2025-08-21 08:00:00+01:00,0.085,False,False,0.0,0.085
2025-08-21 08:30:00+01:00,0.069,False,False,0.0,0.069
2025-08-21 09:00:00+01:00,0.066,False,False,0.0,0.066
2025-08-21 09:30:00+01:00,0.066,False,False,0.0,0.066
2025-08-21 10:00:00+01:00,0.057,False,False,0.0,0.057
2025-08-21 10:30:00+01:00,0.064,False,False,0.0,0.064
2025-08-21 11:00:00+01:00,0.067,False,False,0.0,0.067
2025-08-21 11:30:00+01:00,0.066,False,False,0.0,0.066
2025-08-21 12:00:00+01:00,0.067,False,False,0.0,0.067
2025-08-21 12:30:00+01:00,0.066,False,False,0.0,0.066
2025-08-21 13:00:00+01:00,0.056,False,False,0.0,0.056
2025-08-21 13:30:00+01:00,0.067,False,False,0.0,0.067
2025-08-21 14:00:00+01:00,0.067,False,False,0.0,0.067
2025-08-21 14:30:00+01:00,0.067,False,False,0.0,0.067
2025-08-21 15:00:00+01:00,0.066,False,False,0.0,0.066
2025-08-21 15:30:00+01:00,0.064,False,False,0.0,0.064
2025-08-21 16:00:00+01:00,0.058,False,False,0.0,0.058
2025-08-21 16:30:00+01:00,0.086,False,False,0.0,0.086
2025-08-21 17:00:00+01:00,0.087,False,False,0.0,0.087
2025-08-21 17:30:00+01:00,0.086,False,False,0.0,0.086
2025-08-21 18:00:00+01:00,0.085,False,False,0.0,0.085
2025-08-21 18:30:00+01:00,0.08,False,False,0.0,0.08
2025-08-21 19:00:00+01:00,0.065,False,False,0.0,0.065
2025-08-21 19:30:00+01:00,0.067,False,False,0.0,0.067
2025-08-21 20:00:00+01:00,0.066,False,False,0.0,0.066
2025-08-21 20:30:00+01:00,0.066,False,False,0.0,0.066
2025-08-21 21:00:00+01:00,0.065,False,False,0.0,0.065
2025-08-21 21:30:00+01:00,0.055,False,False,0.0,0.055
2025-08-21 22:00:00+01:00,0.065,False,False,0.0,0.065
2025-08-21 22:30:00+01:00,0.065,False,False,0.0,0.065
2025-08-21 23:00:00+01:00,0.064,True,False,0.0,0.064
2025-08-21 23:30:00+01:00,0.064,True,False,0.0,0.064
2025-08-22 00:00:00+01:00,0.063,True,False,0.0,0.063
2025-08-22 00:30:00+01:00,0.053,True,False,0.0,0.053
2025-08-22 01:00:00+01:00,0.064,True,False,0.0,0.064
2025-08-22 01:30:00+01:00,0.063,True,False,0.0,0.063
2025-08-22 02:00:00+01:00,0.095,True,False,0.0,0.095
2025-08-22 02:30:00+01:00,0.079,True,False,0.0,0.079
2025-08-22 03:00:00+01:00,0.056,True,False,0.0,0.056
2025-08-22 03:30:00+01:00,0.054,True,False,0.0,0.054
2025-08-22 04:00:00+01:00,0.053,True,False,0.0,0.053
2025-08-22 04:30:00+01:00,0.053,True,False,0.0,0.053
2025-08-22 05:00:00+01:00,0.053,False,False,0.0,0.053
2025-08-22 05:30:00+01:00,0.06,False,False,0.0,0.06
2025-08-22 06:00:00+01:00,0.054,False,False,0.0,0.054
2025-08-22 06:30:00+01:00,0.065,False,False,0.0,0.065
2025-08-22 07:00:00+01:00,0.086,False,False,0.0,0.086
2025-08-22 07:30:00+01:00,0.082,False,False,0.0,0.082
2025-08-22 08:00:00+01:00,0.076,False,False,0.0,0.076
2025-08-22 08:30:00+01:00,0.07,False,False,0.0,0.07
2025-08-22 09:00:00+01:00,0.065,False,False,0.0,0.065
2025-08-22 09:30:00+01:00,0.055,False,False,0.0,0.055
2025-08-22 10:00:00+01:00,0.065,False,False,0.0,0.065
2025-08-22 10:30:00+01:00,0.066,False,False,0.0,0.066
2025-08-22 11:00:00+01:00,0.062,False,False,0.0,0.062
2025-08-22 11:30:00+01:00,0.057,False,False,0.0,0.057
2025-08-22 12:00:00+01:00,0.066,False,False,0.0,0.066
2025-08-22 12:30:00+01:00,0.066,False,False,0.0,0.066
2025-08-22 13:00:00+01:00,0.055,False,False,0.0,0.055
2025-08-22 13:30:00+01:00,0.065,False,False,0.0,0.065
2025-08-22 14:00:00+01:00,0.066,False,False,0.0,0.066
2025-08-22 14:30:00+01:00,0.065,False,False,0.0,0.065
2025-08-22 15:00:00+01:00,0.055,False,False,0.0,0.055
2025-08-22 15:30:00+01:00,0.066,False,False,0.0,0.066
2025-08-22 16:00:00+01:00,0.066,False,False,0.0,0.066
2025-08-22 16:30:00+01:00,0.08,False,False,0.0,0.08
2025-08-22 17:00:00+01:00,0.081,False,False,0.0,0.081
2025-08-22 17:30:00+01:00,0.087,False,False,0.0,0.087
2025-08-22 18:00:00+01:00,0.086,False,False,0.0,0.086
2025-08-22 18:30:00+01:00,0.075,False,False,0.0,0.075
2025-08-22 19:00:00+01:00,0.068,False,False,0.0,0.068
2025-08-22 19:30:00+01:00,0.067,False,False,0.0,0.067
2025-08-22 20:00:00+01:00,0.066,False,False,0.0,0.066
2025-08-22 20:30:00+01:00,0.055,False,False,0.0,0.055
2025-08-22 21:00:00+01:00,0.065,False,False,0.0,0.065
2025-08-22 21:30:00+01:00,0.066,False,False,0.0,0.066
2025-08-22 22:00:00+01:00,0.06,False,False,0.0,0.06
2025-08-22 22:30:00+01:00,0.059,False,False,0.0,0.059
2025-08-22 23:00:00+01:00,0.064,True,False,0.0,0.064
2025-08-22 23:30:00+01:00,0.064,True,False,0.0,0.064
2025-08-23 00:00:00+01:00,0.052,True,False,0.0,0.052
2025-08-23 00:30:00+01:00,0.064,True,False,0.0,0.064
2025-08-23 01:00:00+01:00,0.064,True,False,0.0,0.064
2025-08-23 01:30:00+01:00,0.063,True,False,0.0,0.063
2025-08-23 02:00:00+01:00,0.054,True,False,0.0,0.054
2025-08-23 02:30:00+01:00,0.061,True,False,0.0,0.061
2025-08-23 03:00:00+01:00,0.061,True,False,0.0,0.061
2025-08-23 03:30:00+01:00,0.047,True,False,0.0,0.047
2025-08-23 04:00:00+01:00,0.049,True,False,0.0,0.049
2025-08-23 04:30:00+01:00,0.053,True,False,0.0,0.053
2025-08-23 05:00:00+01:00,0.052,False,False,0.0,0.052
2025-08-23 05:30:00+01:00,0.045,False,False,0.0,0.045
2025-08-23 06:00:00+01:00,0.065,False,False,0.0,0.065
2025-08-23 06:30:00+01:00,0.066,False,False,0.0,0.066
2025-08-23 07:00:00+01:00,0.089,False,False,0.0,0.089
2025-08-23 07:30:00+01:00,0.09,False,False,0.0,0.09
2025-08-23 08:00:00+01:00,0.094,False,False,0.0,0.094
2025-08-23 08:30:00+01:00,0.078,False,False,0.0,0.078
2025-08-23 09:00:00+01:00,0.063,False,False,0.0,0.063
2025-08-23 09:30:00+01:00,0.076,False,False,0.0,0.076
2025-08-23 10:00:00+01:00,0.075,False,False,0.0,0.075
2025-08-23 10:30:00+01:00,0.068,False,False,0.0,0.068
2025-08-23 11:00:00+01:00,0.07,False,False,0.0,0.07
2025-08-23 11:30:00+01:00,0.075,False,False,0.0,0.075
2025-08-23 12:00:00+01:00,0.075,False,False,0.0,0.075
2025-08-23 12:30:00+01:00,0.063,False,False,0.0,0.063
2025-08-23 13:00:00+01:00,0.075,False,False,0.0,0.075
2025-08-23 13:30:00+01:00,0.075,False,False,0.0,0.075
2025-08-23 14:00:00+01:00,0.074,False,False,0.0,0.074
2025-08-23 14:30:00+01:00,0.065,False,False,0.0,0.065
2025-08-23 15:00:00+01:00,0.075,False,False,0.0,0.075
2025-08-23 15:30:00+01:00,0.076,False,False,0.0,0.076
2025-08-23 16:00:00+01:00,0.074,False,False,0.0,0.074
2025-08-23 16:30:00+01:00,0.096,False,False,0.0,0.096
2025-08-23 17:00:00+01:00,0.09,False,False,0.0,0.09
2025-08-23 17:30:00+01:00,0.088,False,False,0.0,0.088
2025-08-23 18:00:00+01:00,0.094,False,False,0.0,0.094
2025-08-23 18:30:00+01:00,0.095,False,False,0.0,0.095
2025-08-23 19:00:00+01:00,0.065,False,False,0.0,0.065
2025-08-23 19:30:00+01:00,0.077,False,False,0.0,0.077
2025-08-23 20:00:00+01:00,0.075,False,False,0.0,0.075
2025-08-23 20:30:00+01:00,0.071,False,False,0.0,0.071
2025-08-23 21:00:00+01:00,0.067,False,False,0.0,0.067
2025-08-23 21:30:00+01:00,0.077,False,False,0.0,0.077
2025-08-23 22:00:00+01:00,0.074,False,False,0.0,0.074
2025-08-23 22:30:00+01:00,0.062,False,False,0.0,0.062
2025-08-23 23:00:00+01:00,0.072,True,False,0.0,0.072
2025-08-23 23:30:00+01:00,0.073,True,False,0.0,0.073
2025-08-24 00:00:00+01:00,0.071,True,False,0.0,0.071
2025-08-24 00:30:00+01:00,0.063,True,False,0.0,0.063
2025-08-24 01:00:00+01:00,0.073,True,False,0.0,0.073
2025-08-24 01:30:00+01:00,0.074,True,False,0.0,0.074
2025-08-24 02:00:00+01:00,0.065,True,False,0.0,0.065
2025-08-24 02:30:00+01:00,0.062,True,False,0.0,0.062
2025-08-24 03:00:00+01:00,0.063,True,False,0.0,0.063
2025-08-24 03:30:00+01:00,0.061,True,False,0.0,0.061
2025-08-24 04:00:00+01:00,0.05,True,False,0.0,0.05
2025-08-24 04:30:00+01:00,0.063,True,False,0.0,0.063
2025-08-24 05:00:00+01:00,0.062,False,False,0.0,0.062
2025-08-24 05:30:00+01:00,0.056,False,False,0.0,0.056
2025-08-24 06:00:00+01:00,0.072,False,False,0.0,0.072
2025-08-24 06:30:00+01:00,0.075,False,False,0.0,0.075
2025-08-24 07:00:00+01:00,0.093,False,False,0.0,0.093
2025-08-24 07:30:00+01:00,0.084,False,False,0.0,0.084
2025-08-24 08:00:00+01:00,0.095,False,False,0.0,0.095
2025-08-24 08:30:00+01:00,0.078,False,False,0.0,0.078
2025-08-24 09:00:00+01:00,0.101,False,False,0.0,0.101
2025-08-24 09:30:00+01:00,0.099,False,False,0.0,0.099
2025-08-24 10:00:00+01:00,0.078,False,False,0.0,0.078
2025-08-24 10:30:00+01:00,0.077,False,False,0.0,0.077
2025-08-24 11:00:00+01:00,0.075,False,False,0.0,0.075
2025-08-24 11:30:00+01:00,0.076,False,False,0.0,0.076
2025-08-24 12:00:00+01:00,0.075,False,False,0.0,0.075
2025-08-24 12:30:00+01:00,0.084,False,False,0.0,0.084
2025-08-24 13:00:00+01:00,0.063,False,False,0.0,0.063
2025-08-24 13:30:00+01:00,0.076,False,False,0.0,0.076
2025-08-24 14:00:00+01:00,0.076,False,False,0.0,0.076
2025-08-24 14:30:00+01:00,0.075,False,False,0.0,0.075
2025-08-24 15:00:00+01:00,0.076,False,False,0.0,0.076
2025-08-24 15:30:00+01:00,0.076,False,False,0.0,0.076
2025-08-24 16:00:00+01:00,0.081,False,False,0.0,0.081
2025-08-24 16:30:00+01:00,0.097,False,False,0.0,0.097
2025-08-24 17:00:00+01:00,0.094,False,False,0.0,0.094
2025-08-24 17:30:00+01:00,0.094,False,False,0.0,0.094
2025-08-24 18:00:00+01:00,0.094,False,False,0.0,0.094
2025-08-24 18:30:00+01:00,0.096,False,False,0.0,0.096
2025-08-24 19:00:00+01:00,0.076,False,False,0.0,0.076
2025-08-24 19:30:00+01:00,0.065,False,False,0.0,0.065
2025-08-24 20:00:00+01:00,0.075,False,False,0.0,0.075
2025-08-24 20:30:00+01:00,0.075,False,False,0.0,0.075
2025-08-24 21:00:00+01:00,0.074,False,False,0.0,0.074
2025-08-24 21:30:00+01:00,0.075,False,False,0.0,0.075
2025-08-24 22:00:00+01:00,0.073,False,False,0.0,0.073
2025-08-24 22:30:00+01:00,0.063,False,False,0.0,0.063
2025-08-24 23:00:00+01:00,0.074,True,False,0.0,0.074
2025-08-24 23:30:00+01:00,0.072,True,False,0.0,0.072
2025-08-25 00:00:00+01:00,0.073,True,False,0.0,0.073
2025-08-25 00:30:00+01:00,0.073,True,False,0.0,0.073
2025-08-25 01:00:00+01:00,0.072,True,False,0.0,0.072
2025-08-25 01:30:00+01:00,0.064,True,False,0.0,0.064
2025-08-25 02:00:00+01:00,0.076,True,False,0.0,0.076
2025-08-25 02:30:00+01:00,0.07,True,False,0.0,0.07
2025-08-25 03:00:00+01:00,0.061,True,False,0.0,0.061
2025-08-25 03:30:00+01:00,0.066,True,False,0.0,0.066
2025-08-25 04:00:00+01:00,0.062,True,False,0.0,0.062
2025-08-25 04:30:00+01:00,0.06,True,False,0.0,0.06
2025-08-25 05:00:00+01:00,0.054,False,False,0.0,0.054
2025-08-25 05:30:00+01:00,0.066,False,False,0.0,0.066
2025-08-25 06:00:00+01:00,0.074,False,False,0.0,0.074
2025-08-25 06:30:00+01:00,0.065,False,False,0.0,0.065
2025-08-25 07:00:00+01:00,0.095,False,False,0.0,0.095
2025-08-25 07:30:00+01:00,0.096,False,False,0.0,0.096
2025-08-25 08:00:00+01:00,0.094,False,False,0.0,0.094
2025-08-25 08:30:00+01:00,0.068,False,False,0.0,0.068
2025-08-25 09:00:00+01:00,0.076,False,False,0.0,0.076
2025-08-25 09:30:00+01:00,0.074,False,False,0.0,0.074
2025-08-25 10:00:00+01:00,0.075,False,False,0.0,0.075
2025-08-25 10:30:00+01:00,0.076,False,False,0.0,0.076
2025-08-25 11:00:00+01:00,0.07,False,False,0.0,0.07
2025-08-25 11:30:00+01:00,0.07,False,False,0.0,0.07
2025-08-25 12:00:00+01:00,0.075,False,False,0.0,0.075
2025-08-25 12:30:00+01:00,0.075,False,False,0.0,0.075
2025-08-25 13:00:00+01:00,0.076,False,False,0.0,0.076
2025-08-25 13:30:00+01:00,0.075,False,False,0.0,0.075
2025-08-25 14:00:00+01:00,0.066,False,False,0.0,0.066
2025-08-25 14:30:00+01:00,0.074,False,False,0.0,0.074
2025-08-25 15:00:00+01:00,0.076,False,False,0.0,0.076
2025-08-25 15:30:00+01:00,0.076,False,False,0.0,0.076
2025-08-25 16:00:00+01:00,0.075,False,False,0.0,0.075
2025-08-25 16:30:00+01:00,0.096,False,False,0.0,0.096
2025-08-25 17:00:00+01:00,0.085,False,False,0.0,0.085
2025-08-25 17:30:00+01:00,0.095,False,False,0.0,0.095
2025-08-25 18:00:00+01:00,0.095,False,False,0.0,0.095
2025-08-25 18:30:00+01:00,0.095,False,False,0.0,0.095
2025-08-25 19:00:00+01:00,0.078,False,False,0.0,0.078
2025-08-25 19:30:00+01:00,0.076,False,False,0.0,0.076
2025-08-25 20:00:00+01:00,0.066,False,False,0.0,0.066
2025-08-25 20:30:00+01:00,0.077,False,False,0.0,0.077
2025-08-25 21:00:00+01:00,0.074,False,False,0.0,0.074
2025-08-25 21:30:00+01:00,0.074,False,False,0.0,0.074
2025-08-25 22:00:00+01:00,0.076,False,False,0.0,0.076
2025-08-25 22:30:00+01:00,0.073,False,False,0.0,0.073
2025-08-25 23:00:00+01:00,0.063,True,False,0.0,0.063
2025-08-25 23:30:00+01:00,0.073,True,False,0.0,0.073
2025-08-26 00:00:00+01:00,0.074,True,False,0.0,0.074
2025-08-26 00:30:00+01:00,0.073,True,False,0.0,0.073
2025-08-26 01:00:00+01:00,0.073,True,False,0.0,0.073
2025-08-26 01:30:00+01:00,0.073,True,False,0.0,0.073
2025-08-26 02:00:00+01:00,0.064,True,False,0.0,0.064
2025-08-26 02:30:00+01:00,0.066,True,False,0.0,0.066
2025-08-26 03:00:00+01:00,0.062,True,False,0.0,0.062
2025-08-26 03:30:00+01:00,0.062,True,False,0.0,0.062
2025-08-26 04:00:00+01:00,0.063,True,False,0.0,0.063
2025-08-26 04:30:00+01:00,0.059,True,False,0.0,0.059
2025-08-26 05:00:00+01:00,0.056,False,False,0.0,0.056
2025-08-26 05:30:00+01:00,0.066,False,False,0.0,0.066
2025-08-26 06:00:00+01:00,0.074,False,False,0.0,0.074
2025-08-26 06:30:00+01:00,0.075,False,False,0.0,0.075
2025-08-26 07:00:00+01:00,0.095,False,False,0.0,0.095
2025-08-26 07:30:00+01:00,0.087,False,False,0.0,0.087
2025-08-26 08:00:00+01:00,0.096,False,False,0.0,0.096
2025-08-26 08:30:00+01:00,0.077,False,False,0.0,0.077
2025-08-26 09:00:00+01:00,0.076,False,False,0.0,0.076
2025-08-26 09:30:00+01:00,0.161,False,False,0.0,0.161
2025-08-26 10:00:00+01:00,0.1,False,False,0.0,0.1
2025-08-26 10:30:00+01:00,0.075,False,False,0.0,0.075
2025-08-26 11:00:00+01:00,0.106,False,False,0.0,0.106
2025-08-26 11:30:00+01:00,0.097,False,False,0.0,0.097
2025-08-26 12:00:00+01:00,0.098,False,False,0.0,0.098
2025-08-26 12:30:00+01:00,0.098,False,False,0.0,0.098
2025-08-26 13:00:00+01:00,0.098,False,False,0.0,0.098
2025-08-26 13:30:00+01:00,0.109,False,False,0.0,0.109
2025-08-26 14:00:00+01:00,0.164,False,False,0.0,0.164
2025-08-26 14:30:00+01:00,0.101,False,False,0.0,0.101
2025-08-26 15:00:00+01:00,0.155,False,False,0.0,0.155
2025-08-26 15:30:00+01:00,0.177,False,False,0.0,0.177
2025-08-26 16:00:00+01:00,0.141,False,False,0.0,0.141
2025-08-26 16:30:00+01:00,0.097,False,False,0.0,0.097
2025-08-26 17:00:00+01:00,0.099,False,False,0.0,0.099
2025-08-26 17:30:00+01:00,0.148,False,False,0.0,0.148
2025-08-26 18:00:00+01:00,0.098,False,False,0.0,0.098
2025-08-26 18:30:00+01:00,0.097,False,False,0.0,0.097
2025-08-26 19:00:00+01:00,0.079,False,False,0.0,0.079
2025-08-26 19:30:00+01:00,0.077,False,False,0.0,0.077
2025-08-26 20:00:00+01:00,0.078,False,False,0.0,0.078
2025-08-26 20:30:00+01:00,0.075,False,False,0.0,0.075
2025-08-26 21:00:00+01:00,0.096,False,False,0.0,0.096
2025-08-26 21:30:00+01:00,0.08,False,False,0.0,0.08
2025-08-26 22:00:00+01:00,0.075,False,False,0.0,0.075
2025-08-26 22:30:00+01:00,0.076,False,False,0.0,0.076
2025-08-26 23:00:00+01:00,0.075,True,False,0.0,0.075
2025-08-26 23:30:00+01:00,0.075,True,False,0.0,0.075
2025-08-27 00:00:00+01:00,0.075,True,False,0.0,0.075
2025-08-27 00:30:00+01:00,0.073,True,False,0.0,0.073
2025-08-27 01:00:00+01:00,0.081,True,False,0.0,0.081
2025-08-27 01:30:00+01:00,0.068,True,False,0.0,0.068
2025-08-27 02:00:00+01:00,0.074,True,False,0.0,0.074
2025-08-27 02:30:00+01:00,0.07,True,False,0.0,0.07
2025-08-27 03:00:00+01:00,0.071,True,False,0.0,0.071
2025-08-27 03:30:00+01:00,0.066,True,False,0.0,0.066
2025-08-27 04:00:00+01:00,0.062,True,False,0.0,0.062
2025-08-27 04:30:00+01:00,0.07,True,False,0.0,0.07
2025-08-27 05:00:00+01:00,0.054,False,False,0.0,0.054
2025-08-27 05:30:00+01:00,0.067,False,False,0.0,0.067
2025-08-27 06:00:00+01:00,0.074,False,False,0.0,0.074
2025-08-27 06:30:00+01:00,0.076,False,False,0.0,0.076
2025-08-27 07:00:00+01:00,0.096,False,False,0.0,0.096
2025-08-27 07:30:00+01:00,0.087,False,False,0.0,0.087
2025-08-27 08:00:00+01:00,0.101,False,False,0.0,0.101
2025-08-27 08:30:00+01:00,0.086,False,False,0.0,0.086
2025-08-27 09:00:00+01:00,0.074,False,False,0.0,0.074
2025-08-27 09:30:00+01:00,0.074,False,False,0.0,0.074
2025-08-27 10:00:00+01:00,0.103,False,False,0.0,0.103
2025-08-27 10:30:00+01:00,0.098,False,False,0.0,0.098
2025-08-27 11:00:00+01:00,0.096,False,False,0.0,0.096
2025-08-27 11:30:00+01:00,0.074,False,False,0.0,0.074
2025-08-27 12:00:00+01:00,0.086,False,False,0.0,0.086
2025-08-27 12:30:00+01:00,0.094,False,False,0.0,0.094
2025-08-27 13:00:00+01:00,0.106,False,False,0.0,0.106
2025-08-27 13:30:00+01:00,0.105,False,False,0.0,0.105
2025-08-27 14:00:00+01:00,0.079,False,False,0.0,0.079
2025-08-27 14:30:00+01:00,0.072,False,False,0.0,0.072
2025-08-27 15:00:00+01:00,0.077,False,False,0.0,0.077
2025-08-27 15:30:00+01:00,0.092,False,False,0.0,0.092
2025-08-27 16:00:00+01:00,0.122,False,False,0.0,0.122
2025-08-27 16:30:00+01:00,0.095,False,False,0.0,0.095
2025-08-27 17:00:00+01:00,0.086,False,False,0.0,0.086
2025-08-27 17:30:00+01:00,0.096,False,False,0.0,0.096
2025-08-27 18:00:00+01:00,0.096,False,False,0.0,0.096
2025-08-27 18:30:00+01:00,0.095,False,False,0.0,0.095
2025-08-27 19:00:00+01:00,0.079,False,False,0.0,0.079
2025-08-27 19:30:00+01:00,0.076,False,False,0.0,0.076
2025-08-27 20:00:00+01:00,0.082,False,False,0.0,0.082
2025-08-27 20:30:00+01:00,0.07,False,False,0.0,0.07
2025-08-27 21:00:00+01:00,0.075,False,False,0.0,0.075
2025-08-27 21:30:00+01:00,0.075,False,False,0.0,0.075
2025-08-27 22:00:00+01:00,0.076,False,False,0.0,0.076
2025-08-27 22:30:00+01:00,0.074,False,False,0.0,0.074
2025-08-27 23:00:00+01:00,0.073,True,False,0.0,0.073
2025-08-27 23:30:00+01:00,0.065,True,False,0.0,0.065
2025-08-28 00:00:00+01:00,0.074,True,False,0.0,0.074
2025-08-28 00:30:00+01:00,0.073,True,False,0.0,0.073
2025-08-28 01:00:00+01:00,0.074,True,False,0.0,0.074
2025-08-28 01:30:00+01:00,0.074,True,False,0.0,0.074
2025-08-28 02:00:00+01:00,0.073,True,False,0.0,0.073
2025-08-28 02:30:00+01:00,0.056,True,False,0.0,0.056
2025-08-28 03:00:00+01:00,0.063,True,False,0.0,0.063
2025-08-28 03:30:00+01:00,0.063,True,False,0.0,0.063
2025-08-28 04:00:00+01:00,0.063,True,False,0.0,0.063
2025-08-28 04:30:00+01:00,0.062,True,False,0.0,0.062
2025-08-28 05:00:00+01:00,0.063,False,False,0.0,0.063
2025-08-28 05:30:00+01:00,0.056,False,False,0.0,0.056
2025-08-28 06:00:00+01:00,0.075,False,False,0.0,0.075
2025-08-28 06:30:00+01:00,0.075,False,False,0.0,0.075
2025-08-28 07:00:00+01:00,0.096,False,False,0.0,0.096
2025-08-28 07:30:00+01:00,0.096,False,False,0.0,0.096
2025-08-28 08:00:00+01:00,0.094,False,False,0.0,0.094
2025-08-28 08:30:00+01:00,0.069,False,False,0.0,0.069
2025-08-28 09:00:00+01:00,0.076,False,False,0.0,0.076
2025-08-28 09:30:00+01:00,0.076,False,False,0.0,0.076
2025-08-28 10:00:00+01:00,0.077,False,False,0.0,0.077
2025-08-28 10:30:00+01:00,0.076,False,False,0.0,0.076
2025-08-28 11:00:00+01:00,0.075,False,False,0.0,0.075
2025-08-28 11:30:00+01:00,0.066,False,False,0.0,0.066
2025-08-28 12:00:00+01:00,0.077,False,False,0.0,0.077
2025-08-28 12:30:00+01:00,0.075,False,False,0.0,0.075
2025-08-28 13:00:00+01:00,0.076,False,False,0.0,0.076
2025-08-28 13:30:00+01:00,0.076,False,False,0.0,0.076
2025-08-28 14:00:00+01:00,0.076,False,False,0.0,0.076
2025-08-28 14:30:00+01:00,0.084,False,False,0.0,0.084
2025-08-28 15:00:00+01:00,0.07,False,False,0.0,0.07
2025-08-28 15:30:00+01:00,0.077,False,False,0.0,0.077
2025-08-28 16:00:00+01:00,0.076,False,False,0.0,0.076
2025-08-28 16:30:00+01:00,0.096,False,False,0.0,0.096
2025-08-28 17:00:00+01:00,0.096,False,False,0.0,0.096
2025-08-28 17:30:00+01:00,0.096,False,False,0.0,0.096
2025-08-28 18:00:00+01:00,0.1,False,False,0.0,0.1
2025-08-28 18:30:00+01:00,0.092,False,False,0.0,0.092
2025-08-28 19:00:00+01:00,0.078,False,False,0.0,0.078
2025-08-28 19:30:00+01:00,0.076,False,False,0.0,0.076
2025-08-28 20:00:00+01:00,0.076,False,False,0.0,0.076
2025-08-28 20:30:00+01:00,0.076,False,False,0.0,0.076
2025-08-28 21:00:00+01:00,0.074,False,False,0.0,0.074
2025-08-28 21:30:00+01:00,0.065,False,False,0.0,0.065
2025-08-28 22:00:00+01:00,0.076,False,False,0.0,0.076
2025-08-28 22:30:00+01:00,0.074,False,False,0.0,0.074
2025-08-28 23:00:00+01:00,0.073,True,False,0.0,0.073
2025-08-28 23:30:00+01:00,0.074,True,False,0.0,0.074
2025-08-29 00:00:00+01:00,0.074,True,False,0.0,0.074
2025-08-29 00:30:00+01:00,0.081,True,False,0.0,0.081
2025-08-29 01:00:00+01:00,0.115,True,False,0.0,0.115
2025-08-29 01:30:00+01:00,0.083,True,False,0.0,0.083
2025-08-29 02:00:00+01:00,0.076,True,False,0.0,0.076
2025-08-29 02:30:00+01:00,0.067,True,False,0.0,0.067
2025-08-29 03:00:00+01:00,0.063,True,False,0.0,0.063
2025-08-29 03:30:00+01:00,0.063,True,False,0.0,0.063
2025-08-29 04:00:00+01:00,0.063,True,False,0.0,0.063
2025-08-29 04:30:00+01:00,0.077,True,False,0.0,0.077
2025-08-29 05:00:00+01:00,0.066,False,False,0.0,0.066
2025-08-29 05:30:00+01:00,0.063,False,False,0.0,0.063
2025-08-29 06:00:00+01:00,0.074,False,False,0.0,0.074
2025-08-29 06:30:00+01:00,0.075,False,False,0.0,0.075
2025-08-29 07:00:00+01:00,0.096,False,False,0.0,0.096
2025-08-29 07:30:00+01:00,0.096,False,False,0.0,0.096
2025-08-29 08:00:00+01:00,0.095,False,False,0.0,0.095
2025-08-29 08:30:00+01:00,0.085,False,False,0.0,0.085
2025-08-29 09:00:00+01:00,0.069,False,False,0.0,0.069
2025-08-29 09:30:00+01:00,0.076,False,False,0.0,0.076
2025-08-29 10:00:00+01:00,0.075,False,False,0.0,0.075
2025-08-29 10:30:00+01:00,0.076,False,False,0.0,0.076
2025-08-29 11:00:00+01:00,0.076,False,False,0.0,0.076
2025-08-29 11:30:00+01:00,0.067,False,False,0.0,0.067
2025-08-29 12:00:00+01:00,0.074,False,False,0.0,0.074
2025-08-29 12:30:00+01:00,0.076,False,False,0.0,0.076
2025-08-29 13:00:00+01:00,0.076,False,False,0.0,0.076
2025-08-29 13:30:00+01:00,0.076,False,False,0.0,0.076
2025-08-29 14:00:00+01:00,0.076,False,False,0.0,0.076
2025-08-29 14:30:00+01:00,0.075,False,False,0.0,0.075
2025-08-29 15:00:00+01:00,0.082,False,False,0.0,0.082
2025-08-29 15:30:00+01:00,0.07,False,False,0.0,0.07
2025-08-29 16:00:00+01:00,0.076,False,False,0.0,0.076
2025-08-29 16:30:00+01:00,0.095,False,False,0.0,0.095
2025-08-29 17:00:00+01:00,0.096,False,False,0.0,0.096
2025-08-29 17:30:00+01:00,0.154,False,False,0.0,0.154
2025-08-29 18:00:00+01:00,0.689,False,False,0.0,0.689
2025-08-29 18:30:00+01:00,0.972,False,False,0.0,0.972
2025-08-29 19:00:00+01:00,0.308,False,False,0.0,0.308
2025-08-29 19:30:00+01:00,0.294,False,False,0.0,0.294
2025-08-29 20:00:00+01:00,0.551,False,False,0.0,0.551
2025-08-29 20:30:00+01:00,0.277,False,False,0.0,0.277
2025-08-29 21:00:00+01:00,0.25,False,False,0.0,0.25
2025-08-29 21:30:00+01:00,0.25,False,False,0.0,0.25
2025-08-29 22:00:00+01:00,0.336,False,False,0.0,0.336
2025-08-29 22:30:00+01:00,0.107,False,False,0.0,0.107
2025-08-29 23:00:00+01:00,0.124,True,False,0.0,0.124
2025-08-29 23:30:00+01:00,0.123,True,False,0.0,0.123
2025-08-30 00:00:00+01:00,0.096,True,False,0.0,0.096
2025-08-30 00:30:00+01:00,0.097,True,False,0.0,0.097
2025-08-30 01:00:00+01:00,0.096,True,False,0.0,0.096
2025-08-30 01:30:00+01:00,0.095,True,False,0.0,0.095
2025-08-30 02:00:00+01:00,0.097,True,False,0.0,0.097
2025-08-30 02:30:00+01:00,0.092,True,False,0.0,0.092
2025-08-30 03:00:00+01:00,0.095,True,False,0.0,0.095
2025-08-30 03:30:00+01:00,0.093,True,False,0.0,0.093
2025-08-30 04:00:00+01:00,0.08,True,False,0.0,0.08
2025-08-30 04:30:00+01:00,0.084,True,False,0.0,0.084
2025-08-30 05:00:00+01:00,0.084,False,False,0.0,0.084
2025-08-30 05:30:00+01:00,0.086,False,False,0.0,0.086
2025-08-30 06:00:00+01:00,0.096,False,False,0.0,0.096
2025-08-30 06:30:00+01:00,0.098,False,False,0.0,0.098
2025-08-30 07:00:00+01:00,0.13,False,False,0.0,0.13
2025-08-30 07:30:00+01:00,0.486,False,False,0.0,0.486
2025-08-30 08:00:00+01:00,0.304,False,False,0.0,0.304
2025-08-30 08:30:00+01:00,0.699,False,False,0.0,0.699
2025-08-30 09:00:00+01:00,0.806,False,False,0.0,0.806
2025-08-30 09:30:00+01:00,0.292,False,False,0.0,0.292
2025-08-30 10:00:00+01:00,0.26,False,False,0.0,0.26
2025-08-30 10:30:00+01:00,0.718,False,False,0.0,0.718
2025-08-30 11:00:00+01:00,0.715,False,False,0.0,0.715
2025-08-30 11:30:00+01:00,0.744,False,False,0.0,0.744
2025-08-30 12:00:00+01:00,0.238,False,False,0.0,0.238
2025-08-30 12:30:00+01:00,0.376,False,False,0.0,0.376
2025-08-30 13:00:00+01:00,0.319,False,False,0.0,0.319
2025-08-30 13:30:00+01:00,0.26,False,False,0.0,0.26
2025-08-30 14:00:00+01:00,0.531,False,False,0.0,0.531
2025-08-30 14:30:00+01:00,0.501,False,False,0.0,0.501
2025-08-30 15:00:00+01:00,0.47,False,False,0.0,0.47
2025-08-30 15:30:00+01:00,0.785,False,False,0.0,0.785
2025-08-30 16:00:00+01:00,1.307,False,False,0.0,1.307
2025-08-30 16:30:00+01:00,0.83,False,False,0.0,0.83
2025-08-30 17:00:00+01:00,0.328,False,False,0.0,0.328
2025-08-30 17:30:00+01:00,0.803,False,False,0.0,0.803
2025-08-30 18:00:00+01:00,1.201,False,False,0.0,1.201
2025-08-30 18:30:00+01:00,0.746,False,False,0.0,0.746
2025-08-30 19:00:00+01:00,0.318,False,False,0.0,0.318
2025-08-30 19:30:00+01:00,0.453,False,False,0.0,0.453
2025-08-30 20:00:00+01:00,0.285,False,False,0.0,0.285
2025-08-30 20:30:00+01:00,0.183,False,False,0.0,0.183
2025-08-30 21:00:00+01:00,0.207,False,False,0.0,0.207
2025-08-30 21:30:00+01:00,0.454,False,False,0.0,0.454
2025-08-30 22:00:00+01:00,0.197,False,False,0.0,0.197
2025-08-30 22:30:00+01:00,0.171,False,False,0.0,0.171
2025-08-30 23:00:00+01:00,0.18,True,False,0.0,0.18
2025-08-30 23:30:00+01:00,0.155,True,False,0.0,0.155
2025-08-31 00:00:00+01:00,0.122,True,False,0.0,0.122
2025-08-31 00:30:00+01:00,0.111,True,False,0.0,0.111
2025-08-31 01:00:00+01:00,0.112,True,False,0.0,0.112
2025-08-31 01:30:00+01:00,0.108,True,False,0.0,0.108
2025-08-31 02:00:00+01:00,0.106,True,False,0.0,0.106
2025-08-31 02:30:00+01:00,0.097,True,False,0.0,0.097
2025-08-31 03:00:00+01:00,0.088,True,False,0.0,0.088
2025-08-31 03:30:00+01:00,0.093,True,False,0.0,0.093
2025-08-31 04:00:00+01:00,0.092,True,False,0.0,0.092
2025-08-31 04:30:00+01:00,0.092,True,False,0.0,0.092
2025-08-31 05:00:00+01:00,0.091,False,False,0.0,0.091
2025-08-31 05:30:00+01:00,0.094,False,False,0.0,0.094
2025-08-31 06:00:00+01:00,0.105,False,False,0.0,0.105
2025-08-31 06:30:00+01:00,0.093,False,False,0.0,0.093
2025-08-31 07:00:00+01:00,0.133,False,False,0.0,0.133
2025-08-31 07:30:00+01:00,0.216,False,False,0.0,0.216
2025-08-31 08:00:00+01:00,0.733,False,False,0.0,0.733
2025-08-31 08:30:00+01:00,0.381,False,False,0.0,0.381
2025-08-31 09:00:00+01:00,0.526,False,False,0.0,0.526
2025-08-31 09:30:00+01:00,0.422,False,False,0.0,0.422
2025-08-31 10:00:00+01:00,0.35,False,False,0.0,0.35
2025-08-31 10:30:00+01:00,0.168,False,False,0.0,0.168
2025-08-31 11:00:00+01:00,0.171,False,False,0.0,0.171
2025-08-31 11:30:00+01:00,0.168,False,False,0.0,0.168
2025-08-31 12:00:00+01:00,1.601,False,False,0.0,1.601
2025-08-31 12:30:00+01:00,2.701,False,True,2.439,0.262
2025-08-31 13:00:00+01:00,4.105,False,True,3.8660000000000005,0.23899999999999988
2025-08-31 13:30:00+01:00,1.985,False,False,0.0,1.985
2025-08-31 14:00:00+01:00,0.141,False,False,0.0,0.141
2025-08-31 14:30:00+01:00,0.267,False,False,0.0,0.267
2025-08-31 15:00:00+01:00,0.384,False,False,0.0,0.384
2025-08-31 15:30:00+01:00,0.343,False,False,0.0,0.343
2025-08-31 16:00:00+01:00,1.261,False,False,0.0,1.261
2025-08-31 16:30:00+01:00,4.227,False,True,3.8590000000000004,0.3679999999999999
2025-08-31 17:00:00+01:00,2.281,False,True,1.9575,0.3235000000000001
2025-08-31 17:30:00+01:00,0.326,False,False,0.0,0.326
2025-08-31 18:00:00+01:00,1.404,False,False,0.0,1.404
2025-08-31 18:30:00+01:00,0.559,False,False,0.0,0.559
2025-08-31 19:00:00+01:00,0.232,False,False,0.0,0.232
2025-08-31 19:30:00+01:00,0.618,False,False,0.0,0.618
2025-08-31 20:00:00+01:00,0.277,False,False,0.0,0.277
2025-08-31 20:30:00+01:00,0.339,False,False,0.0,0.339
2025-08-31 21:00:00+01:00,0.423,False,False,0.0,0.423
2025-08-31 21:30:00+01:00,0.509,False,False,0.0,0.509
2025-08-31 22:00:00+01:00,0.328,False,False,0.0,0.328
2025-08-31 22:30:00+01:00,3.788,False,True,3.645,0.1429999999999998
2025-08-31 23:00:00+01:00,2.042,True,True,1.9234999999999998,0.11850000000000005
2025-08-31 23:30:00+01:00,0.109,True,False,0.0,0.109
2025-09-01 00:00:00+01:00,3.79,True,True,3.695,0.0950000000000002
2025-09-01 00:30:00+01:00,2.146,True,True,2.056,0.08999999999999986
2025-09-01 01:00:00+01:00,0.103,True,False,0.0,0.103
2025-09-01 01:30:00+01:00,0.154,True,False,0.0,0.154
2025-09-01 02:00:00+01:00,3.802,True,True,3.717,0.08499999999999996
2025-09-01 02:30:00+01:00,3.835,True,True,3.757,0.07799999999999985
2025-09-01 03:00:00+01:00,1.946,True,True,1.8719999999999999,0.07400000000000007
2025-09-01 03:30:00+01:00,0.513,True,False,0.0,0.513
2025-09-01 04:00:00+01:00,2.265,True,True,2.1910000000000003,0.07399999999999984
2025-09-01 04:30:00+01:00,3.806,True,True,3.733,0.07299999999999995
2025-09-01 05:00:00+01:00,1.983,False,False,0.0,1.983
2025-09-01 05:30:00+01:00,0.093,False,False,0.0,0.093
2025-09-01 06:00:00+01:00,0.115,False,False,0.0,0.115
2025-09-01 06:30:00+01:00,0.101,False,False,0.0,0.101
2025-09-01 07:00:00+01:00,0.207,False,False,0.0,0.207
2025-09-01 07:30:00+01:00,0.721,False,False,0.0,0.721
2025-09-01 08:00:00+01:00,0.687,False,False,0.0,0.687
2025-09-01 08:30:00+01:00,0.445,False,False,0.0,0.445
2025-09-01 09:00:00+01:00,0.605,False,False,0.0,0.605
2025-09-01 09:30:00+01:00,0.193,False,False,0.0,0.193
2025-09-01 10:00:00+01:00,0.188,False,False,0.0,0.188
2025-09-01 10:30:00+01:00,0.188,False,False,0.0,0.188
2025-09-01 11:00:00+01:00,0.262,False,False,0.0,0.262
2025-09-01 11:30:00+01:00,0.197,False,False,0.0,0.197
2025-09-01 12:00:00+01:00,0.251,False,False,0.0,0.251
2025-09-01 12:30:00+01:00,0.228,False,False,0.0,0.228
2025-09-01 13:00:00+01:00,0.205,False,False,0.0,0.205
2025-09-01 13:30:00+01:00,0.193,False,False,0.0,0.193
2025-09-01 14:00:00+01:00,0.256,False,False,0.0,0.256
2025-09-01 14:30:00+01:00,0.198,False,False,0.0,0.198
2025-09-01 15:00:00+01:00,0.196,False,False,0.0,0.196
2025-09-01 15:30:00+01:00,0.287,False,False,0.0,0.287
2025-09-01 16:00:00+01:00,0.808,False,False,0.0,0.808
2025-09-01 16:30:00+01:00,0.842,False,False,0.0,0.842
2025-09-01 17:00:00+01:00,0.299,False,False,0.0,0.299
2025-09-01 17:30:00+01:00,0.697,False,False,0.0,0.697
2025-09-01 18:00:00+01:00,0.372,False,False,0.0,0.372
2025-09-01 18:30:00+01:00,0.316,False,False,0.0,0.316
2025-09-01 19:00:00+01:00,0.297,False,False,0.0,0.297
2025-09-01 19:30:00+01:00,0.567,False,False,0.0,0.567
2025-09-01 20:00:00+01:00,0.253,False,False,0.0,0.253
2025-09-01 20:30:00+01:00,0.191,False,False,0.0,0.191
2025-09-01 21:00:00+01:00,0.198,False,False,0.0,0.198
2025-09-01 21:30:00+01:00,0.185,False,False,0.0,0.185
2025-09-01 22:00:00+01:00,0.177,False,False,0.0,0.177
2025-09-01 22:30:00+01:00,0.14,False,False,0.0,0.14
2025-09-01 23:00:00+01:00,0.101,True,False,0.0,0.101
2025-09-01 23:30:00+01:00,0.106,True,False,0.0,0.106
2025-09-02 00:00:00+01:00,0.104,True,False,0.0,0.104
2025-09-02 00:30:00+01:00,0.108,True,False,0.0,0.108
2025-09-02 01:00:00+01:00,0.104,True,False,0.0,0.104
2025-09-02 01:30:00+01:00,0.103,True,False,0.0,0.103
2025-09-02 02:00:00+01:00,0.116,True,False,0.0,0.116
2025-09-02 02:30:00+01:00,0.087,True,False,0.0,0.087
2025-09-02 03:00:00+01:00,0.096,True,False,0.0,0.096
2025-09-02 03:30:00+01:00,0.092,True,False,0.0,0.092
2025-09-02 04:00:00+01:00,0.093,True,False,0.0,0.093
2025-09-02 04:30:00+01:00,0.093,True,False,0.0,0.093
2025-09-02 05:00:00+01:00,0.089,False,False,0.0,0.089
2025-09-02 05:30:00+01:00,0.088,False,False,0.0,0.088
2025-09-02 06:00:00+01:00,0.105,False,False,0.0,0.105
2025-09-02 06:30:00+01:00,0.104,False,False,0.0,0.104
2025-09-02 07:00:00+01:00,0.188,False,False,0.0,0.188
2025-09-02 07:30:00+01:00,0.447,False,False,0.0,0.447
2025-09-02 08:00:00+01:00,0.728,False,False,0.0,0.728
2025-09-02 08:30:00+01:00,0.573,False,False,0.0,0.573
2025-09-02 09:00:00+01:00,0.228,False,False,0.0,0.228
2025-09-02 09:30:00+01:00,0.426,False,False,0.0,0.426
2025-09-02 10:00:00+01:00,0.317,False,False,0.0,0.317
2025-09-02 10:30:00+01:00,0.986,False,False,0.0,0.986
2025-09-02 11:00:00+01:00,0.69,False,False,0.0,0.69
2025-09-02 11:30:00+01:00,0.574,False,False,0.0,0.574
2025-09-02 12:00:00+01:00,0.602,False,False,0.0,0.602
2025-09-02 12:30:00+01:00,0.374,False,False,0.0,0.374
2025-09-02 13:00:00+01:00,0.472,False,False,0.0,0.472
2025-09-02 13:30:00+01:00,1.067,False,False,0.0,1.067
2025-09-02 14:00:00+01:00,0.833,False,False,0.0,0.833
2025-09-02 14:30:00+01:00,0.801,False,False,0.0,0.801
2025-09-02 15:00:00+01:00,0.929,False,False,0.0,0.929
2025-09-02 15:30:00+01:00,1.033,False,False,0.0,1.033
2025-09-02 16:00:00+01:00,0.921,False,False,0.0,0.921
2025-09-02 16:30:00+01:00,0.514,False,False,0.0,0.514
2025-09-02 17:00:00+01:00,0.632,False,False,0.0,0.632
2025-09-02 17:30:00+01:00,0.865,False,False,0.0,0.865
2025-09-02 18:00:00+01:00,0.461,False,False,0.0,0.461
2025-09-02 18:30:00+01:00,0.391,False,False,0.0,0.391
2025-09-02 19:00:00+01:00,0.727,False,False,0.0,0.727
2025-09-02 19:30:00+01:00,0.261,False,False,0.0,0.261
2025-09-02 20:00:00+01:00,0.28,False,False,0.0,0.28
2025-09-02 20:30:00+01:00,0.241,False,False,0.0,0.241
2025-09-02 21:00:00+01:00,0.228,False,False,0.0,0.228
2025-09-02 21:30:00+01:00,0.262,False,False,0.0,0.262
2025-09-02 22:00:00+01:00,0.204,False,False,0.0,0.204
2025-09-02 22:30:00+01:00,0.135,False,False,0.0,0.135
2025-09-02 23:00:00+01:00,0.128,True,False,0.0,0.128
2025-09-02 23:30:00+01:00,0.097,True,False,0.0,0.097
2025-09-03 00:00:00+01:00,0.094,True,False,0.0,0.094
2025-09-03 00:30:00+01:00,0.092,True,False,0.0,0.092
2025-09-03 01:00:00+01:00,0.089,True,False,0.0,0.089
2025-09-03 01:30:00+01:00,0.09,True,False,0.0,0.09
2025-09-03 02:00:00+01:00,0.097,True,False,0.0,0.097
2025-09-03 02:30:00+01:00,0.105,True,False,0.0,0.105
2025-09-03 03:00:00+01:00,0.096,True,False,0.0,0.096
2025-09-03 03:30:00+01:00,0.096,True,False,0.0,0.096
2025-09-03 04:00:00+01:00,0.094,True,False,0.0,0.094
2025-09-03 04:30:00+01:00,0.093,True,False,0.0,0.093
2025-09-03 05:00:00+01:00,0.094,False,False,0.0,0.094
2025-09-03 05:30:00+01:00,0.096,False,False,0.0,0.096
2025-09-03 06:00:00+01:00,0.104,False,False,0.0,0.104
2025-09-03 06:30:00+01:00,0.099,False,False,0.0,0.099
2025-09-03 07:00:00+01:00,0.333,False,False,0.0,0.333
2025-09-03 07:30:00+01:00,0.634,False,False,0.0,0.634
2025-09-03 08:00:00+01:00,0.411,False,False,0.0,0.411
2025-09-03 08:30:00+01:00,0.194,False,False,0.0,0.194
2025-09-03 09:00:00+01:00,0.085,False,False,0.0,0.085
2025-09-03 09:30:00+01:00,0.096,False,False,0.0,0.096
2025-09-03 10:00:00+01:00,0.075,False,False,0.0,0.075
2025-09-03 10:30:00+01:00,0.083,False,False,0.0,0.083
2025-09-03 11:00:00+01:00,0.082,False,False,0.0,0.082
2025-09-03 11:30:00+01:00,0.076,False,False,0.0,0.076
2025-09-03 12:00:00+01:00,0.077,False,False,0.0,0.077
2025-09-03 12:30:00+01:00,0.083,False,False,0.0,0.083
2025-09-03 13:00:00+01:00,0.082,False,False,0.0,0.082
2025-09-03 13:30:00+01:00,0.081,False,False,0.0,0.081
2025-09-03 14:00:00+01:00,0.082,False,False,0.0,0.082
2025-09-03 14:30:00+01:00,0.081,False,False,0.0,0.081
2025-09-03 15:00:00+01:00,0.073,False,False,0.0,0.073
2025-09-03 15:30:00+01:00,0.164,False,False,0.0,0.164
2025-09-03 16:00:00+01:00,0.751,False,False,0.0,0.751
2025-09-03 16:30:00+01:00,0.343,False,False,0.0,0.343
2025-09-03 17:00:00+01:00,0.311,False,False,0.0,0.311
2025-09-03 17:30:00+01:00,0.268,False,False,0.0,0.268
2025-09-03 18:00:00+01:00,0.28,False,False,0.0,0.28
2025-09-03 18:30:00+01:00,0.256,False,False,0.0,0.256
2025-09-03 19:00:00+01:00,0.556,False,False,0.0,0.556
2025-09-03 19:30:00+01:00,0.55,False,False,0.0,0.55
2025-09-03 20:00:00+01:00,0.149,False,False,0.0,0.149
2025-09-03 20:30:00+01:00,0.134,False,False,0.0,0.134
2025-09-03 21:00:00+01:00,0.107,False,False,0.0,0.107
2025-09-03 21:30:00+01:00,0.098,False,False,0.0,0.098
2025-09-03 22:00:00+01:00,0.078,False,False,0.0,0.078
2025-09-03 22:30:00+01:00,0.068,False,False,0.0,0.068
2025-09-03 23:00:00+01:00,0.068,True,False,0.0,0.068
2025-09-03 23:30:00+01:00,0.11,True,False,0.0,0.11
2025-09-04 00:00:00+01:00,0.084,True,False,0.0,0.084
2025-09-04 00:30:00+01:00,0.073,True,False,0.0,0.073
2025-09-04 01:00:00+01:00,0.071,True,False,0.0,0.071
2025-09-04 01:30:00+01:00,0.069,True,False,0.0,0.069
2025-09-04 02:00:00+01:00,0.069,True,False,0.0,0.069
2025-09-04 02:30:00+01:00,0.062,True,False,0.0,0.062
2025-09-04 03:00:00+01:00,0.071,True,False,0.0,0.071
2025-09-04 03:30:00+01:00,0.056,True,False,0.0,0.056
2025-09-04 04:00:00+01:00,0.059,True,False,0.0,0.059
2025-09-04 04:30:00+01:00,0.072,True,False,0.0,0.072
2025-09-04 05:00:00+01:00,0.072,False,False,0.0,0.072
2025-09-04 05:30:00+01:00,0.076,False,False,0.0,0.076
2025-09-04 06:00:00+01:00,0.085,False,False,0.0,0.085
2025-09-04 06:30:00+01:00,0.086,False,False,0.0,0.086
2025-09-04 07:00:00+01:00,0.134,False,False,0.0,0.134
2025-09-04 07:30:00+01:00,0.276,False,False,0.0,0.276
2025-09-04 08:00:00+01:00,0.783,False,False,0.0,0.783
2025-09-04 08:30:00+01:00,0.347,False,False,0.0,0.347
2025-09-04 09:00:00+01:00,0.563,False,False,0.0,0.563
2025-09-04 09:30:00+01:00,0.766,False,False,0.0,0.766
2025-09-04 10:00:00+01:00,0.696,False,False,0.0,0.696
2025-09-04 10:30:00+01:00,0.351,False,False,0.0,0.351
2025-09-04 11:00:00+01:00,0.702,False,False,0.0,0.702
2025-09-04 11:30:00+01:00,0.376,False,False,0.0,0.376
2025-09-04 12:00:00+01:00,0.724,False,False,0.0,0.724
2025-09-04 12:30:00+01:00,0.24,False,False,0.0,0.24
2025-09-04 13:00:00+01:00,0.245,False,False,0.0,0.245
2025-09-04 13:30:00+01:00,0.249,False,False,0.0,0.249
2025-09-04 14:00:00+01:00,0.258,False,False,0.0,0.258
2025-09-04 14:30:00+01:00,0.242,False,False,0.0,0.242
2025-09-04 15:00:00+01:00,0.4,False,False,0.0,0.4
2025-09-04 15:30:00+01:00,0.361,False,False,0.0,0.361
2025-09-04 16:00:00+01:00,0.952,False,False,0.0,0.952
2025-09-04 16:30:00+01:00,0.592,False,False,0.0,0.592
2025-09-04 17:00:00+01:00,0.312,False,False,0.0,0.312
2025-09-04 17:30:00+01:00,0.504,False,False,0.0,0.504
2025-09-04 18:00:00+01:00,0.311,False,False,0.0,0.311
2025-09-04 18:30:00+01:00,0.291,False,False,0.0,0.291
2025-09-04 19:00:00+01:00,0.25,False,False,0.0,0.25
2025-09-04 19:30:00+01:00,0.709,False,False,0.0,0.709
2025-09-04 20:00:00+01:00,0.622,False,False,0.0,0.622
2025-09-04 20:30:00+01:00,0.2,False,False,0.0,0.2
2025-09-04 21:00:00+01:00,0.171,False,False,0.0,0.171
2025-09-04 21:30:00+01:00,0.167,False,False,0.0,0.167
2025-09-04 22:00:00+01:00,0.152,False,False,0.0,0.152
2025-09-04 22:30:00+01:00,0.121,False,False,0.0,0.121
2025-09-04 23:00:00+01:00,0.103,True,False,0.0,0.103
2025-09-04 23:30:00+01:00,0.097,True,False,0.0,0.097
2025-09-05 00:00:00+01:00,0.149,True,False,0.0,0.149
2025-09-05 00:30:00+01:00,0.105,True,False,0.0,0.105
2025-09-05 01:00:00+01:00,0.104,True,False,0.0,0.104
2025-09-05 01:30:00+01:00,0.104,True,False,0.0,0.104
2025-09-05 02:00:00+01:00,0.103,True,False,0.0,0.103
2025-09-05 02:30:00+01:00,0.095,True,False,0.0,0.095
2025-09-05 03:00:00+01:00,0.093,True,False,0.0,0.093
2025-09-05 03:30:00+01:00,0.111,True,False,0.0,0.111
2025-09-05 04:00:00+01:00,0.081,True,False,0.0,0.081
2025-09-05 04:30:00+01:00,0.091,True,False,0.0,0.091
2025-09-05 05:00:00+01:00,0.09,False,False,0.0,0.09
2025-09-05 05:30:00+01:00,0.094,False,False,0.0,0.094
2025-09-05 06:00:00+01:00,0.103,False,False,0.0,0.103
2025-09-05 06:30:00+01:00,0.101,False,False,0.0,0.101
2025-09-05 07:00:00+01:00,0.165,False,False,0.0,0.165
2025-09-05 07:30:00+01:00,0.546,False,False,0.0,0.546
2025-09-05 08:00:00+01:00,0.69,False,False,0.0,0.69
2025-09-05 08:30:00+01:00,0.696,False,False,0.0,0.696
2025-09-05 09:00:00+01:00,0.734,False,False,0.0,0.734
2025-09-05 09:30:00+01:00,0.182,False,False,0.0,0.182
2025-09-05 10:00:00+01:00,0.254,False,False,0.0,0.254
2025-09-05 10:30:00+01:00,0.281,False,False,0.0,0.281
2025-09-05 11:00:00+01:00,0.338,False,False,0.0,0.338
2025-09-05 11:30:00+01:00,0.178,False,False,0.0,0.178
2025-09-05 12:00:00+01:00,0.177,False,False,0.0,0.177
2025-09-05 12:30:00+01:00,0.398,False,False,0.0,0.398
2025-09-05 13:00:00+01:00,0.766,False,False,0.0,0.766
2025-09-05 13:30:00+01:00,0.586,False,False,0.0,0.586
2025-09-05 14:00:00+01:00,0.65,False,False,0.0,0.65
2025-09-05 14:30:00+01:00,0.294,False,False,0.0,0.294
2025-09-05 15:00:00+01:00,0.216,False,False,0.0,0.216
2025-09-05 15:30:00+01:00,0.21,False,False,0.0,0.21
2025-09-05 16:00:00+01:00,0.333,False,False,0.0,0.333
2025-09-05 16:30:00+01:00,0.288,False,False,0.0,0.288
2025-09-05 17:00:00+01:00,0.252,False,False,0.0,0.252
2025-09-05 17:30:00+01:00,1.004,False,False,0.0,1.004
2025-09-05 18:00:00+01:00,1.162,False,False,0.0,1.162
2025-09-05 18:30:00+01:00,0.252,False,False,0.0,0.252
2025-09-05 19:00:00+01:00,0.201,False,False,0.0,0.201
2025-09-05 19:30:00+01:00,0.171,False,False,0.0,0.171
2025-09-05 20:00:00+01:00,0.184,False,False,0.0,0.184
2025-09-05 20:30:00+01:00,0.21,False,False,0.0,0.21
2025-09-05 21:00:00+01:00,0.332,False,False,0.0,0.332
2025-09-05 21:30:00+01:00,0.296,False,False,0.0,0.296
2025-09-05 22:00:00+01:00,0.298,False,False,0.0,0.298
2025-09-05 22:30:00+01:00,0.262,False,False,0.0,0.262
2025-09-05 23:00:00+01:00,0.214,True,False,0.0,0.214
2025-09-05 23:30:00+01:00,0.214,True,False,0.0,0.214
2025-09-06 00:00:00+01:00,0.153,True,False,0.0,0.153
2025-09-06 00:30:00+01:00,0.103,True,False,0.0,0.103
2025-09-06 01:00:00+01:00,0.104,True,False,0.0,0.104
2025-09-06 01:30:00+01:00,0.107,True,False,0.0,0.107
2025-09-06 02:00:00+01:00,0.106,True,False,0.0,0.106
2025-09-06 02:30:00+01:00,0.102,True,False,0.0,0.102
2025-09-06 03:00:00+01:00,0.102,True,False,0.0,0.102
2025-09-06 03:30:00+01:00,0.102,True,False,0.0,0.102
2025-09-06 04:00:00+01:00,0.094,True,False,0.0,0.094
2025-09-06 04:30:00+01:00,0.091,True,False,0.0,0.091
2025-09-06 05:00:00+01:00,0.094,False,False,0.0,0.094
2025-09-06 05:30:00+01:00,0.097,False,False,0.0,0.097
2025-09-06 06:00:00+01:00,0.103,False,False,0.0,0.103
2025-09-06 06:30:00+01:00,0.099,False,False,0.0,0.099
2025-09-06 07:00:00+01:00,0.151,False,False,0.0,0.151
2025-09-06 07:30:00+01:00,0.506,False,False,0.0,0.506
2025-09-06 08:00:00+01:00,0.37,False,False,0.0,0.37
2025-09-06 08:30:00+01:00,0.62,False,False,0.0,0.62
2025-09-06 09:00:00+01:00,0.344,False,False,0.0,0.344
2025-09-06 09:30:00+01:00,0.463,False,False,0.0,0.463
2025-09-06 10:00:00+01:00,0.359,False,False,0.0,0.359
2025-09-06 10:30:00+01:00,0.678,False,False,0.0,0.678
2025-09-06 11:00:00+01:00,0.53,False,False,0.0,0.53
2025-09-06 11:30:00+01:00,0.251,False,False,0.0,0.251
2025-09-06 12:00:00+01:00,0.231,False,False,0.0,0.231
2025-09-06 12:30:00+01:00,0.544,False,False,0.0,0.544
2025-09-06 13:00:00+01:00,0.588,False,False,0.0,0.588
2025-09-06 13:30:00+01:00,0.5,False,False,0.0,0.5
2025-09-06 14:00:00+01:00,0.612,False,False,0.0,0.612
2025-09-06 14:30:00+01:00,0.64,False,False,0.0,0.64
2025-09-06 15:00:00+01:00,1.079,False,False,0.0,1.079
2025-09-06 15:30:00+01:00,1.176,False,False,0.0,1.176
2025-09-06 16:00:00+01:00,1.29,False,False,0.0,1.29
2025-09-06 16:30:00+01:00,1.522,False,False,0.0,1.522
2025-09-06 17:00:00+01:00,0.379,False,False,0.0,0.379
2025-09-06 17:30:00+01:00,0.273,False,False,0.0,0.273
2025-09-06 18:00:00+01:00,0.977,False,False,0.0,0.977
2025-09-06 18:30:00+01:00,0.285,False,False,0.0,0.285
2025-09-06 19:00:00+01:00,0.332,False,False,0.0,0.332
2025-09-06 19:30:00+01:00,0.331,False,False,0.0,0.331
2025-09-06 20:00:00+01:00,0.402,False,False,0.0,0.402
2025-09-06 20:30:00+01:00,0.228,False,False,0.0,0.228
2025-09-06 21:00:00+01:00,0.229,False,False,0.0,0.229
2025-09-06 21:30:00+01:00,0.213,False,False,0.0,0.213
2025-09-06 22:00:00+01:00,0.205,False,False,0.0,0.205
2025-09-06 22:30:00+01:00,0.196,False,False,0.0,0.196
2025-09-06 23:00:00+01:00,0.11,True,False,0.0,0.11
2025-09-06 23:30:00+01:00,0.095,True,False,0.0,0.095
2025-09-07 00:00:00+01:00,0.103,True,False,0.0,0.103
2025-09-07 00:30:00+01:00,0.088,True,False,0.0,0.088
2025-09-07 01:00:00+01:00,0.096,True,False,0.0,0.096
2025-09-07 01:30:00+01:00,0.094,True,False,0.0,0.094
2025-09-07 02:00:00+01:00,0.139,True,False,0.0,0.139
2025-09-07 02:30:00+01:00,0.093,True,False,0.0,0.093
2025-09-07 03:00:00+01:00,0.084,True,False,0.0,0.084
2025-09-07 03:30:00+01:00,0.083,True,False,0.0,0.083
2025-09-07 04:00:00+01:00,0.081,True,False,0.0,0.081
2025-09-07 04:30:00+01:00,0.081,True,False,0.0,0.081
2025-09-07 05:00:00+01:00,0.081,False,False,0.0,0.081
2025-09-07 05:30:00+01:00,0.099,False,False,0.0,0.099
2025-09-07 06:00:00+01:00,0.087,False,False,0.0,0.087
2025-09-07 06:30:00+01:00,0.094,False,False,0.0,0.094
2025-09-07 07:00:00+01:00,0.139,False,False,0.0,0.139
2025-09-07 07:30:00+01:00,0.433,False,False,0.0,0.433
2025-09-07 08:00:00+01:00,0.389,False,False,0.0,0.389
2025-09-07 08:30:00+01:00,0.56,False,False,0.0,0.56
2025-09-07 09:00:00+01:00,0.259,False,False,0.0,0.259
2025-09-07 09:30:00+01:00,0.356,False,False,0.0,0.356
2025-09-07 10:00:00+01:00,0.244,False,False,0.0,0.244
2025-09-07 10:30:00+01:00,0.271,False,False,0.0,0.271
2025-09-07 11:00:00+01:00,0.128,False,False,0.0,0.128
2025-09-07 11:30:00+01:00,0.18,False,False,0.0,0.18
2025-09-07 12:00:00+01:00,0.374,False,False,0.0,0.374
2025-09-07 12:30:00+01:00,0.404,False,False,0.0,0.404
2025-09-07 13:00:00+01:00,0.262,False,False,0.0,0.262
2025-09-07 13:30:00+01:00,0.235,False,False,0.0,0.235
2025-09-07 14:00:00+01:00,0.187,False,False,0.0,0.187
2025-09-07 14:30:00+01:00,0.204,False,False,0.0,0.204
2025-09-07 15:00:00+01:00,0.162,False,False,0.0,0.162
2025-09-07 15:30:00+01:00,0.188,False,False,0.0,0.188
2025-09-07 16:00:00+01:00,0.677,False,False,0.0,0.677
2025-09-07 16:30:00+01:00,1.042,False,False,0.0,1.042
2025-09-07 17:00:00+01:00,0.649,False,False,0.0,0.649
2025-09-07 17:30:00+01:00,0.958,False,False,0.0,0.958
2025-09-07 18:00:00+01:00,0.899,False,False,0.0,0.899
2025-09-07 18:30:00+01:00,0.511,False,False,0.0,0.511
2025-09-07 19:00:00+01:00,0.585,False,False,0.0,0.585
2025-09-07 19:30:00+01:00,0.177,False,False,0.0,0.177
2025-09-07 20:00:00+01:00,0.195,False,False,0.0,0.195
2025-09-07 20:30:00+01:00,0.173,False,False,0.0,0.173
2025-09-07 21:00:00+01:00,0.166,False,False,0.0,0.166
2025-09-07 21:30:00+01:00,0.163,False,False,0.0,0.163
2025-09-07 22:00:00+01:00,0.138,False,False,0.0,0.138
2025-09-07 22:30:00+01:00,0.127,False,False,0.0,0.127
2025-09-07 23:00:00+01:00,0.127,True,False,0.0,0.127
2025-09-07 23:30:00+01:00,0.104,True,False,0.0,0.104
2025-09-08 00:00:00+01:00,0.109,True,False,0.0,0.109
2025-09-08 00:30:00+01:00,0.106,True,False,0.0,0.106
2025-09-08 01:00:00+01:00,0.107,True,False,0.0,0.107
2025-09-08 01:30:00+01:00,0.106,True,False,0.0,0.106
2025-09-08 02:00:00+01:00,0.109,True,False,0.0,0.109
2025-09-08 02:30:00+01:00,0.11,True,False,0.0,0.11
2025-09-08 03:00:00+01:00,0.115,True,False,0.0,0.115
2025-09-08 03:30:00+01:00,0.091,True,False,0.0,0.091
2025-09-08 04:00:00+01:00,0.096,True,False,0.0,0.096
2025-09-08 04:30:00+01:00,0.094,True,False,0.0,0.094
2025-09-08 05:00:00+01:00,0.096,False,False,0.0,0.096
2025-09-08 05:30:00+01:00,0.098,False,False,0.0,0.098
2025-09-08 06:00:00+01:00,0.106,False,False,0.0,0.106
2025-09-08 06:30:00+01:00,0.119,False,False,0.0,0.119
2025-09-08 07:00:00+01:00,0.387,False,False,0.0,0.387
2025-09-08 07:30:00+01:00,0.375,False,False,0.0,0.375
2025-09-08 08:00:00+01:00,0.403,False,False,0.0,0.403
2025-09-08 08:30:00+01:00,0.283,False,False,0.0,0.283
2025-09-08 09:00:00+01:00,0.238,False,False,0.0,0.238
2025-09-08 09:30:00+01:00,0.295,False,False,0.0,0.295
2025-09-08 10:00:00+01:00,0.191,False,False,0.0,0.191
2025-09-08 10:30:00+01:00,0.26,False,False,0.0,0.26
2025-09-08 11:00:00+01:00,0.249,False,False,0.0,0.249
2025-09-08 11:30:00+01:00,0.193,False,False,0.0,0.193
2025-09-08 12:00:00+01:00,0.193,False,False,0.0,0.193
2025-09-08 12:30:00+01:00,0.25,False,False,0.0,0.25
2025-09-08 13:00:00+01:00,0.102,False,False,0.0,0.102
2025-09-08 13:30:00+01:00,0.142,False,False,0.0,0.142
2025-09-08 14:00:00+01:00,0.175,False,False,0.0,0.175
2025-09-08 14:30:00+01:00,0.17,False,False,0.0,0.17
2025-09-08 15:00:00+01:00,0.219,False,False,0.0,0.219
2025-09-08 15:30:00+01:00,0.175,False,False,0.0,0.175
2025-09-08 16:00:00+01:00,0.37,False,False,0.0,0.37
2025-09-08 16:30:00+01:00,0.351,False,False,0.0,0.351
2025-09-08 17:00:00+01:00,0.37,False,False,0.0,0.37
2025-09-08 17:30:00+01:00,0.829,False,False,0.0,0.829
2025-09-08 18:00:00+01:00,0.679,False,False,0.0,0.679
2025-09-08 18:30:00+01:00,0.843,False,False,0.0,0.843
2025-09-08 19:00:00+01:00,0.348,False,False,0.0,0.348
2025-09-08 19:30:00+01:00,0.475,False,False,0.0,0.475
2025-09-08 20:00:00+01:00,0.19,False,False,0.0,0.19
2025-09-08 20:30:00+01:00,0.16,False,False,0.0,0.16
2025-09-08 21:00:00+01:00,0.149,False,False,0.0,0.149
2025-09-08 21:30:00+01:00,0.101,False,False,0.0,0.101
2025-09-08 22:00:00+01:00,0.097,False,False,0.0,0.097
2025-09-08 22:30:00+01:00,0.092,False,False,0.0,0.092
2025-09-08 23:00:00+01:00,0.091,True,False,0.0,0.091
2025-09-08 23:30:00+01:00,0.09,True,False,0.0,0.09
2025-09-09 00:00:00+01:00,0.09,True,False,0.0,0.09
2025-09-09 00:30:00+01:00,0.1,True,False,0.0,0.1
2025-09-09 01:00:00+01:00,0.079,True,False,0.0,0.079
2025-09-09 01:30:00+01:00,0.091,True,False,0.0,0.091
2025-09-09 02:00:00+01:00,0.09,True,False,0.0,0.09
2025-09-09 02:30:00+01:00,0.083,True,False,0.0,0.083
2025-09-09 03:00:00+01:00,0.091,True,False,0.0,0.091
2025-09-09 03:30:00+01:00,0.117,True,False,0.0,0.117
2025-09-09 04:00:00+01:00,0.082,True,False,0.0,0.082
2025-09-09 04:30:00+01:00,0.081,True,False,0.0,0.081
2025-09-09 05:00:00+01:00,0.079,False,False,0.0,0.079
2025-09-09 05:30:00+01:00,0.083,False,False,0.0,0.083
2025-09-09 06:00:00+01:00,0.091,False,False,0.0,0.091
2025-09-09 06:30:00+01:00,0.096,False,False,0.0,0.096
2025-09-09 07:00:00+01:00,0.167,False,False,0.0,0.167
2025-09-09 07:30:00+01:00,0.479,False,False,0.0,0.479
2025-09-09 08:00:00+01:00,0.348,False,False,0.0,0.348
2025-09-09 08:30:00+01:00,0.217,False,False,0.0,0.217
2025-09-09 09:00:00+01:00,0.285,False,False,0.0,0.285
2025-09-09 09:30:00+01:00,0.28,False,False,0.0,0.28
2025-09-09 10:00:00+01:00,0.291,False,False,0.0,0.291
2025-09-09 10:30:00+01:00,0.279,False,False,0.0,0.279
2025-09-09 11:00:00+01:00,0.293,False,False,0.0,0.293
2025-09-09 11:30:00+01:00,0.26,False,False,0.0,0.26
2025-09-09 12:00:00+01:00,0.253,False,False,0.0,0.253
2025-09-09 12:30:00+01:00,0.255,False,False,0.0,0.255
2025-09-09 13:00:00+01:00,0.335,False,False,0.0,0.335
2025-09-09 13:30:00+01:00,0.269,False,False,0.0,0.269
2025-09-09 14:00:00+01:00,0.277,False,False,0.0,0.277
2025-09-09 14:30:00+01:00,0.443,False,False,0.0,0.443
2025-09-09 15:00:00+01:00,0.441,False,False,0.0,0.441
2025-09-09 15:30:00+01:00,0.426,False,False,0.0,0.426
2025-09-09 16:00:00+01:00,1.111,False,False,0.0,1.111
2025-09-09 16:30:00+01:00,0.884,False,False,0.0,0.884
2025-09-09 17:00:00+01:00,0.393,False,False,0.0,0.393
2025-09-09 17:30:00+01:00,0.331,False,False,0.0,0.331
2025-09-09 18:00:00+01:00,0.32,False,False,0.0,0.32
2025-09-09 18:30:00+01:00,0.46,False,False,0.0,0.46
2025-09-09 19:00:00+01:00,0.341,False,False,0.0,0.341
2025-09-09 19:30:00+01:00,0.221,False,False,0.0,0.221
2025-09-09 20:00:00+01:00,0.309,False,False,0.0,0.309
2025-09-09 20:30:00+01:00,0.164,False,False,0.0,0.164
2025-09-09 21:00:00+01:00,0.148,False,False,0.0,0.148
2025-09-09 21:30:00+01:00,0.111,False,False,0.0,0.111
2025-09-09 22:00:00+01:00,0.118,False,False,0.0,0.118
2025-09-09 22:30:00+01:00,0.095,False,False,0.0,0.095
2025-09-09 23:00:00+01:00,0.105,True,False,0.0,0.105
2025-09-09 23:30:00+01:00,0.104,True,False,0.0,0.104
2025-09-10 00:00:00+01:00,0.103,True,False,0.0,0.103
2025-09-10 00:30:00+01:00,0.101,True,False,0.0,0.101
2025-09-10 01:00:00+01:00,0.102,True,False,0.0,0.102
2025-09-10 01:30:00+01:00,0.136,True,False,0.0,0.136
2025-09-10 02:00:00+01:00,0.119,True,False,0.0,0.119
2025-09-10 02:30:00+01:00,0.098,True,False,0.0,0.098
2025-09-10 03:00:00+01:00,0.092,True,False,0.0,0.092
2025-09-10 03:30:00+01:00,0.092,True,False,0.0,0.092
2025-09-10 04:00:00+01:00,0.091,True,False,0.0,0.091
2025-09-10 04:30:00+01:00,0.091,True,False,0.0,0.091
2025-09-10 05:00:00+01:00,0.104,False,False,0.0,0.104
2025-09-10 05:30:00+01:00,0.099,False,False,0.0,0.099
2025-09-10 06:00:00+01:00,0.099,False,False,0.0,0.099
2025-09-10 06:30:00+01:00,0.104,False,False,0.0,0.104
2025-09-10 07:00:00+01:00,0.426,False,False,0.0,0.426
2025-09-10 07:30:00+01:00,0.32,False,False,0.0,0.32
2025-09-10 08:00:00+01:00,0.501,False,False,0.0,0.501
2025-09-10 08:30:00+01:00,0.491,False,False,0.0,0.491
2025-09-10 09:00:00+01:00,1.069,False,False,0.0,1.069
2025-09-10 09:30:00+01:00,0.501,False,False,0.0,0.501
2025-09-10 10:00:00+01:00,0.21,False,False,0.0,0.21
2025-09-10 10:30:00+01:00,0.365,False,False,0.0,0.365
2025-09-10 11:00:00+01:00,0.361,False,False,0.0,0.361
2025-09-10 11:30:00+01:00,0.202,False,False,0.0,0.202
2025-09-10 12:00:00+01:00,0.2,False,False,0.0,0.2
2025-09-10 12:30:00+01:00,0.228,False,False,0.0,0.228
2025-09-10 13:00:00+01:00,0.185,False,False,0.0,0.185
2025-09-10 13:30:00+01:00,0.187,False,False,0.0,0.187
2025-09-10 14:00:00+01:00,0.239,False,False,0.0,0.239
2025-09-10 14:30:00+01:00,0.267,False,False,0.0,0.267
2025-09-10 15:00:00+01:00,0.21,False,False,0.0,0.21
2025-09-10 15:30:00+01:00,0.25,False,False,0.0,0.25
2025-09-10 16:00:00+01:00,0.206,False,False,0.0,0.206
2025-09-10 16:30:00+01:00,0.278,False,False,0.0,0.278
2025-09-10 17:00:00+01:00,0.284,False,False,0.0,0.284
2025-09-10 17:30:00+01:00,1.226,False,False,0.0,1.226
2025-09-10 18:00:00+01:00,0.43,False,False,0.0,0.43
2025-09-10 18:30:00+01:00,0.307,False,False,0.0,0.307
2025-09-10 19:00:00+01:00,0.277,False,False,0.0,0.277
2025-09-10 19:30:00+01:00,0.188,False,False,0.0,0.188
2025-09-10 20:00:00+01:00,0.176,False,False,0.0,0.176
2025-09-10 20:30:00+01:00,0.321,False,False,0.0,0.321
2025-09-10 21:00:00+01:00,0.313,False,False,0.0,0.313
2025-09-10 21:30:00+01:00,0.306,False,False,0.0,0.306
2025-09-10 22:00:00+01:00,0.301,False,False,0.0,0.301
2025-09-10 22:30:00+01:00,0.292,False,False,0.0,0.292
2025-09-10 23:00:00+01:00,0.281,True,False,0.0,0.281
2025-09-10 23:30:00+01:00,0.172,True,False,0.0,0.172
2025-09-11 00:00:00+01:00,0.145,True,False,0.0,0.145
2025-09-11 00:30:00+01:00,0.098,True,False,0.0,0.098
2025-09-11 01:00:00+01:00,0.094,True,False,0.0,0.094
2025-09-11 01:30:00+01:00,0.091,True,False,0.0,0.091
2025-09-11 02:00:00+01:00,0.09,True,False,0.0,0.09
2025-09-11 02:30:00+01:00,0.083,True,False,0.0,0.083
2025-09-11 03:00:00+01:00,0.08,True,False,0.0,0.08
2025-09-11 03:30:00+01:00,0.083,True,False,0.0,0.083
2025-09-11 04:00:00+01:00,0.072,True,False,0.0,0.072
2025-09-11 04:30:00+01:00,0.079,True,False,0.0,0.079
2025-09-11 05:00:00+01:00,0.078,False,False,0.0,0.078
2025-09-11 05:30:00+01:00,0.08,False,False,0.0,0.08
2025-09-11 06:00:00+01:00,0.092,False,False,0.0,0.092
2025-09-11 06:30:00+01:00,0.105,False,False,0.0,0.105
2025-09-11 07:00:00+01:00,0.179,False,False,0.0,0.179
2025-09-11 07:30:00+01:00,0.819,False,False,0.0,0.819
2025-09-11 08:00:00+01:00,0.493,False,False,0.0,0.493
2025-09-11 08:30:00+01:00,0.307,False,False,0.0,0.307
2025-09-11 09:00:00+01:00,0.191,False,False,0.0,0.191
2025-09-11 09:30:00+01:00,0.642,False,False,0.0,0.642
2025-09-11 10:00:00+01:00,0.508,False,False,0.0,0.508
2025-09-11 10:30:00+01:00,0.362,False,False,0.0,0.362
2025-09-11 11:00:00+01:00,0.35,False,False,0.0,0.35
2025-09-11 11:30:00+01:00,0.321,False,False,0.0,0.321
2025-09-11 12:00:00+01:00,0.313,False,False,0.0,0.313
2025-09-11 12:30:00+01:00,0.303,False,False,0.0,0.303
2025-09-11 13:00:00+01:00,0.267,False,False,0.0,0.267
2025-09-11 13:30:00+01:00,0.299,False,False,0.0,0.299
2025-09-11 14:00:00+01:00,0.289,False,False,0.0,0.289
2025-09-11 14:30:00+01:00,0.272,False,False,0.0,0.272
2025-09-11 15:00:00+01:00,0.283,False,False,0.0,0.283
2025-09-11 15:30:00+01:00,0.38,False,False,0.0,0.38
2025-09-11 16:00:00+01:00,0.374,False,False,0.0,0.374
2025-09-11 16:30:00+01:00,0.351,False,False,0.0,0.351
2025-09-11 17:00:00+01:00,0.348,False,False,0.0,0.348
2025-09-11 17:30:00+01:00,0.383,False,False,0.0,0.383
2025-09-11 18:00:00+01:00,0.335,False,False,0.0,0.335
2025-09-11 18:30:00+01:00,0.378,False,False,0.0,0.378
2025-09-11 19:00:00+01:00,0.983,False,False,0.0,0.983
2025-09-11 19:30:00+01:00,0.405,False,False,0.0,0.405
2025-09-11 20:00:00+01:00,0.275,False,False,0.0,0.275
2025-09-11 20:30:00+01:00,0.213,False,False,0.0,0.213
2025-09-11 21:00:00+01:00,0.236,False,False,0.0,0.236
2025-09-11 21:30:00+01:00,0.216,False,False,0.0,0.216
2025-09-11 22:00:00+01:00,0.236,False,False,0.0,0.236
2025-09-11 22:30:00+01:00,0.212,False,False,0.0,0.212
2025-09-11 23:00:00+01:00,0.231,True,False,0.0,0.231
2025-09-11 23:30:00+01:00,0.239,True,False,0.0,0.239
2025-09-12 00:00:00+01:00,0.159,True,False,0.0,0.159
2025-09-12 00:30:00+01:00,0.12,True,False,0.0,0.12
2025-09-12 01:00:00+01:00,0.118,True,False,0.0,0.118
2025-09-12 01:30:00+01:00,0.117,True,False,0.0,0.117
2025-09-12 02:00:00+01:00,0.112,True,False,0.0,0.112
2025-09-12 02:30:00+01:00,0.107,True,False,0.0,0.107
2025-09-12 03:00:00+01:00,0.1,True,False,0.0,0.1
2025-09-12 03:30:00+01:00,0.092,True,False,0.0,0.092
2025-09-12 04:00:00+01:00,0.095,True,False,0.0,0.095
2025-09-12 04:30:00+01:00,0.094,True,False,0.0,0.094
2025-09-12 05:00:00+01:00,0.094,False,False,0.0,0.094
2025-09-12 05:30:00+01:00,0.097,False,False,0.0,0.097
2025-09-12 06:00:00+01:00,0.106,False,False,0.0,0.106
2025-09-12 06:30:00+01:00,0.099,False,False,0.0,0.099
2025-09-12 07:00:00+01:00,0.387,False,False,0.0,0.387
2025-09-12 07:30:00+01:00,0.66,False,False,0.0,0.66
2025-09-12 08:00:00+01:00,0.472,False,False,0.0,0.472
2025-09-12 08:30:00+01:00,0.667,False,False,0.0,0.667
2025-09-12 09:00:00+01:00,0.778,False,False,0.0,0.778
2025-09-12 09:30:00+01:00,0.493,False,False,0.0,0.493
2025-09-12 10:00:00+01:00,0.202,False,False,0.0,0.202
2025-09-12 10:30:00+01:00,0.254,False,False,0.0,0.254
2025-09-12 11:00:00+01:00,0.246,False,False,0.0,0.246
2025-09-12 11:30:00+01:00,0.205,False,False,0.0,0.205
2025-09-12 12:00:00+01:00,0.2,False,False,0.0,0.2
2025-09-12 12:30:00+01:00,0.181,False,False,0.0,0.181
2025-09-12 13:00:00+01:00,0.23,False,False,0.0,0.23
2025-09-12 13:30:00+01:00,0.228,False,False,0.0,0.228
2025-09-12 14:00:00+01:00,0.227,False,False,0.0,0.227
2025-09-12 14:30:00+01:00,0.228,False,False,0.0,0.228
2025-09-12 15:00:00+01:00,0.277,False,False,0.0,0.277
2025-09-12 15:30:00+01:00,0.715,False,False,0.0,0.715
2025-09-12 16:00:00+01:00,0.684,False,False,0.0,0.684
2025-09-12 16:30:00+01:00,0.341,False,False,0.0,0.341
2025-09-12 17:00:00+01:00,0.495,False,False,0.0,0.495
2025-09-12 17:30:00+01:00,0.561,False,False,0.0,0.561
2025-09-12 18:00:00+01:00,0.915,False,False,0.0,0.915
2025-09-12 18:30:00+01:00,0.347,False,False,0.0,0.347
2025-09-12 19:00:00+01:00,0.304,False,False,0.0,0.304
2025-09-12 19:30:00+01:00,2.023,False,True,1.7945000000000002,0.22849999999999993
2025-09-12 20:00:00+01:00,3.86,False,True,3.642,0.21799999999999997
2025-09-12 20:30:00+01:00,3.939,False,True,3.729,0.20999999999999996
2025-09-12 21:00:00+01:00,3.104,False,True,2.902,0.20199999999999996
2025-09-12 21:30:00+01:00,3.948,False,True,3.76,0.18800000000000017
2025-09-12 22:00:00+01:00,3.506,False,True,3.3379999999999996,0.16800000000000015
2025-09-12 22:30:00+01:00,0.192,False,False,0.0,0.192
2025-09-12 23:00:00+01:00,1.999,True,True,1.8805,0.11850000000000005
2025-09-12 23:30:00+01:00,2.334,True,True,2.23,0.10400000000000009
2025-09-13 00:00:00+01:00,3.435,True,True,3.34,0.0950000000000002
2025-09-13 00:30:00+01:00,0.107,True,False,0.0,0.107
2025-09-13 01:00:00+01:00,1.435,True,True,1.347,0.08800000000000008
2025-09-13 01:30:00+01:00,0.104,True,False,0.0,0.104
2025-09-13 02:00:00+01:00,0.386,True,False,0.0,0.386
2025-09-13 02:30:00+01:00,3.719,True,True,3.641,0.07799999999999985
2025-09-13 03:00:00+01:00,1.457,True,True,1.383,0.07400000000000007
2025-09-13 03:30:00+01:00,3.811,True,True,3.7359999999999998,0.07500000000000018
2025-09-13 04:00:00+01:00,2.304,True,True,2.23,0.07399999999999984
2025-09-13 04:30:00+01:00,3.84,True,True,3.767,0.07299999999999995
2025-09-13 05:00:00+01:00,3.837,False,True,3.7640000000000002,0.07299999999999995
2025-09-13 05:30:00+01:00,3.008,False,True,2.932,0.07600000000000007
2025-09-13 06:00:00+01:00,1.711,False,False,0.0,1.711
2025-09-13 06:30:00+01:00,0.094,False,False,0.0,0.094
2025-09-13 07:00:00+01:00,0.146,False,False,0.0,0.146
2025-09-13 07:30:00+01:00,0.199,False,False,0.0,0.199
2025-09-13 08:00:00+01:00,0.437,False,False,0.0,0.437
2025-09-13 08:30:00+01:00,0.827,False,False,0.0,0.827
2025-09-13 09:00:00+01:00,0.913,False,False,0.0,0.913
2025-09-13 09:30:00+01:00,1.095,False,False,0.0,1.095
2025-09-13 10:00:00+01:00,0.503,False,False,0.0,0.503
2025-09-13 10:30:00+01:00,0.501,False,False,0.0,0.501
2025-09-13 11:00:00+01:00,0.406,False,False,0.0,0.406
2025-09-13 11:30:00+01:00,0.189,False,False,0.0,0.189
2025-09-13 12:00:00+01:00,0.226,False,False,0.0,0.226
2025-09-13 12:30:00+01:00,0.242,False,False,0.0,0.242
2025-09-13 13:00:00+01:00,0.249,False,False,0.0,0.249
2025-09-13 13:30:00+01:00,0.205,False,False,0.0,0.205
2025-09-13 14:00:00+01:00,0.354,False,False,0.0,0.354
2025-09-13 14:30:00+01:00,0.342,False,False,0.0,0.342
2025-09-13 15:00:00+01:00,0.265,False,False,0.0,0.265
2025-09-13 15:30:00+01:00,0.24,False,False,0.0,0.24
2025-09-13 16:00:00+01:00,0.241,False,False,0.0,0.241
2025-09-13 16:30:00+01:00,0.254,False,False,0.0,0.254
2025-09-13 17:00:00+01:00,0.256,False,False,0.0,0.256
2025-09-13 17:30:00+01:00,0.257,False,False,0.0,0.257
2025-09-13 18:00:00+01:00,0.243,False,False,0.0,0.243
2025-09-13 18:30:00+01:00,0.285,False,False,0.0,0.285
2025-09-13 19:00:00+01:00,0.231,False,False,0.0,0.231
2025-09-13 19:30:00+01:00,0.254,False,False,0.0,0.254
2025-09-13 20:00:00+01:00,0.291,False,False,0.0,0.291
2025-09-13 20:30:00+01:00,0.196,False,False,0.0,0.196
2025-09-13 21:00:00+01:00,0.128,False,False,0.0,0.128
2025-09-13 21:30:00+01:00,0.113,False,False,0.0,0.113
2025-09-13 22:00:00+01:00,0.109,False,False,0.0,0.109
2025-09-13 22:30:00+01:00,0.158,False,False,0.0,0.158
2025-09-13 23:00:00+01:00,0.112,True,False,0.0,0.112
2025-09-13 23:30:00+01:00,0.092,True,False,0.0,0.092
2025-09-14 00:00:00+01:00,0.09,True,False,0.0,0.09
2025-09-14 00:30:00+01:00,0.089,True,False,0.0,0.089
2025-09-14 01:00:00+01:00,0.089,True,False,0.0,0.089
2025-09-14 01:30:00+01:00,0.09,True,False,0.0,0.09
2025-09-14 02:00:00+01:00,0.081,True,False,0.0,0.081
2025-09-14 02:30:00+01:00,0.079,True,False,0.0,0.079
2025-09-14 03:00:00+01:00,0.078,True,False,0.0,0.078
2025-09-14 03:30:00+01:00,0.077,True,False,0.0,0.077
2025-09-14 04:00:00+01:00,0.076,True,False,0.0,0.076
2025-09-14 04:30:00+01:00,0.076,True,False,0.0,0.076
2025-09-14 05:00:00+01:00,0.068,False,False,0.0,0.068
2025-09-14 05:30:00+01:00,0.073,False,False,0.0,0.073
2025-09-14 06:00:00+01:00,0.087,False,False,0.0,0.087
2025-09-14 06:30:00+01:00,0.086,False,False,0.0,0.086
2025-09-14 07:00:00+01:00,0.137,False,False,0.0,0.137
2025-09-14 07:30:00+01:00,0.522,False,False,0.0,0.522
2025-09-14 08:00:00+01:00,0.316,False,False,0.0,0.316
2025-09-14 08:30:00+01:00,0.458,False,False,0.0,0.458
2025-09-14 09:00:00+01:00,0.401,False,False,0.0,0.401
2025-09-14 09:30:00+01:00,0.639,False,False,0.0,0.639
2025-09-14 10:00:00+01:00,0.729,False,False,0.0,0.729
2025-09-14 10:30:00+01:00,0.14,False,False,0.0,0.14
2025-09-14 11:00:00+01:00,0.206,False,False,0.0,0.206
2025-09-14 11:30:00+01:00,0.189,False,False,0.0,0.189
2025-09-14 12:00:00+01:00,0.26,False,False,0.0,0.26
2025-09-14 12:30:00+01:00,0.172,False,False,0.0,0.172
2025-09-14 13:00:00+01:00,0.159,False,False,0.0,0.159
2025-09-14 13:30:00+01:00,0.54,False,False,0.0,0.54
2025-09-14 14:00:00+01:00,0.629,False,False,0.0,0.629
2025-09-14 14:30:00+01:00,0.635,False,False,0.0,0.635
2025-09-14 15:00:00+01:00,0.257,False,False,0.0,0.257
2025-09-14 15:30:00+01:00,0.321,False,False,0.0,0.321
2025-09-14 16:00:00+01:00,0.729,False,False,0.0,0.729
2025-09-14 16:30:00+01:00,0.292,False,False,0.0,0.292
2025-09-14 17:00:00+01:00,0.407,False,False,0.0,0.407
2025-09-14 17:30:00+01:00,0.446,False,False,0.0,0.446
2025-09-14 18:00:00+01:00,1.645,False,False,0.0,1.645
2025-09-14 18:30:00+01:00,0.428,False,False,0.0,0.428
2025-09-14 19:00:00+01:00,0.202,False,False,0.0,0.202
2025-09-14 19:30:00+01:00,0.153,False,False,0.0,0.153
2025-09-14 20:00:00+01:00,0.444,False,False,0.0,0.444
2025-09-14 20:30:00+01:00,0.122,False,False,0.0,0.122
2025-09-14 21:00:00+01:00,0.111,False,False,0.0,0.111
2025-09-14 21:30:00+01:00,0.11,False,False,0.0,0.11
2025-09-14 22:00:00+01:00,0.08,False,False,0.0,0.08
2025-09-14 22:30:00+01:00,0.077,False,False,0.0,0.077
2025-09-14 23:00:00+01:00,0.074,True,False,0.0,0.074
2025-09-14 23:30:00+01:00,0.073,True,False,0.0,0.073
2025-09-15 00:00:00+01:00,0.071,True,False,0.0,0.071
2025-09-15 00:30:00+01:00,0.081,True,False,0.0,0.081
2025-09-15 01:00:00+01:00,0.081,True,False,0.0,0.081
2025-09-15 01:30:00+01:00,0.063,True,False,0.0,0.063
2025-09-15 02:00:00+01:00,0.073,True,False,0.0,0.073
2025-09-15 02:30:00+01:00,0.069,True,False,0.0,0.069
2025-09-15 03:00:00+01:00,0.068,True,False,0.0,0.068
2025-09-15 03:30:00+01:00,0.054,True,False,0.0,0.054
2025-09-15 04:00:00+01:00,0.06,True,False,0.0,0.06
2025-09-15 04:30:00+01:00,0.06,True,False,0.0,0.06
2025-09-15 05:00:00+01:00,0.06,False,False,0.0,0.06
2025-09-15 05:30:00+01:00,0.056,False,False,0.0,0.056
2025-09-15 06:00:00+01:00,0.069,False,False,0.0,0.069
2025-09-15 06:30:00+01:00,0.073,False,False,0.0,0.073
2025-09-15 07:00:00+01:00,0.205,False,False,0.0,0.205
2025-09-15 07:30:00+01:00,0.383,False,False,0.0,0.383
2025-09-15 08:00:00+01:00,0.379,False,False,0.0,0.379
2025-09-15 08:30:00+01:00,0.207,False,False,0.0,0.207
2025-09-15 09:00:00+01:00,0.102,False,False,0.0,0.102
2025-09-15 09:30:00+01:00,0.088,False,False,0.0,0.088
2025-09-15 10:00:00+01:00,0.089,False,False,0.0,0.089
2025-09-15 10:30:00+01:00,0.086,False,False,0.0,0.086
2025-09-15 11:00:00+01:00,0.086,False,False,0.0,0.086
2025-09-15 11:30:00+01:00,0.086,False,False,0.0,0.086
2025-09-15 12:00:00+01:00,0.098,False,False,0.0,0.098
2025-09-15 12:30:00+01:00,0.075,False,False,0.0,0.075
2025-09-15 13:00:00+01:00,0.087,False,False,0.0,0.087
2025-09-15 13:30:00+01:00,0.086,False,False,0.0,0.086
2025-09-15 14:00:00+01:00,0.085,False,False,0.0,0.085
2025-09-15 14:30:00+01:00,0.077,False,False,0.0,0.077
2025-09-15 15:00:00+01:00,0.082,False,False,0.0,0.082
2025-09-15 15:30:00+01:00,0.095,False,False,0.0,0.095
2025-09-15 16:00:00+01:00,0.262,False,False,0.0,0.262
2025-09-15 16:30:00+01:00,0.312,False,False,0.0,0.312
2025-09-15 17:00:00+01:00,0.323,False,False,0.0,0.323
2025-09-15 17:30:00+01:00,0.684,False,False,0.0,0.684
2025-09-15 18:00:00+01:00,0.38,False,False,0.0,0.38
2025-09-15 18:30:00+01:00,0.315,False,False,0.0,0.315
2025-09-15 19:00:00+01:00,0.283,False,False,0.0,0.283
2025-09-15 19:30:00+01:00,0.319,False,False,0.0,0.319
2025-09-15 20:00:00+01:00,0.153,False,False,0.0,0.153
2025-09-15 20:30:00+01:00,0.154,False,False,0.0,0.154
2025-09-15 21:00:00+01:00,0.118,False,False,0.0,0.118
2025-09-15 21:30:00+01:00,0.193,False,False,0.0,0.193
2025-09-15 22:00:00+01:00,0.105,False,False,0.0,0.105
2025-09-15 22:30:00+01:00,0.092,False,False,0.0,0.092
2025-09-15 23:00:00+01:00,0.091,True,False,0.0,0.091
2025-09-15 23:30:00+01:00,0.09,True,False,0.0,0.09
2025-09-16 00:00:00+01:00,0.09,True,False,0.0,0.09
2025-09-16 00:30:00+01:00,0.14,True,False,0.0,0.14
2025-09-16 01:00:00+01:00,0.089,True,False,0.0,0.089
2025-09-16 01:30:00+01:00,0.088,True,False,0.0,0.088
2025-09-16 02:00:00+01:00,0.088,True,False,0.0,0.088
2025-09-16 02:30:00+01:00,0.077,True,False,0.0,0.077
2025-09-16 03:00:00+01:00,0.073,True,False,0.0,0.073
2025-09-16 03:30:00+01:00,0.074,True,False,0.0,0.074
2025-09-16 04:00:00+01:00,0.076,True,False,0.0,0.076
2025-09-16 04:30:00+01:00,0.071,True,False,0.0,0.071
2025-09-16 05:00:00+01:00,0.075,False,False,0.0,0.075
2025-09-16 05:30:00+01:00,0.077,False,False,0.0,0.077
2025-09-16 06:00:00+01:00,0.084,False,False,0.0,0.084
2025-09-16 06:30:00+01:00,0.079,False,False,0.0,0.079
2025-09-16 07:00:00+01:00,0.343,False,False,0.0,0.343
2025-09-16 07:30:00+01:00,0.468,False,False,0.0,0.468
2025-09-16 08:00:00+01:00,0.352,False,False,0.0,0.352
2025-09-16 08:30:00+01:00,0.262,False,False,0.0,0.262
2025-09-16 09:00:00+01:00,0.317,False,False,0.0,0.317
2025-09-16 09:30:00+01:00,0.271,False,False,0.0,0.271
2025-09-16 10:00:00+01:00,0.257,False,False,0.0,0.257
2025-09-16 10:30:00+01:00,0.274,False,False,0.0,0.274
2025-09-16 11:00:00+01:00,0.274,False,False,0.0,0.274
2025-09-16 11:30:00+01:00,0.274,False,False,0.0,0.274
2025-09-16 12:00:00+01:00,0.262,False,False,0.0,0.262
2025-09-16 12:30:00+01:00,0.274,False,False,0.0,0.274
2025-09-16 13:00:00+01:00,0.277,False,False,0.0,0.277
2025-09-16 13:30:00+01:00,0.268,False,False,0.0,0.268
2025-09-16 14:00:00+01:00,0.323,False,False,0.0,0.323
2025-09-16 14:30:00+01:00,0.275,False,False,0.0,0.275
2025-09-16 15:00:00+01:00,0.372,False,False,0.0,0.372
2025-09-16 15:30:00+01:00,0.264,False,False,0.0,0.264
2025-09-16 16:00:00+01:00,0.53,False,False,0.0,0.53
2025-09-16 16:30:00+01:00,0.339,False,False,0.0,0.339
2025-09-16 17:00:00+01:00,0.708,False,False,0.0,0.708
2025-09-16 17:30:00+01:00,0.396,False,False,0.0,0.396
2025-09-16 18:00:00+01:00,0.403,False,False,0.0,0.403
2025-09-16 18:30:00+01:00,0.352,False,False,0.0,0.352
2025-09-16 19:00:00+01:00,0.476,False,False,0.0,0.476
2025-09-16 19:30:00+01:00,0.312,False,False,0.0,0.312
2025-09-16 20:00:00+01:00,0.304,False,False,0.0,0.304
2025-09-16 20:30:00+01:00,0.181,False,False,0.0,0.181
2025-09-16 21:00:00+01:00,0.2,False,False,0.0,0.2
2025-09-16 21:30:00+01:00,0.291,False,False,0.0,0.291
2025-09-16 22:00:00+01:00,0.175,False,False,0.0,0.175
2025-09-16 22:30:00+01:00,0.169,False,False,0.0,0.169
2025-09-16 23:00:00+01:00,0.139,True,False,0.0,0.139
2025-09-16 23:30:00+01:00,0.088,True,False,0.0,0.088
2025-09-17 00:00:00+01:00,0.085,True,False,0.0,0.085
2025-09-17 00:30:00+01:00,0.089,True,False,0.0,0.089
2025-09-17 01:00:00+01:00,0.102,True,False,0.0,0.102
2025-09-17 01:30:00+01:00,0.076,True,False,0.0,0.076
2025-09-17 02:00:00+01:00,0.085,True,False,0.0,0.085
2025-09-17 02:30:00+01:00,0.077,True,False,0.0,0.077
2025-09-17 03:00:00+01:00,0.073,True,False,0.0,0.073
2025-09-17 03:30:00+01:00,0.072,True,False,0.0,0.072
2025-09-17 04:00:00+01:00,0.073,True,False,0.0,0.073
2025-09-17 04:30:00+01:00,0.077,True,False,0.0,0.077
2025-09-17 05:00:00+01:00,0.071,False,False,0.0,0.071
2025-09-17 05:30:00+01:00,0.077,False,False,0.0,0.077
2025-09-17 06:00:00+01:00,0.084,False,False,0.0,0.084
2025-09-17 06:30:00+01:00,0.082,False,False,0.0,0.082
2025-09-17 07:00:00+01:00,0.46,False,False,0.0,0.46
2025-09-17 07:30:00+01:00,0.545,False,False,0.0,0.545
2025-09-17 08:00:00+01:00,0.545,False,False,0.0,0.545
2025-09-17 08:30:00+01:00,0.309,False,False,0.0,0.309
2025-09-17 09:00:00+01:00,0.546,False,False,0.0,0.546
2025-09-17 09:30:00+01:00,0.722,False,False,0.0,0.722
2025-09-17 10:00:00+01:00,0.613,False,False,0.0,0.613
2025-09-17 10:30:00+01:00,0.169,False,False,0.0,0.169
2025-09-17 11:00:00+01:00,0.204,False,False,0.0,0.204
2025-09-17 11:30:00+01:00,0.187,False,False,0.0,0.187
2025-09-17 12:00:00+01:00,0.321,False,False,0.0,0.321
2025-09-17 12:30:00+01:00,0.326,False,False,0.0,0.326
2025-09-17 13:00:00+01:00,0.187,False,False,0.0,0.187
2025-09-17 13:30:00+01:00,0.393,False,False,0.0,0.393
2025-09-17 14:00:00+01:00,0.522,False,False,0.0,0.522
2025-09-17 14:30:00+01:00,0.195,False,False,0.0,0.195
2025-09-17 15:00:00+01:00,0.193,False,False,0.0,0.193
2025-09-17 15:30:00+01:00,0.185,False,False,0.0,0.185
2025-09-17 16:00:00+01:00,0.212,False,False,0.0,0.212
2025-09-17 16:30:00+01:00,1.315,False,False,0.0,1.315
2025-09-17 17:00:00+01:00,0.757,False,False,0.0,0.757
2025-09-17 17:30:00+01:00,0.32,False,False,0.0,0.32
2025-09-17 18:00:00+01:00,0.33,False,False,0.0,0.33
2025-09-17 18:30:00+01:00,0.25,False,False,0.0,0.25
2025-09-17 19:00:00+01:00,0.229,False,False,0.0,0.229
2025-09-17 19:30:00+01:00,0.229,False,False,0.0,0.229
2025-09-17 20:00:00+01:00,0.296,False,False,0.0,0.296
2025-09-17 20:30:00+01:00,0.347,False,False,0.0,0.347
2025-09-17 21:00:00+01:00,1.914,False,False,0.0,1.914
2025-09-17 21:30:00+01:00,3.969,False,True,3.7809999999999997,0.18800000000000017
2025-09-17 22:00:00+01:00,3.97,False,True,3.802,0.16800000000000015
2025-09-17 22:30:00+01:00,4.007,False,True,3.864,0.1429999999999998
2025-09-17 23:00:00+01:00,3.668,True,True,3.5495,0.11850000000000005
2025-09-17 23:30:00+01:00,3.814,True,True,3.71,0.10400000000000009
2025-09-18 00:00:00+01:00,3.798,True,True,3.703,0.0950000000000002
2025-09-18 00:30:00+01:00,3.804,True,True,3.714,0.08999999999999986
2025-09-18 01:00:00+01:00,3.776,True,True,3.6879999999999997,0.08800000000000008
2025-09-18 01:30:00+01:00,3.801,True,True,3.7150000000000003,0.08599999999999985
2025-09-18 02:00:00+01:00,3.791,True,True,3.706,0.08499999999999996
2025-09-18 02:30:00+01:00,1.758,True,True,1.68,0.07800000000000007
2025-09-18 03:00:00+01:00,0.085,True,False,0.0,0.085
2025-09-18 03:30:00+01:00,0.083,True,False,0.0,0.083
2025-09-18 04:00:00+01:00,0.084,True,False,0.0,0.084
2025-09-18 04:30:00+01:00,0.082,True,False,0.0,0.082
2025-09-18 05:00:00+01:00,0.084,False,False,0.0,0.084
2025-09-18 05:30:00+01:00,0.083,False,False,0.0,0.083
2025-09-18 06:00:00+01:00,0.08,False,False,0.0,0.08
2025-09-18 06:30:00+01:00,0.087,False,False,0.0,0.087
2025-09-18 07:00:00+01:00,0.16,False,False,0.0,0.16
2025-09-18 07:30:00+01:00,0.475,False,False,0.0,0.475
2025-09-18 08:00:00+01:00,0.69,False,False,0.0,0.69
2025-09-18 08:30:00+01:00,0.311,False,False,0.0,0.311
2025-09-18 09:00:00+01:00,0.208,False,False,0.0,0.208
2025-09-18 09:30:00+01:00,0.494,False,False,0.0,0.494
2025-09-18 10:00:00+01:00,0.598,False,False,0.0,0.598
2025-09-18 10:30:00+01:00,0.776,False,False,0.0,0.776
2025-09-18 11:00:00+01:00,0.666,False,False,0.0,0.666
2025-09-18 11:30:00+01:00,0.337,False,False,0.0,0.337
2025-09-18 12:00:00+01:00,0.387,False,False,0.0,0.387
2025-09-18 12:30:00+01:00,0.311,False,False,0.0,0.311
2025-09-18 13:00:00+01:00,0.282,False,False,0.0,0.282
2025-09-18 13:30:00+01:00,0.306,False,False,0.0,0.306
2025-09-18 14:00:00+01:00,0.297,False,False,0.0,0.297
2025-09-18 14:30:00+01:00,0.296,False,False,0.0,0.296
2025-09-18 15:00:00+01:00,0.564,False,False,0.0,0.564
2025-09-18 15:30:00+01:00,1.039,False,False,0.0,1.039
2025-09-18 16:00:00+01:00,0.52,False,False,0.0,0.52
2025-09-18 16:30:00+01:00,1.186,False,False,0.0,1.186
2025-09-18 17:00:00+01:00,0.597,False,False,0.0,0.597
2025-09-18 17:30:00+01:00,0.334,False,False,0.0,0.334
2025-09-18 18:00:00+01:00,0.303,False,False,0.0,0.303
2025-09-18 18:30:00+01:00,0.502,False,False,0.0,0.502
2025-09-18 19:00:00+01:00,1.284,False,False,0.0,1.284
2025-09-18 19:30:00+01:00,0.393,False,False,0.0,0.393
2025-09-18 20:00:00+01:00,0.179,False,False,0.0,0.179
2025-09-18 20:30:00+01:00,0.177,False,False,0.0,0.177
2025-09-18 21:00:00+01:00,0.16,False,False,0.0,0.16
2025-09-18 21:30:00+01:00,0.132,False,False,0.0,0.132
2025-09-18 22:00:00+01:00,0.128,False,False,0.0,0.128
2025-09-18 22:30:00+01:00,0.125,False,False,0.0,0.125
2025-09-18 23:00:00+01:00,0.123,True,False,0.0,0.123
2025-09-18 23:30:00+01:00,0.168,True,False,0.0,0.168
2025-09-19 00:00:00+01:00,0.129,True,False,0.0,0.129
2025-09-19 00:30:00+01:00,0.123,True,False,0.0,0.123
2025-09-19 01:00:00+01:00,0.122,True,False,0.0,0.122
2025-09-19 01:30:00+01:00,0.119,True,False,0.0,0.119
2025-09-19 02:00:00+01:00,0.12,True,False,0.0,0.12
2025-09-19 02:30:00+01:00,0.112,True,False,0.0,0.112
2025-09-19 03:00:00+01:00,0.121,True,False,0.0,0.121
2025-09-19 03:30:00+01:00,0.101,True,False,0.0,0.101
2025-09-19 04:00:00+01:00,0.108,True,False,0.0,0.108
2025-09-19 04:30:00+01:00,0.108,True,False,0.0,0.108
2025-09-19 05:00:00+01:00,0.108,False,False,0.0,0.108
2025-09-19 05:30:00+01:00,0.111,False,False,0.0,0.111
2025-09-19 06:00:00+01:00,0.118,False,False,0.0,0.118
2025-09-19 06:30:00+01:00,0.122,False,False,0.0,0.122
2025-09-19 07:00:00+01:00,0.234,False,False,0.0,0.234
2025-09-19 07:30:00+01:00,0.839,False,False,0.0,0.839
2025-09-19 08:00:00+01:00,0.47,False,False,0.0,0.47
2025-09-19 08:30:00+01:00,0.248,False,False,0.0,0.248
2025-09-19 09:00:00+01:00,0.254,False,False,0.0,0.254
2025-09-19 09:30:00+01:00,0.257,False,False,0.0,0.257
2025-09-19 10:00:00+01:00,0.097,False,False,0.0,0.097
2025-09-19 10:30:00+01:00,0.182,False,False,0.0,0.182
2025-09-19 11:00:00+01:00,0.272,False,False,0.0,0.272
2025-09-19 11:30:00+01:00,0.194,False,False,0.0,0.194
2025-09-19 12:00:00+01:00,0.244,False,False,0.0,0.244
2025-09-19 12:30:00+01:00,0.195,False,False,0.0,0.195
2025-09-19 13:00:00+01:00,0.193,False,False,0.0,0.193
2025-09-19 13:30:00+01:00,0.189,False,False,0.0,0.189
2025-09-19 14:00:00+01:00,0.189,False,False,0.0,0.189
2025-09-19 14:30:00+01:00,0.243,False,False,0.0,0.243
2025-09-19 15:00:00+01:00,0.172,False,False,0.0,0.172
2025-09-19 15:30:00+01:00,0.265,False,False,0.0,0.265
2025-09-19 16:00:00+01:00,0.342,False,False,0.0,0.342
2025-09-19 16:30:00+01:00,0.397,False,False,0.0,0.397
2025-09-19 17:00:00+01:00,0.968,False,False,0.0,0.968
2025-09-19 17:30:00+01:00,0.869,False,False,0.0,0.869
2025-09-19 18:00:00+01:00,0.361,False,False,0.0,0.361
2025-09-19 18:30:00+01:00,0.28,False,False,0.0,0.28
2025-09-19 19:00:00+01:00,0.207,False,False,0.0,0.207
2025-09-19 19:30:00+01:00,0.193,False,False,0.0,0.193
2025-09-19 20:00:00+01:00,0.188,False,False,0.0,0.188
2025-09-19 20:30:00+01:00,0.195,False,False,0.0,0.195
2025-09-19 21:00:00+01:00,0.198,False,False,0.0,0.198
2025-09-19 21:30:00+01:00,0.194,False,False,0.0,0.194
2025-09-19 22:00:00+01:00,0.212,False,False,0.0,0.212
2025-09-19 22:30:00+01:00,0.213,False,False,0.0,0.213
2025-09-19 23:00:00+01:00,0.187,True,False,0.0,0.187
2025-09-19 23:30:00+01:00,0.193,True,False,0.0,0.193
2025-09-20 00:00:00+01:00,0.189,True,False,0.0,0.189
2025-09-20 00:30:00+01:00,0.177,True,False,0.0,0.177
2025-09-20 01:00:00+01:00,0.122,True,False,0.0,0.122
2025-09-20 01:30:00+01:00,0.117,True,False,0.0,0.117
2025-09-20 02:00:00+01:00,0.117,True,False,0.0,0.117
2025-09-20 02:30:00+01:00,0.104,True,False,0.0,0.104
2025-09-20 03:00:00+01:00,0.105,True,False,0.0,0.105
2025-09-20 03:30:00+01:00,0.105,True,False,0.0,0.105
2025-09-20 04:00:00+01:00,0.104,True,False,0.0,0.104
2025-09-20 04:30:00+01:00,0.094,True,False,0.0,0.094
2025-09-20 05:00:00+01:00,0.105,False,False,0.0,0.105
2025-09-20 05:30:00+01:00,0.109,False,False,0.0,0.109
2025-09-20 06:00:00+01:00,0.114,False,False,0.0,0.114
2025-09-20 06:30:00+01:00,0.115,False,False,0.0,0.115
2025-09-20 07:00:00+01:00,0.147,False,False,0.0,0.147
2025-09-20 07:30:00+01:00,0.446,False,False,0.0,0.446
2025-09-20 08:00:00+01:00,0.251,False,False,0.0,0.251
2025-09-20 08:30:00+01:00,0.229,False,False,0.0,0.229
2025-09-20 09:00:00+01:00,0.473,False,False,0.0,0.473
2025-09-20 09:30:00+01:00,0.322,False,False,0.0,0.322
2025-09-20 10:00:00+01:00,0.488,False,False,0.0,0.488
2025-09-20 10:30:00+01:00,0.326,False,False,0.0,0.326
2025-09-20 11:00:00+01:00,0.558,False,False,0.0,0.558
2025-09-20 11:30:00+01:00,0.465,False,False,0.0,0.465
2025-09-20 12:00:00+01:00,0.466,False,False,0.0,0.466
2025-09-20 12:30:00+01:00,0.706,False,False,0.0,0.706
2025-09-20 13:00:00+01:00,0.607,False,False,0.0,0.607
2025-09-20 13:30:00+01:00,2.557,False,True,2.3285,0.22849999999999993
2025-09-20 14:00:00+01:00,2.679,False,True,2.4629999999999996,0.2160000000000002
2025-09-20 14:30:00+01:00,0.271,False,False,0.0,0.271
2025-09-20 15:00:00+01:00,3.885,False,True,3.666,0.21899999999999986
2025-09-20 15:30:00+01:00,1.298,False,False,0.0,1.298
2025-09-20 16:00:00+01:00,0.46,False,False,0.0,0.46
2025-09-20 16:30:00+01:00,0.216,False,False,0.0,0.216
2025-09-20 17:00:00+01:00,0.225,False,False,0.0,0.225
2025-09-20 17:30:00+01:00,0.22,False,False,0.0,0.22
2025-09-20 18:00:00+01:00,0.267,False,False,0.0,0.267
2025-09-20 18:30:00+01:00,0.271,False,False,0.0,0.271
2025-09-20 19:00:00+01:00,0.297,False,False,0.0,0.297
2025-09-20 19:30:00+01:00,0.263,False,False,0.0,0.263
2025-09-20 20:00:00+01:00,0.306,False,False,0.0,0.306
2025-09-20 20:30:00+01:00,1.614,False,False,0.0,1.614
2025-09-20 21:00:00+01:00,0.126,False,False,0.0,0.126
2025-09-20 21:30:00+01:00,2.767,False,False,0.0,2.767
2025-09-20 22:00:00+01:00,0.141,False,False,0.0,0.141
2025-09-20 22:30:00+01:00,1.713,False,False,0.0,1.713
2025-09-20 23:00:00+01:00,0.094,True,False,0.0,0.094
2025-09-20 23:30:00+01:00,0.092,True,False,0.0,0.092
2025-09-21 00:00:00+01:00,0.088,True,False,0.0,0.088
2025-09-21 00:30:00+01:00,2.894,True,True,2.8040000000000003,0.08999999999999986
2025-09-21 01:00:00+01:00,3.748,True,True,3.66,0.08800000000000008
2025-09-21 01:30:00+01:00,3.771,True,True,3.685,0.08599999999999985
2025-09-21 02:00:00+01:00,2.172,True,True,2.087,0.08499999999999996
2025-09-21 02:30:00+01:00,1.748,True,True,1.67,0.07800000000000007
2025-09-21 03:00:00+01:00,2.788,True,True,2.714,0.07399999999999984
2025-09-21 03:30:00+01:00,1.901,True,True,1.826,0.07499999999999996
2025-09-21 04:00:00+01:00,1.09,True,True,1.016,0.07400000000000007
2025-09-21 04:30:00+01:00,2.926,True,True,2.853,0.07299999999999995
2025-09-21 05:00:00+01:00,3.783,False,True,3.71,0.07299999999999995
2025-09-21 05:30:00+01:00,3.471,False,True,3.395,0.07600000000000007
2025-09-21 06:00:00+01:00,2.25,False,True,2.167,0.08300000000000018
2025-09-21 06:30:00+01:00,3.779,False,True,3.6759999999999997,0.1030000000000002
2025-09-21 07:00:00+01:00,0.205,False,False,0.0,0.205
2025-09-21 07:30:00+01:00,4.166,False,True,3.6720000000000006,0.4939999999999998
2025-09-21 08:00:00+01:00,2.48,False,True,2.0285,0.4514999999999998
2025-09-21 08:30:00+01:00,0.284,False,False,0.0,0.284
2025-09-21 09:00:00+01:00,0.452,False,False,0.0,0.452
2025-09-21 09:30:00+01:00,0.841,False,False,0.0,0.841
2025-09-21 10:00:00+01:00,0.797,False,False,0.0,0.797
2025-09-21 10:30:00+01:00,1.053,False,False,0.0,1.053
2025-09-21 11:00:00+01:00,1.192,False,False,0.0,1.192
2025-09-21 11:30:00+01:00,1.289,False,False,0.0,1.289
2025-09-21 12:00:00+01:00,0.284,False,False,0.0,0.284
2025-09-21 12:30:00+01:00,0.668,False,False,0.0,0.668
2025-09-21 13:00:00+01:00,0.556,False,False,0.0,0.556
2025-09-21 13:30:00+01:00,0.272,False,False,0.0,0.272
2025-09-21 14:00:00+01:00,0.268,False,False,0.0,0.268
2025-09-21 14:30:00+01:00,0.795,False,False,0.0,0.795
2025-09-21 15:00:00+01:00,0.282,False,False,0.0,0.282
2025-09-21 15:30:00+01:00,0.25,False,False,0.0,0.25
2025-09-21 16:00:00+01:00,0.288,False,False,0.0,0.288
2025-09-21 16:30:00+01:00,0.677,False,False,0.0,0.677
2025-09-21 17:00:00+01:00,0.809,False,False,0.0,0.809
2025-09-21 17:30:00+01:00,1.034,False,False,0.0,1.034
2025-09-21 18:00:00+01:00,0.446,False,False,0.0,0.446
2025-09-21 18:30:00+01:00,0.439,False,False,0.0,0.439
2025-09-21 19:00:00+01:00,0.207,False,False,0.0,0.207
2025-09-21 19:30:00+01:00,0.248,False,False,0.0,0.248
2025-09-21 20:00:00+01:00,0.425,False,False,0.0,0.425
2025-09-21 20:30:00+01:00,0.159,False,False,0.0,0.159
2025-09-21 21:00:00+01:00,0.701,False,False,0.0,0.701
2025-09-21 21:30:00+01:00,0.318,False,False,0.0,0.318
2025-09-21 22:00:00+01:00,0.125,False,False,0.0,0.125
2025-09-21 22:30:00+01:00,0.143,False,False,0.0,0.143
2025-09-21 23:00:00+01:00,0.134,True,False,0.0,0.134
2025-09-21 23:30:00+01:00,0.111,True,False,0.0,0.111
2025-09-22 00:00:00+01:00,0.108,True,False,0.0,0.108
2025-09-22 00:30:00+01:00,0.108,True,False,0.0,0.108
2025-09-22 01:00:00+01:00,0.106,True,False,0.0,0.106
2025-09-22 01:30:00+01:00,0.108,True,False,0.0,0.108
2025-09-22 02:00:00+01:00,0.118,True,False,0.0,0.118
2025-09-22 02:30:00+01:00,0.101,True,False,0.0,0.101
2025-09-22 03:00:00+01:00,0.104,True,False,0.0,0.104
2025-09-22 03:30:00+01:00,0.101,True,False,0.0,0.101
2025-09-22 04:00:00+01:00,0.095,True,False,0.0,0.095
2025-09-22 04:30:00+01:00,0.095,True,False,0.0,0.095
2025-09-22 05:00:00+01:00,0.095,False,False,0.0,0.095
2025-09-22 05:30:00+01:00,0.101,False,False,0.0,0.101
2025-09-22 06:00:00+01:00,0.096,False,False,0.0,0.096
2025-09-22 06:30:00+01:00,0.107,False,False,0.0,0.107
2025-09-22 07:00:00+01:00,0.207,False,False,0.0,0.207
2025-09-22 07:30:00+01:00,0.436,False,False,0.0,0.436
2025-09-22 08:00:00+01:00,0.267,False,False,0.0,0.267
2025-09-22 08:30:00+01:00,0.328,False,False,0.0,0.328
2025-09-22 09:00:00+01:00,0.189,False,False,0.0,0.189
2025-09-22 09:30:00+01:00,0.257,False,False,0.0,0.257
2025-09-22 10:00:00+01:00,0.28,False,False,0.0,0.28
2025-09-22 10:30:00+01:00,0.315,False,False,0.0,0.315
2025-09-22 11:00:00+01:00,0.65,False,False,0.0,0.65
2025-09-22 11:30:00+01:00,0.29,False,False,0.0,0.29
2025-09-22 12:00:00+01:00,0.272,False,False,0.0,0.272
2025-09-22 12:30:00+01:00,0.286,False,False,0.0,0.286
2025-09-22 13:00:00+01:00,0.989,False,False,0.0,0.989
2025-09-22 13:30:00+01:00,0.354,False,False,0.0,0.354
2025-09-22 14:00:00+01:00,0.268,False,False,0.0,0.268
2025-09-22 14:30:00+01:00,0.275,False,False,0.0,0.275
2025-09-22 15:00:00+01:00,0.203,False,False,0.0,0.203
2025-09-22 15:30:00+01:00,0.217,False,False,0.0,0.217
2025-09-22 16:00:00+01:00,0.331,False,False,0.0,0.331
2025-09-22 16:30:00+01:00,0.344,False,False,0.0,0.344
2025-09-22 17:00:00+01:00,0.297,False,False,0.0,0.297
2025-09-22 17:30:00+01:00,0.755,False,False,0.0,0.755
2025-09-22 18:00:00+01:00,0.254,False,False,0.0,0.254
2025-09-22 18:30:00+01:00,0.333,False,False,0.0,0.333
2025-09-22 19:00:00+01:00,0.255,False,False,0.0,0.255
2025-09-22 19:30:00+01:00,0.262,False,False,0.0,0.262
2025-09-22 20:00:00+01:00,0.215,False,False,0.0,0.215
2025-09-22 20:30:00+01:00,0.202,False,False,0.0,0.202
2025-09-22 21:00:00+01:00,0.198,False,False,0.0,0.198
2025-09-22 21:30:00+01:00,0.163,False,False,0.0,0.163
2025-09-22 22:00:00+01:00,0.101,False,False,0.0,0.101
2025-09-22 22:30:00+01:00,0.099,False,False,0.0,0.099
2025-09-22 23:00:00+01:00,0.108,True,False,0.0,0.108
2025-09-22 23:30:00+01:00,0.08,True,False,0.0,0.08
2025-09-23 00:00:00+01:00,0.087,True,False,0.0,0.087
2025-09-23 00:30:00+01:00,0.086,True,False,0.0,0.086
2025-09-23 01:00:00+01:00,0.084,True,False,0.0,0.084
2025-09-23 01:30:00+01:00,0.074,True,False,0.0,0.074
2025-09-23 02:00:00+01:00,0.086,True,False,0.0,0.086
2025-09-23 02:30:00+01:00,0.078,True,False,0.0,0.078
2025-09-23 03:00:00+01:00,0.072,True,False,0.0,0.072
2025-09-23 03:30:00+01:00,0.066,True,False,0.0,0.066
2025-09-23 04:00:00+01:00,0.077,True,False,0.0,0.077
2025-09-23 04:30:00+01:00,0.076,True,False,0.0,0.076
2025-09-23 05:00:00+01:00,0.063,False,False,0.0,0.063
2025-09-23 05:30:00+01:00,0.08,False,False,0.0,0.08
2025-09-23 06:00:00+01:00,0.086,False,False,0.0,0.086
2025-09-23 06:30:00+01:00,0.086,False,False,0.0,0.086
2025-09-23 07:00:00+01:00,0.298,False,False,0.0,0.298
2025-09-23 07:30:00+01:00,0.806,False,False,0.0,0.806
2025-09-23 08:00:00+01:00,0.371,False,False,0.0,0.371
2025-09-23 08:30:00+01:00,0.37,False,False,0.0,0.37
2025-09-23 09:00:00+01:00,0.406,False,False,0.0,0.406
2025-09-23 09:30:00+01:00,0.449,False,False,0.0,0.449
2025-09-23 10:00:00+01:00,0.185,False,False,0.0,0.185
2025-09-23 10:30:00+01:00,0.189,False,False,0.0,0.189
2025-09-23 11:00:00+01:00,0.183,False,False,0.0,0.183
2025-09-23 11:30:00+01:00,0.25,False,False,0.0,0.25
2025-09-23 12:00:00+01:00,0.182,False,False,0.0,0.182
2025-09-23 12:30:00+01:00,0.18,False,False,0.0,0.18
2025-09-23 13:00:00+01:00,0.213,False,False,0.0,0.213
2025-09-23 13:30:00+01:00,0.191,False,False,0.0,0.191
2025-09-23 14:00:00+01:00,0.275,False,False,0.0,0.275
2025-09-23 14:30:00+01:00,0.173,False,False,0.0,0.173
2025-09-23 15:00:00+01:00,0.185,False,False,0.0,0.185
2025-09-23 15:30:00+01:00,0.34,False,False,0.0,0.34
2025-09-23 16:00:00+01:00,0.36,False,False,0.0,0.36
2025-09-23 16:30:00+01:00,0.374,False,False,0.0,0.374
2025-09-23 17:00:00+01:00,0.537,False,False,0.0,0.537
2025-09-23 17:30:00+01:00,0.345,False,False,0.0,0.345
2025-09-23 18:00:00+01:00,0.898,False,False,0.0,0.898
2025-09-23 18:30:00+01:00,0.219,False,False,0.0,0.219
2025-09-23 19:00:00+01:00,0.249,False,False,0.0,0.249
2025-09-23 19:30:00+01:00,0.507,False,False,0.0,0.507
2025-09-23 20:00:00+01:00,0.488,False,False,0.0,0.488
2025-09-23 20:30:00+01:00,0.322,False,False,0.0,0.322
2025-09-23 21:00:00+01:00,0.321,False,False,0.0,0.321
2025-09-23 21:30:00+01:00,0.633,False,False,0.0,0.633
2025-09-23 22:00:00+01:00,0.286,False,False,0.0,0.286
2025-09-23 22:30:00+01:00,0.099,False,False,0.0,0.099
2025-09-23 23:00:00+01:00,0.096,True,False,0.0,0.096
2025-09-23 23:30:00+01:00,0.089,True,False,0.0,0.089
2025-09-24 00:00:00+01:00,0.087,True,False,0.0,0.087
2025-09-24 00:30:00+01:00,0.085,True,False,0.0,0.085
2025-09-24 01:00:00+01:00,0.085,True,False,0.0,0.085
2025-09-24 01:30:00+01:00,0.08,True,False,0.0,0.08
2025-09-24 02:00:00+01:00,0.083,True,False,0.0,0.083
2025-09-24 02:30:00+01:00,0.076,True,False,0.0,0.076
2025-09-24 03:00:00+01:00,0.068,True,False,0.0,0.068
2025-09-24 03:30:00+01:00,0.064,True,False,0.0,0.064
2025-09-24 04:00:00+01:00,0.072,True,False,0.0,0.072
2025-09-24 04:30:00+01:00,0.072,True,False,0.0,0.072
2025-09-24 05:00:00+01:00,0.06,False,False,0.0,0.06
2025-09-24 05:30:00+01:00,0.075,False,False,0.0,0.075
2025-09-24 06:00:00+01:00,0.084,False,False,0.0,0.084
2025-09-24 06:30:00+01:00,0.089,False,False,0.0,0.089
2025-09-24 07:00:00+01:00,0.184,False,False,0.0,0.184
2025-09-24 07:30:00+01:00,0.377,False,False,0.0,0.377
2025-09-24 08:00:00+01:00,0.468,False,False,0.0,0.468
2025-09-24 08:30:00+01:00,0.241,False,False,0.0,0.241
2025-09-24 09:00:00+01:00,0.334,False,False,0.0,0.334
2025-09-24 09:30:00+01:00,0.861,False,False,0.0,0.861
2025-09-24 10:00:00+01:00,0.781,False,False,0.0,0.781
2025-09-24 10:30:00+01:00,0.379,False,False,0.0,0.379
2025-09-24 11:00:00+01:00,0.334,False,False,0.0,0.334
2025-09-24 11:30:00+01:00,0.268,False,False,0.0,0.268
2025-09-24 12:00:00+01:00,0.258,False,False,0.0,0.258
2025-09-24 12:30:00+01:00,0.429,False,False,0.0,0.429
2025-09-24 13:00:00+01:00,0.287,False,False,0.0,0.287
2025-09-24 13:30:00+01:00,0.378,False,False,0.0,0.378
2025-09-24 14:00:00+01:00,0.257,False,False,0.0,0.257
2025-09-24 14:30:00+01:00,0.238,False,False,0.0,0.238
2025-09-24 15:00:00+01:00,0.268,False,False,0.0,0.268
2025-09-24 15:30:00+01:00,0.232,False,False,0.0,0.232
2025-09-24 16:00:00+01:00,0.285,False,False,0.0,0.285
2025-09-24 16:30:00+01:00,0.468,False,False,0.0,0.468
2025-09-24 17:00:00+01:00,0.338,False,False,0.0,0.338
2025-09-24 17:30:00+01:00,0.306,False,False,0.0,0.306
2025-09-24 18:00:00+01:00,0.275,False,False,0.0,0.275
2025-09-24 18:30:00+01:00,0.282,False,False,0.0,0.282
2025-09-24 19:00:00+01:00,0.286,False,False,0.0,0.286
2025-09-24 19:30:00+01:00,0.349,False,False,0.0,0.349
2025-09-24 20:00:00+01:00,0.222,False,False,0.0,0.222
2025-09-24 20:30:00+01:00,0.175,False,False,0.0,0.175
2025-09-24 21:00:00+01:00,0.155,False,False,0.0,0.155
2025-09-24 21:30:00+01:00,0.149,False,False,0.0,0.149
2025-09-24 22:00:00+01:00,0.145,False,False,0.0,0.145
2025-09-24 22:30:00+01:00,0.145,False,False,0.0,0.145
2025-09-24 23:00:00+01:00,0.152,True,False,0.0,0.152
2025-09-24 23:30:00+01:00,0.123,True,False,0.0,0.123
2025-09-25 00:00:00+01:00,0.131,True,False,0.0,0.131
2025-09-25 00:30:00+01:00,0.13,True,False,0.0,0.13
2025-09-25 01:00:00+01:00,0.128,True,False,0.0,0.128
2025-09-25 01:30:00+01:00,0.123,True,False,0.0,0.123
2025-09-25 02:00:00+01:00,0.122,True,False,0.0,0.122
2025-09-25 02:30:00+01:00,0.124,True,False,0.0,0.124
2025-09-25 03:00:00+01:00,0.12,True,False,0.0,0.12
2025-09-25 03:30:00+01:00,0.112,True,False,0.0,0.112
2025-09-25 04:00:00+01:00,0.112,True,False,0.0,0.112
2025-09-25 04:30:00+01:00,0.12,True,False,0.0,0.12
2025-09-25 05:00:00+01:00,0.117,False,False,0.0,0.117
2025-09-25 05:30:00+01:00,0.114,False,False,0.0,0.114
2025-09-25 06:00:00+01:00,0.125,False,False,0.0,0.125
2025-09-25 06:30:00+01:00,0.142,False,False,0.0,0.142
2025-09-25 07:00:00+01:00,0.283,False,False,0.0,0.283
2025-09-25 07:30:00+01:00,0.763,False,False,0.0,0.763
2025-09-25 08:00:00+01:00,0.33,False,False,0.0,0.33
2025-09-25 08:30:00+01:00,0.389,False,False,0.0,0.389
2025-09-25 09:00:00+01:00,0.329,False,False,0.0,0.329
2025-09-25 09:30:00+01:00,0.903,False,False,0.0,0.903
2025-09-25 10:00:00+01:00,0.355,False,False,0.0,0.355
2025-09-25 10:30:00+01:00,0.623,False,False,0.0,0.623
2025-09-25 11:00:00+01:00,0.362,False,False,0.0,0.362
2025-09-25 11:30:00+01:00,1.191,False,False,0.0,1.191
2025-09-25 12:00:00+01:00,0.734,False,False,0.0,0.734
2025-09-25 12:30:00+01:00,0.299,False,False,0.0,0.299
2025-09-25 13:00:00+01:00,0.306,False,False,0.0,0.306
2025-09-25 13:30:00+01:00,0.312,False,False,0.0,0.312
2025-09-25 14:00:00+01:00,0.277,False,False,0.0,0.277
2025-09-25 14:30:00+01:00,0.278,False,False,0.0,0.278
2025-09-25 15:00:00+01:00,0.298,False,False,0.0,0.298
2025-09-25 15:30:00+01:00,0.31,False,False,0.0,0.31
2025-09-25 16:00:00+01:00,1.679,False,False,0.0,1.679
2025-09-25 16:30:00+01:00,0.749,False,False,0.0,0.749
2025-09-25 17:00:00+01:00,0.851,False,False,0.0,0.851
2025-09-25 17:30:00+01:00,0.285,False,False,0.0,0.285
2025-09-25 18:00:00+01:00,0.343,False,False,0.0,0.343
2025-09-25 18:30:00+01:00,0.283,False,False,0.0,0.283
2025-09-25 19:00:00+01:00,0.496,False,False,0.0,0.496
2025-09-25 19:30:00+01:00,0.235,False,False,0.0,0.235
2025-09-25 20:00:00+01:00,0.2,False,False,0.0,0.2
2025-09-25 20:30:00+01:00,0.138,False,False,0.0,0.138
2025-09-25 21:00:00+01:00,0.122,False,False,0.0,0.122
2025-09-25 21:30:00+01:00,0.103,False,False,0.0,0.103
2025-09-25 22:00:00+01:00,0.087,False,False,0.0,0.087
2025-09-25 22:30:00+01:00,0.085,False,False,0.0,0.085
2025-09-25 23:00:00+01:00,0.083,True,False,0.0,0.083
2025-09-25 23:30:00+01:00,0.083,True,False,0.0,0.083
2025-09-26 00:00:00+01:00,0.083,True,False,0.0,0.083
2025-09-26 00:30:00+01:00,0.083,True,False,0.0,0.083
2025-09-26 01:00:00+01:00,0.074,True,False,0.0,0.074
2025-09-26 01:30:00+01:00,0.083,True,False,0.0,0.083
2025-09-26 02:00:00+01:00,0.082,True,False,0.0,0.082
2025-09-26 02:30:00+01:00,0.075,True,False,0.0,0.075
2025-09-26 03:00:00+01:00,0.061,True,False,0.0,0.061
2025-09-26 03:30:00+01:00,0.114,True,False,0.0,0.114
2025-09-26 04:00:00+01:00,0.081,True,False,0.0,0.081
2025-09-26 04:30:00+01:00,0.074,True,False,0.0,0.074
2025-09-26 05:00:00+01:00,0.073,False,False,0.0,0.073
2025-09-26 05:30:00+01:00,0.076,False,False,0.0,0.076
2025-09-26 06:00:00+01:00,0.083,False,False,0.0,0.083
2025-09-26 06:30:00+01:00,0.089,False,False,0.0,0.089
2025-09-26 07:00:00+01:00,0.159,False,False,0.0,0.159
2025-09-26 07:30:00+01:00,0.829,False,False,0.0,0.829
2025-09-26 08:00:00+01:00,0.462,False,False,0.0,0.462
2025-09-26 08:30:00+01:00,0.534,False,False,0.0,0.534
2025-09-26 09:00:00+01:00,1.051,False,False,0.0,1.051
2025-09-26 09:30:00+01:00,0.273,False,False,0.0,0.273
2025-09-26 10:00:00+01:00,0.272,False,False,0.0,0.272
2025-09-26 10:30:00+01:00,0.263,False,False,0.0,0.263
2025-09-26 11:00:00+01:00,0.298,False,False,0.0,0.298
2025-09-26 11:30:00+01:00,0.326,False,False,0.0,0.326
2025-09-26 12:00:00+01:00,0.313,False,False,0.0,0.313
2025-09-26 12:30:00+01:00,0.407,False,False,0.0,0.407
2025-09-26 13:00:00+01:00,0.389,False,False,0.0,0.389
2025-09-26 13:30:00+01:00,0.715,False,False,0.0,0.715
2025-09-26 14:00:00+01:00,0.27,False,False,0.0,0.27
2025-09-26 14:30:00+01:00,0.274,False,False,0.0,0.274
2025-09-26 15:00:00+01:00,0.171,False,False,0.0,0.171
2025-09-26 15:30:00+01:00,0.241,False,False,0.0,0.241
2025-09-26 16:00:00+01:00,0.487,False,False,0.0,0.487
2025-09-26 16:30:00+01:00,0.333,False,False,0.0,0.333
2025-09-26 17:00:00+01:00,0.281,False,False,0.0,0.281
2025-09-26 17:30:00+01:00,0.273,False,False,0.0,0.273
2025-09-26 18:00:00+01:00,0.217,False,False,0.0,0.217
2025-09-26 18:30:00+01:00,0.158,False,False,0.0,0.158
2025-09-26 19:00:00+01:00,0.157,False,False,0.0,0.157
2025-09-26 19:30:00+01:00,0.123,False,False,0.0,0.123
2025-09-26 20:00:00+01:00,0.141,False,False,0.0,0.141
2025-09-26 20:30:00+01:00,0.139,False,False,0.0,0.139
2025-09-26 21:00:00+01:00,0.161,False,False,0.0,0.161
2025-09-26 21:30:00+01:00,0.141,False,False,0.0,0.141
2025-09-26 22:00:00+01:00,0.151,False,False,0.0,0.151
2025-09-26 22:30:00+01:00,0.181,False,False,0.0,0.181
2025-09-26 23:00:00+01:00,0.121,True,False,0.0,0.121
2025-09-26 23:30:00+01:00,0.09,True,False,0.0,0.09
2025-09-27 00:00:00+01:00,0.087,True,False,0.0,0.087
2025-09-27 00:30:00+01:00,0.086,True,False,0.0,0.086
2025-09-27 01:00:00+01:00,0.087,True,False,0.0,0.087
2025-09-27 01:30:00+01:00,0.088,True,False,0.0,0.088
2025-09-27 02:00:00+01:00,0.088,True,False,0.0,0.088
2025-09-27 02:30:00+01:00,0.073,True,False,0.0,0.073
2025-09-27 03:00:00+01:00,0.074,True,False,0.0,0.074
2025-09-27 03:30:00+01:00,0.072,True,False,0.0,0.072
2025-09-27 04:00:00+01:00,0.068,True,False,0.0,0.068
2025-09-27 04:30:00+01:00,0.065,True,False,0.0,0.065
2025-09-27 05:00:00+01:00,0.073,False,False,0.0,0.073
2025-09-27 05:30:00+01:00,0.076,False,False,0.0,0.076
2025-09-27 06:00:00+01:00,0.072,False,False,0.0,0.072
2025-09-27 06:30:00+01:00,0.092,False,False,0.0,0.092
2025-09-27 07:00:00+01:00,0.197,False,False,0.0,0.197
2025-09-27 07:30:00+01:00,0.454,False,False,0.0,0.454
2025-09-27 08:00:00+01:00,0.296,False,False,0.0,0.296
2025-09-27 08:30:00+01:00,0.332,False,False,0.0,0.332
2025-09-27 09:00:00+01:00,0.411,False,False,0.0,0.411
2025-09-27 09:30:00+01:00,0.641,False,False,0.0,0.641
2025-09-27 10:00:00+01:00,1.09,False,False,0.0,1.09
2025-09-27 10:30:00+01:00,0.311,False,False,0.0,0.311
2025-09-27 11:00:00+01:00,0.225,False,False,0.0,0.225
2025-09-27 11:30:00+01:00,0.451,False,False,0.0,0.451
2025-09-27 12:00:00+01:00,0.924,False,False,0.0,0.924
2025-09-27 12:30:00+01:00,0.228,False,False,0.0,0.228
2025-09-27 13:00:00+01:00,0.412,False,False,0.0,0.412
2025-09-27 13:30:00+01:00,0.368,False,False,0.0,0.368
2025-09-27 14:00:00+01:00,0.297,False,False,0.0,0.297
2025-09-27 14:30:00+01:00,0.63,False,False,0.0,0.63
2025-09-27 15:00:00+01:00,0.226,False,False,0.0,0.226
2025-09-27 15:30:00+01:00,0.301,False,False,0.0,0.301
2025-09-27 16:00:00+01:00,0.316,False,False,0.0,0.316
2025-09-27 16:30:00+01:00,0.407,False,False,0.0,0.407
2025-09-27 17:00:00+01:00,0.801,False,False,0.0,0.801
2025-09-27 17:30:00+01:00,0.502,False,False,0.0,0.502
2025-09-27 18:00:00+01:00,0.323,False,False,0.0,0.323
2025-09-27 18:30:00+01:00,0.466,False,False,0.0,0.466
2025-09-27 19:00:00+01:00,0.207,False,False,0.0,0.207
2025-09-27 19:30:00+01:00,0.174,False,False,0.0,0.174
2025-09-27 20:00:00+01:00,0.149,False,False,0.0,0.149
2025-09-27 20:30:00+01:00,0.181,False,False,0.0,0.181
2025-09-27 21:00:00+01:00,0.141,False,False,0.0,0.141
2025-09-27 21:30:00+01:00,0.123,False,False,0.0,0.123
2025-09-27 22:00:00+01:00,0.109,False,False,0.0,0.109
2025-09-27 22:30:00+01:00,0.099,False,False,0.0,0.099
2025-09-27 23:00:00+01:00,0.101,True,False,0.0,0.101
2025-09-27 23:30:00+01:00,0.12,True,False,0.0,0.12
2025-09-28 00:00:00+01:00,0.131,True,False,0.0,0.131
2025-09-28 00:30:00+01:00,0.102,True,False,0.0,0.102
2025-09-28 01:00:00+01:00,0.099,True,False,0.0,0.099
2025-09-28 01:30:00+01:00,0.099,True,False,0.0,0.099
2025-09-28 02:00:00+01:00,0.098,True,False,0.0,0.098
2025-09-28 02:30:00+01:00,0.09,True,False,0.0,0.09
2025-09-28 03:00:00+01:00,0.095,True,False,0.0,0.095
2025-09-28 03:30:00+01:00,0.078,True,False,0.0,0.078
2025-09-28 04:00:00+01:00,0.087,True,False,0.0,0.087
2025-09-28 04:30:00+01:00,0.086,True,False,0.0,0.086
2025-09-28 05:00:00+01:00,0.087,False,False,0.0,0.087
2025-09-28 05:30:00+01:00,0.078,False,False,0.0,0.078
2025-09-28 06:00:00+01:00,0.098,False,False,0.0,0.098
2025-09-28 06:30:00+01:00,0.1,False,False,0.0,0.1
2025-09-28 07:00:00+01:00,0.169,False,False,0.0,0.169
2025-09-28 07:30:00+01:00,0.844,False,False,0.0,0.844
2025-09-28 08:00:00+01:00,0.743,False,False,0.0,0.743
2025-09-28 08:30:00+01:00,0.662,False,False,0.0,0.662
2025-09-28 09:00:00+01:00,0.364,False,False,0.0,0.364
2025-09-28 09:30:00+01:00,0.469,False,False,0.0,0.469
2025-09-28 10:00:00+01:00,0.141,False,False,0.0,0.141
2025-09-28 10:30:00+01:00,0.128,False,False,0.0,0.128
2025-09-28 11:00:00+01:00,0.103,False,False,0.0,0.103
2025-09-28 11:30:00+01:00,0.096,False,False,0.0,0.096
2025-09-28 12:00:00+01:00,0.095,False,False,0.0,0.095
2025-09-28 12:30:00+01:00,0.095,False,False,0.0,0.095
2025-09-28 13:00:00+01:00,0.241,False,False,0.0,0.241
2025-09-28 13:30:00+01:00,0.192,False,False,0.0,0.192
2025-09-28 14:00:00+01:00,0.165,False,False,0.0,0.165
2025-09-28 14:30:00+01:00,0.178,False,False,0.0,0.178
2025-09-28 15:00:00+01:00,1.068,False,False,0.0,1.068
2025-09-28 15:30:00+01:00,0.853,False,False,0.0,0.853
2025-09-28 16:00:00+01:00,1.21,False,False,0.0,1.21
2025-09-28 16:30:00+01:00,0.801,False,False,0.0,0.801
2025-09-28 17:00:00+01:00,0.254,False,False,0.0,0.254
2025-09-28 17:30:00+01:00,0.261,False,False,0.0,0.261
2025-09-28 18:00:00+01:00,0.523,False,False,0.0,0.523
2025-09-28 18:30:00+01:00,0.446,False,False,0.0,0.446
2025-09-28 19:00:00+01:00,0.146,False,False,0.0,0.146
2025-09-28 19:30:00+01:00,0.151,False,False,0.0,0.151
2025-09-28 20:00:00+01:00,0.445,False,False,0.0,0.445
2025-09-28 20:30:00+01:00,0.159,False,False,0.0,0.159
2025-09-28 21:00:00+01:00,0.164,False,False,0.0,0.164
2025-09-28 21:30:00+01:00,0.151,False,False,0.0,0.151
2025-09-28 22:00:00+01:00,0.166,False,False,0.0,0.166
2025-09-28 22:30:00+01:00,0.094,False,False,0.0,0.094
2025-09-28 23:00:00+01:00,0.087,True,False,0.0,0.087
2025-09-28 23:30:00+01:00,0.085,True,False,0.0,0.085
2025-09-29 00:00:00+01:00,0.085,True,False,0.0,0.085
2025-09-29 00:30:00+01:00,0.085,True,False,0.0,0.085
2025-09-29 01:00:00+01:00,0.084,True,False,0.0,0.084
2025-09-29 01:30:00+01:00,0.086,True,False,0.0,0.086
2025-09-29 02:00:00+01:00,0.094,True,False,0.0,0.094
2025-09-29 02:30:00+01:00,0.078,True,False,0.0,0.078
2025-09-29 03:00:00+01:00,0.119,True,False,0.0,0.119
2025-09-29 03:30:00+01:00,0.091,True,False,0.0,0.091
2025-09-29 04:00:00+01:00,0.075,True,False,0.0,0.075
2025-09-29 04:30:00+01:00,0.074,True,False,0.0,0.074
2025-09-29 05:00:00+01:00,0.072,False,False,0.0,0.072
2025-09-29 05:30:00+01:00,0.076,False,False,0.0,0.076
2025-09-29 06:00:00+01:00,0.084,False,False,0.0,0.084
2025-09-29 06:30:00+01:00,0.087,False,False,0.0,0.087
2025-09-29 07:00:00+01:00,0.131,False,False,0.0,0.131
2025-09-29 07:30:00+01:00,0.459,False,False,0.0,0.459
2025-09-29 08:00:00+01:00,0.688,False,False,0.0,0.688
2025-09-29 08:30:00+01:00,0.473,False,False,0.0,0.473
2025-09-29 09:00:00+01:00,0.708,False,False,0.0,0.708
2025-09-29 09:30:00+01:00,0.271,False,False,0.0,0.271
2025-09-29 10:00:00+01:00,0.189,False,False,0.0,0.189
2025-09-29 10:30:00+01:00,0.226,False,False,0.0,0.226
2025-09-29 11:00:00+01:00,0.2,False,False,0.0,0.2
2025-09-29 11:30:00+01:00,0.194,False,False,0.0,0.194
2025-09-29 12:00:00+01:00,0.246,False,False,0.0,0.246
2025-09-29 12:30:00+01:00,0.278,False,False,0.0,0.278
2025-09-29 13:00:00+01:00,0.279,False,False,0.0,0.279
2025-09-29 13:30:00+01:00,0.27,False,False,0.0,0.27
2025-09-29 14:00:00+01:00,0.22,False,False,0.0,0.22
2025-09-29 14:30:00+01:00,0.233,False,False,0.0,0.233
2025-09-29 15:00:00+01:00,0.191,False,False,0.0,0.191
2025-09-29 15:30:00+01:00,0.212,False,False,0.0,0.212
2025-09-29 16:00:00+01:00,0.328,False,False,0.0,0.328
2025-09-29 16:30:00+01:00,0.745,False,False,0.0,0.745
2025-09-29 17:00:00+01:00,0.425,False,False,0.0,0.425
2025-09-29 17:30:00+01:00,0.825,False,False,0.0,0.825
2025-09-29 18:00:00+01:00,0.6,False,False,0.0,0.6
2025-09-29 18:30:00+01:00,0.601,False,False,0.0,0.601
2025-09-29 19:00:00+01:00,0.265,False,False,0.0,0.265
2025-09-29 19:30:00+01:00,0.233,False,False,0.0,0.233
2025-09-29 20:00:00+01:00,0.161,False,False,0.0,0.161
2025-09-29 20:30:00+01:00,0.118,False,False,0.0,0.118
2025-09-29 21:00:00+01:00,0.119,False,False,0.0,0.119
2025-09-29 21:30:00+01:00,0.119,False,False,0.0,0.119
2025-09-29 22:00:00+01:00,0.117,False,False,0.0,0.117
2025-09-29 22:30:00+01:00,0.117,False,False,0.0,0.117
2025-09-29 23:00:00+01:00,0.107,True,False,0.0,0.107
2025-09-29 23:30:00+01:00,0.099,True,False,0.0,0.099
2025-09-30 00:00:00+01:00,0.1,True,False,0.0,0.1
2025-09-30 00:30:00+01:00,0.099,True,False,0.0,0.099
2025-09-30 01:00:00+01:00,0.09,True,False,0.0,0.09
2025-09-30 01:30:00+01:00,0.1,True,False,0.0,0.1
2025-09-30 02:00:00+01:00,0.153,True,False,0.0,0.153
2025-09-30 02:30:00+01:00,0.093,True,False,0.0,0.093
2025-09-30 03:00:00+01:00,0.091,True,False,0.0,0.091
2025-09-30 03:30:00+01:00,0.089,True,False,0.0,0.089
2025-09-30 04:00:00+01:00,0.089,True,False,0.0,0.089
2025-09-30 04:30:00+01:00,0.089,True,False,0.0,0.089
2025-09-30 05:00:00+01:00,0.088,False,False,0.0,0.088
2025-09-30 05:30:00+01:00,0.096,False,False,0.0,0.096
2025-09-30 06:00:00+01:00,0.094,False,False,0.0,0.094
2025-09-30 06:30:00+01:00,0.103,False,False,0.0,0.103
2025-09-30 07:00:00+01:00,0.348,False,False,0.0,0.348
2025-09-30 07:30:00+01:00,0.656,False,False,0.0,0.656
2025-09-30 08:00:00+01:00,0.465,False,False,0.0,0.465
2025-09-30 08:30:00+01:00,0.323,False,False,0.0,0.323
2025-09-30 09:00:00+01:00,0.404,False,False,0.0,0.404
2025-09-30 09:30:00+01:00,0.362,False,False,0.0,0.362
2025-09-30 10:00:00+01:00,0.316,False,False,0.0,0.316
2025-09-30 10:30:00+01:00,0.33,False,False,0.0,0.33
2025-09-30 11:00:00+01:00,0.329,False,False,0.0,0.329
2025-09-30 11:30:00+01:00,0.277,False,False,0.0,0.277
2025-09-30 12:00:00+01:00,0.292,False,False,0.0,0.292
2025-09-30 12:30:00+01:00,0.296,False,False,0.0,0.296
2025-09-30 13:00:00+01:00,0.336,False,False,0.0,0.336
2025-09-30 13:30:00+01:00,0.333,False,False,0.0,0.333
2025-09-30 14:00:00+01:00,0.33,False,False,0.0,0.33
2025-09-30 14:30:00+01:00,0.444,False,False,0.0,0.444
2025-09-30 15:00:00+01:00,0.762,False,False,0.0,0.762
2025-09-30 15:30:00+01:00,0.499,False,False,0.0,0.499
2025-09-30 16:00:00+01:00,0.371,False,False,0.0,0.371
2025-09-30 16:30:00+01:00,0.362,False,False,0.0,0.362
2025-09-30 17:00:00+01:00,0.32,False,False,0.0,0.32
2025-09-30 17:30:00+01:00,0.513,False,False,0.0,0.513
2025-09-30 18:00:00+01:00,0.233,False,False,0.0,0.233
2025-09-30 18:30:00+01:00,0.208,False,False,0.0,0.208
2025-09-30 19:00:00+01:00,0.193,False,False,0.0,0.193
2025-09-30 19:30:00+01:00,0.171,False,False,0.0,0.171
2025-09-30 20:00:00+01:00,0.179,False,False,0.0,0.179
2025-09-30 20:30:00+01:00,0.507,False,False,0.0,0.507
2025-09-30 21:00:00+01:00,0.147,False,False,0.0,0.147
2025-09-30 21:30:00+01:00,0.145,False,False,0.0,0.145
2025-09-30 22:00:00+01:00,0.254,False,False,0.0,0.254
2025-09-30 22:30:00+01:00,0.263,False,False,0.0,0.263
2025-09-30 23:00:00+01:00,0.095,True,False,0.0,0.095
2025-09-30 23:30:00+01:00,0.093,True,False,0.0,0.093
2025-10-01 00:00:00+01:00,0.083,True,False,0.0,0.083
2025-10-01 00:30:00+01:00,0.087,True,False,0.0,0.087
2025-10-01 01:00:00+01:00,0.086,True,False,0.0,0.086
2025-10-01 01:30:00+01:00,0.085,True,False,0.0,0.085
2025-10-01 02:00:00+01:00,0.09,True,False,0.0,0.09
2025-10-01 02:30:00+01:00,0.121,True,False,0.0,0.121
2025-10-01 03:00:00+01:00,0.079,True,False,0.0,0.079
2025-10-01 03:30:00+01:00,0.078,True,False,0.0,0.078
2025-10-01 04:00:00+01:00,0.076,True,False,0.0,0.076
2025-10-01 04:30:00+01:00,0.075,True,False,0.0,0.075
2025-10-01 05:00:00+01:00,0.074,False,False,0.0,0.074
2025-10-01 05:30:00+01:00,0.086,False,False,0.0,0.086
2025-10-01 06:00:00+01:00,0.09,False,False,0.0,0.09
2025-10-01 06:30:00+01:00,0.108,False,False,0.0,0.108
2025-10-01 07:00:00+01:00,0.265,False,False,0.0,0.265
2025-10-01 07:30:00+01:00,0.514,False,False,0.0,0.514
2025-10-01 08:00:00+01:00,0.514,False,False,0.0,0.514
2025-10-01 08:30:00+01:00,0.239,False,False,0.0,0.239
2025-10-01 09:00:00+01:00,0.232,False,False,0.0,0.232
2025-10-01 09:30:00+01:00,0.27,False,False,0.0,0.27
2025-10-01 10:00:00+01:00,0.217,False,False,0.0,0.217
2025-10-01 10:30:00+01:00,0.274,False,False,0.0,0.274
2025-10-01 11:00:00+01:00,0.218,False,False,0.0,0.218
2025-10-01 11:30:00+01:00,0.174,False,False,0.0,0.174
2025-10-01 12:00:00+01:00,0.174,False,False,0.0,0.174
2025-10-01 12:30:00+01:00,0.171,False,False,0.0,0.171
2025-10-01 13:00:00+01:00,0.185,False,False,0.0,0.185
2025-10-01 13:30:00+01:00,0.176,False,False,0.0,0.176
2025-10-01 14:00:00+01:00,0.355,False,False,0.0,0.355
2025-10-01 14:30:00+01:00,0.228,False,False,0.0,0.228
2025-10-01 15:00:00+01:00,0.18,False,False,0.0,0.18
2025-10-01 15:30:00+01:00,0.31,False,False,0.0,0.31
2025-10-01 16:00:00+01:00,0.991,False,False,0.0,0.991
2025-10-01 16:30:00+01:00,0.411,False,False,0.0,0.411
2025-10-01 17:00:00+01:00,0.313,False,False,0.0,0.313
2025-10-01 17:30:00+01:00,0.356,False,False,0.0,0.356
2025-10-01 18:00:00+01:00,0.981,False,False,0.0,0.981
2025-10-01 18:30:00+01:00,0.498,False,False,0.0,0.498
2025-10-01 19:00:00+01:00,0.193,False,False,0.0,0.193
2025-10-01 19:30:00+01:00,0.17,False,False,0.0,0.17
2025-10-01 20:00:00+01:00,0.132,False,False,0.0,0.132
2025-10-01 20:30:00+01:00,0.7,False,False,0.0,0.7
2025-10-01 21:00:00+01:00,0.096,False,False,0.0,0.096
2025-10-01 21:30:00+01:00,0.086,False,False,0.0,0.086
2025-10-01 22:00:00+01:00,0.356,False,False,0.0,0.356
2025-10-01 22:30:00+01:00,0.086,False,False,0.0,0.086
2025-10-01 23:00:00+01:00,0.07,True,False,0.0,0.07
2025-10-01 23:30:00+01:00,2.28,True,True,2.1759999999999997,0.10400000000000009
2025-10-02 00:00:00+01:00,3.823,True,True,3.7279999999999998,0.0950000000000002
2025-10-02 00:30:00+01:00,1.881,True,True,1.791,0.09000000000000008
2025-10-02 01:00:00+01:00,3.833,True,True,3.745,0.08800000000000008
2025-10-02 01:30:00+01:00,1.938,True,True,1.8519999999999999,0.08600000000000008
2025-10-02 02:00:00+01:00,3.809,True,True,3.724,0.08499999999999996
2025-10-02 02:30:00+01:00,0.074,True,False,0.0,0.074
2025-10-02 03:00:00+01:00,3.819,True,True,3.745,0.07399999999999984
2025-10-02 03:30:00+01:00,3.833,True,True,3.758,0.07500000000000018
2025-10-02 04:00:00+01:00,3.81,True,True,3.736,0.07399999999999984
2025-10-02 04:30:00+01:00,3.8,True,True,3.727,0.07299999999999995
2025-10-02 05:00:00+01:00,3.82,False,True,3.747,0.07299999999999995
2025-10-02 05:30:00+01:00,3.822,False,True,3.746,0.07600000000000007
2025-10-02 06:00:00+01:00,3.812,False,True,3.7289999999999996,0.08300000000000018
2025-10-02 06:30:00+01:00,3.463,False,True,3.36,0.1030000000000002
2025-10-02 07:00:00+01:00,3.899,False,True,3.671,0.2280000000000002
2025-10-02 07:30:00+01:00,4.665,False,True,4.171,0.4939999999999998
2025-10-02 08:00:00+01:00,0.999,False,False,0.0,0.999
2025-10-02 08:30:00+01:00,0.701,False,False,0.0,0.701
2025-10-02 09:00:00+01:00,0.534,False,False,0.0,0.534
2025-10-02 09:30:00+01:00,0.781,False,False,0.0,0.781
2025-10-02 10:00:00+01:00,0.358,False,False,0.0,0.358
2025-10-02 10:30:00+01:00,0.343,False,False,0.0,0.343
2025-10-02 11:00:00+01:00,0.295,False,False,0.0,0.295
2025-10-02 11:30:00+01:00,0.441,False,False,0.0,0.441
2025-10-02 12:00:00+01:00,0.315,False,False,0.0,0.315
2025-10-02 12:30:00+01:00,0.293,False,False,0.0,0.293
2025-10-02 13:00:00+01:00,0.279,False,False,0.0,0.279
2025-10-02 13:30:00+01:00,0.295,False,False,0.0,0.295
2025-10-02 14:00:00+01:00,0.285,False,False,0.0,0.285
2025-10-02 14:30:00+01:00,0.294,False,False,0.0,0.294
2025-10-02 15:00:00+01:00,0.326,False,False,0.0,0.326
2025-10-02 15:30:00+01:00,0.376,False,False,0.0,0.376
2025-10-02 16:00:00+01:00,0.787,False,False,0.0,0.787
2025-10-02 16:30:00+01:00,0.537,False,False,0.0,0.537
2025-10-02 17:00:00+01:00,0.353,False,False,0.0,0.353
2025-10-02 17:30:00+01:00,0.632,False,False,0.0,0.632
2025-10-02 18:00:00+01:00,0.81,False,False,0.0,0.81
2025-10-02 18:30:00+01:00,0.822,False,False,0.0,0.822
2025-10-02 19:00:00+01:00,0.222,False,False,0.0,0.222
2025-10-02 19:30:00+01:00,0.574,False,False,0.0,0.574
2025-10-02 20:00:00+01:00,0.215,False,False,0.0,0.215
2025-10-02 20:30:00+01:00,0.134,False,False,0.0,0.134
2025-10-02 21:00:00+01:00,0.13,False,False,0.0,0.13
2025-10-02 21:30:00+01:00,0.364,False,False,0.0,0.364
2025-10-02 22:00:00+01:00,0.102,False,False,0.0,0.102
2025-10-02 22:30:00+01:00,0.096,False,False,0.0,0.096
2025-10-02 23:00:00+01:00,0.093,True,False,0.0,0.093
2025-10-02 23:30:00+01:00,0.088,True,False,0.0,0.088
2025-10-03 00:00:00+01:00,0.088,True,False,0.0,0.088
2025-10-03 00:30:00+01:00,0.091,True,False,0.0,0.091
2025-10-03 01:00:00+01:00,0.078,True,False,0.0,0.078
2025-10-03 01:30:00+01:00,0.087,True,False,0.0,0.087
2025-10-03 02:00:00+01:00,0.087,True,False,0.0,0.087
2025-10-03 02:30:00+01:00,0.08,True,False,0.0,0.08
2025-10-03 03:00:00+01:00,0.068,True,False,0.0,0.068
2025-10-03 03:30:00+01:00,0.119,True,False,0.0,0.119
2025-10-03 04:00:00+01:00,0.085,True,False,0.0,0.085
2025-10-03 04:30:00+01:00,0.078,True,False,0.0,0.078
2025-10-03 05:00:00+01:00,0.077,False,False,0.0,0.077
2025-10-03 05:30:00+01:00,0.079,False,False,0.0,0.079
2025-10-03 06:00:00+01:00,0.087,False,False,0.0,0.087
2025-10-03 06:30:00+01:00,0.089,False,False,0.0,0.089
2025-10-03 07:00:00+01:00,0.465,False,False,0.0,0.465
2025-10-03 07:30:00+01:00,0.267,False,False,0.0,0.267
2025-10-03 08:00:00+01:00,0.457,False,False,0.0,0.457
2025-10-03 08:30:00+01:00,0.353,False,False,0.0,0.353
2025-10-03 09:00:00+01:00,0.623,False,False,0.0,0.623
2025-10-03 09:30:00+01:00,0.44,False,False,0.0,0.44
2025-10-03 10:00:00+01:00,0.213,False,False,0.0,0.213
2025-10-03 10:30:00+01:00,0.218,False,False,0.0,0.218
2025-10-03 11:00:00+01:00,0.26,False,False,0.0,0.26
2025-10-03 11:30:00+01:00,0.28,False,False,0.0,0.28
2025-10-03 12:00:00+01:00,0.212,False,False,0.0,0.212
2025-10-03 12:30:00+01:00,0.347,False,False,0.0,0.347
2025-10-03 13:00:00+01:00,0.778,False,False,0.0,0.778
2025-10-03 13:30:00+01:00,0.252,False,False,0.0,0.252
2025-10-03 14:00:00+01:00,0.246,False,False,0.0,0.246
2025-10-03 14:30:00+01:00,0.298,False,False,0.0,0.298
2025-10-03 15:00:00+01:00,0.622,False,False,0.0,0.622
2025-10-03 15:30:00+01:00,0.787,False,False,0.0,0.787
2025-10-03 16:00:00+01:00,0.354,False,False,0.0,0.354
2025-10-03 16:30:00+01:00,0.608,False,False,0.0,0.608
2025-10-03 17:00:00+01:00,0.504,False,False,0.0,0.504
2025-10-03 17:30:00+01:00,0.937,False,False,0.0,0.937
2025-10-03 18:00:00+01:00,0.466,False,False,0.0,0.466
2025-10-03 18:30:00+01:00,0.239,False,False,0.0,0.239
2025-10-03 19:00:00+01:00,0.234,False,False,0.0,0.234
2025-10-03 19:30:00+01:00,0.193,False,False,0.0,0.193
2025-10-03 20:00:00+01:00,0.176,False,False,0.0,0.176
2025-10-03 20:30:00+01:00,0.189,False,False,0.0,0.189
2025-10-03 21:00:00+01:00,0.196,False,False,0.0,0.196
2025-10-03 21:30:00+01:00,0.236,False,False,0.0,0.236
2025-10-03 22:00:00+01:00,0.172,False,False,0.0,0.172
2025-10-03 22:30:00+01:00,0.145,False,False,0.0,0.145
2025-10-03 23:00:00+01:00,0.119,True,False,0.0,0.119
2025-10-03 23:30:00+01:00,0.119,True,False,0.0,0.119
2025-10-04 00:00:00+01:00,0.117,True,False,0.0,0.117
2025-10-04 00:30:00+01:00,0.116,True,False,0.0,0.116
2025-10-04 01:00:00+01:00,0.122,True,False,0.0,0.122
2025-10-04 01:30:00+01:00,0.11,True,False,0.0,0.11
2025-10-04 02:00:00+01:00,0.114,True,False,0.0,0.114
2025-10-04 02:30:00+01:00,0.105,True,False,0.0,0.105
2025-10-04 03:00:00+01:00,0.102,True,False,0.0,0.102
2025-10-04 03:30:00+01:00,0.102,True,False,0.0,0.102
2025-10-04 04:00:00+01:00,0.104,True,False,0.0,0.104
2025-10-04 04:30:00+01:00,0.096,True,False,0.0,0.096
2025-10-04 05:00:00+01:00,0.102,False,False,0.0,0.102
2025-10-04 05:30:00+01:00,0.106,False,False,0.0,0.106
2025-10-04 06:00:00+01:00,0.11,False,False,0.0,0.11
2025-10-04 06:30:00+01:00,0.098,False,False,0.0,0.098
2025-10-04 07:00:00+01:00,0.188,False,False,0.0,0.188
2025-10-04 07:30:00+01:00,0.216,False,False,0.0,0.216
2025-10-04 08:00:00+01:00,0.646,False,False,0.0,0.646
2025-10-04 08:30:00+01:00,0.337,False,False,0.0,0.337
2025-10-04 09:00:00+01:00,0.34,False,False,0.0,0.34
2025-10-04 09:30:00+01:00,0.259,False,False,0.0,0.259
2025-10-04 10:00:00+01:00,0.286,False,False,0.0,0.286
2025-10-04 10:30:00+01:00,0.293,False,False,0.0,0.293
2025-10-04 11:00:00+01:00,0.544,False,False,0.0,0.544
2025-10-04 11:30:00+01:00,0.332,False,False,0.0,0.332
2025-10-04 12:00:00+01:00,0.351,False,False,0.0,0.351
2025-10-04 12:30:00+01:00,0.289,False,False,0.0,0.289
2025-10-04 13:00:00+01:00,0.219,False,False,0.0,0.219
2025-10-04 13:30:00+01:00,0.235,False,False,0.0,0.235
2025-10-04 14:00:00+01:00,0.369,False,False,0.0,0.369
2025-10-04 14:30:00+01:00,0.365,False,False,0.0,0.365
2025-10-04 15:00:00+01:00,0.301,False,False,0.0,0.301
2025-10-04 15:30:00+01:00,0.557,False,False,0.0,0.557
2025-10-04 16:00:00+01:00,0.888,False,False,0.0,0.888
2025-10-04 16:30:00+01:00,0.748,False,False,0.0,0.748
2025-10-04 17:00:00+01:00,0.488,False,False,0.0,0.488
2025-10-04 17:30:00+01:00,0.397,False,False,0.0,0.397
2025-10-04 18:00:00+01:00,1.307,False,False,0.0,1.307
2025-10-04 18:30:00+01:00,0.615,False,False,0.0,0.615
2025-10-04 19:00:00+01:00,0.265,False,False,0.0,0.265
2025-10-04 19:30:00+01:00,0.233,False,False,0.0,0.233
2025-10-04 20:00:00+01:00,0.631,False,False,0.0,0.631
2025-10-04 20:30:00+01:00,0.216,False,False,0.0,0.216
2025-10-04 21:00:00+01:00,0.21,False,False,0.0,0.21
2025-10-04 21:30:00+01:00,0.209,False,False,0.0,0.209
2025-10-04 22:00:00+01:00,0.18,False,False,0.0,0.18
2025-10-04 22:30:00+01:00,0.151,False,False,0.0,0.151
2025-10-04 23:00:00+01:00,0.155,True,False,0.0,0.155
2025-10-04 23:30:00+01:00,0.148,True,False,0.0,0.148
2025-10-05 00:00:00+01:00,0.15,True,False,0.0,0.15
2025-10-05 00:30:00+01:00,0.149,True,False,0.0,0.149
2025-10-05 01:00:00+01:00,0.139,True,False,0.0,0.139
2025-10-05 01:30:00+01:00,0.15,True,False,0.0,0.15
2025-10-05 02:00:00+01:00,0.149,True,False,0.0,0.149
2025-10-05 02:30:00+01:00,0.163,True,False,0.0,0.163
2025-10-05 03:00:00+01:00,0.166,True,False,0.0,0.166
2025-10-05 03:30:00+01:00,0.142,True,False,0.0,0.142
2025-10-05 04:00:00+01:00,0.141,True,False,0.0,0.141
2025-10-05 04:30:00+01:00,0.139,True,False,0.0,0.139
2025-10-05 05:00:00+01:00,0.139,False,False,0.0,0.139
2025-10-05 05:30:00+01:00,0.142,False,False,0.0,0.142
2025-10-05 06:00:00+01:00,0.158,False,False,0.0,0.158
2025-10-05 06:30:00+01:00,0.148,False,False,0.0,0.148
2025-10-05 07:00:00+01:00,0.245,False,False,0.0,0.245
2025-10-05 07:30:00+01:00,0.281,False,False,0.0,0.281
2025-10-05 08:00:00+01:00,0.988,False,False,0.0,0.988
2025-10-05 08:30:00+01:00,0.683,False,False,0.0,0.683
2025-10-05 09:00:00+01:00,0.439,False,False,0.0,0.439
2025-10-05 09:30:00+01:00,0.524,False,False,0.0,0.524
2025-10-05 10:00:00+01:00,0.541,False,False,0.0,0.541
2025-10-05 10:30:00+01:00,0.447,False,False,0.0,0.447
2025-10-05 11:00:00+01:00,0.366,False,False,0.0,0.366
2025-10-05 11:30:00+01:00,0.155,False,False,0.0,0.155
2025-10-05 12:00:00+01:00,0.156,False,False,0.0,0.156
2025-10-05 12:30:00+01:00,0.147,False,False,0.0,0.147
2025-10-05 13:00:00+01:00,0.24,False,False,0.0,0.24
2025-10-05 13:30:00+01:00,0.315,False,False,0.0,0.315
2025-10-05 14:00:00+01:00,0.203,False,False,0.0,0.203
2025-10-05 14:30:00+01:00,0.132,False,False,0.0,0.132
2025-10-05 15:00:00+01:00,0.121,False,False,0.0,0.121
2025-10-05 15:30:00+01:00,0.171,False,False,0.0,0.171
2025-10-05 16:00:00+01:00,0.223,False,False,0.0,0.223
2025-10-05 16:30:00+01:00,0.26,False,False,0.0,0.26
2025-10-05 17:00:00+01:00,0.246,False,False,0.0,0.246
2025-10-05 17:30:00+01:00,0.288,False,False,0.0,0.288
2025-10-05 18:00:00+01:00,0.552,False,False,0.0,0.552
2025-10-05 18:30:00+01:00,1.185,False,False,0.0,1.185
2025-10-05 19:00:00+01:00,0.298,False,False,0.0,0.298
2025-10-05 19:30:00+01:00,0.266,False,False,0.0,0.266
2025-10-05 20:00:00+01:00,0.217,False,False,0.0,0.217
2025-10-05 20:30:00+01:00,0.207,False,False,0.0,0.207
2025-10-05 21:00:00+01:00,0.133,False,False,0.0,0.133
2025-10-05 21:30:00+01:00,0.171,False,False,0.0,0.171
2025-10-05 22:00:00+01:00,0.189,False,False,0.0,0.189
2025-10-05 22:30:00+01:00,0.092,False,False,0.0,0.092
2025-10-05 23:00:00+01:00,0.091,True,False,0.0,0.091
2025-10-05 23:30:00+01:00,0.088,True,False,0.0,0.088
2025-10-06 00:00:00+01:00,0.088,True,False,0.0,0.088
2025-10-06 00:30:00+01:00,0.088,True,False,0.0,0.088
2025-10-06 01:00:00+01:00,0.099,True,False,0.0,0.099
2025-10-06 01:30:00+01:00,0.074,True,False,0.0,0.074
2025-10-06 02:00:00+01:00,0.087,True,False,0.0,0.087
2025-10-06 02:30:00+01:00,0.084,True,False,0.0,0.084
2025-10-06 03:00:00+01:00,0.081,True,False,0.0,0.081
2025-10-06 03:30:00+01:00,0.068,True,False,0.0,0.068
2025-10-06 04:00:00+01:00,0.072,True,False,0.0,0.072
2025-10-06 04:30:00+01:00,0.074,True,False,0.0,0.074
2025-10-06 05:00:00+01:00,0.073,False,False,0.0,0.073
2025-10-06 05:30:00+01:00,0.065,False,False,0.0,0.065
2025-10-06 06:00:00+01:00,0.086,False,False,0.0,0.086
2025-10-06 06:30:00+01:00,0.095,False,False,0.0,0.095
2025-10-06 07:00:00+01:00,0.677,False,False,0.0,0.677
2025-10-06 07:30:00+01:00,1.234,False,False,0.0,1.234
2025-10-06 08:00:00+01:00,1.006,False,False,0.0,1.006
2025-10-06 08:30:00+01:00,0.236,False,False,0.0,0.236
2025-10-06 09:00:00+01:00,0.086,False,False,0.0,0.086
2025-10-06 09:30:00+01:00,0.083,False,False,0.0,0.083
2025-10-06 10:00:00+01:00,0.081,False,False,0.0,0.081
2025-10-06 10:30:00+01:00,0.081,False,False,0.0,0.081
2025-10-06 11:00:00+01:00,0.081,False,False,0.0,0.081
2025-10-06 11:30:00+01:00,0.098,False,False,0.0,0.098
2025-10-06 12:00:00+01:00,0.068,False,False,0.0,0.068
2025-10-06 12:30:00+01:00,0.081,False,False,0.0,0.081
2025-10-06 13:00:00+01:00,0.081,False,False,0.0,0.081
2025-10-06 13:30:00+01:00,0.08,False,False,0.0,0.08
2025-10-06 14:00:00+01:00,0.072,False,False,0.0,0.072
2025-10-06 14:30:00+01:00,0.077,False,False,0.0,0.077
2025-10-06 15:00:00+01:00,0.081,False,False,0.0,0.081
2025-10-06 15:30:00+01:00,0.263,False,False,0.0,0.263
2025-10-06 16:00:00+01:00,0.88,False,False,0.0,0.88
2025-10-06 16:30:00+01:00,0.411,False,False,0.0,0.411
2025-10-06 17:00:00+01:00,0.285,False,False,0.0,0.285
2025-10-06 17:30:00+01:00,0.393,False,False,0.0,0.393
2025-10-06 18:00:00+01:00,0.344,False,False,0.0,0.344
2025-10-06 18:30:00+01:00,0.239,False,False,0.0,0.239
2025-10-06 19:00:00+01:00,0.165,False,False,0.0,0.165
2025-10-06 19:30:00+01:00,0.997,False,False,0.0,0.997
2025-10-06 20:00:00+01:00,0.509,False,False,0.0,0.509
2025-10-06 20:30:00+01:00,0.215,False,False,0.0,0.215
2025-10-06 21:00:00+01:00,0.329,False,False,0.0,0.329
2025-10-06 21:30:00+01:00,0.593,False,False,0.0,0.593
2025-10-06 22:00:00+01:00,0.313,False,False,0.0,0.313
2025-10-06 22:30:00+01:00,0.308,False,False,0.0,0.308
2025-10-06 23:00:00+01:00,0.111,True,False,0.0,0.111
2025-10-06 23:30:00+01:00,0.103,True,False,0.0,0.103
2025-10-07 00:00:00+01:00,0.082,True,False,0.0,0.082
2025-10-07 00:30:00+01:00,0.09,True,False,0.0,0.09
2025-10-07 01:00:00+01:00,0.089,True,False,0.0,0.089
2025-10-07 01:30:00+01:00,0.091,True,False,0.0,0.091
2025-10-07 02:00:00+01:00,0.135,True,False,0.0,0.135
2025-10-07 02:30:00+01:00,0.085,True,False,0.0,0.085
2025-10-07 03:00:00+01:00,0.079,True,False,0.0,0.079
2025-10-07 03:30:00+01:00,0.079,True,False,0.0,0.079
2025-10-07 04:00:00+01:00,0.078,True,False,0.0,0.078
2025-10-07 04:30:00+01:00,0.077,True,False,0.0,0.077
2025-10-07 05:00:00+01:00,0.08,False,False,0.0,0.08
2025-10-07 05:30:00+01:00,0.087,False,False,0.0,0.087
2025-10-07 06:00:00+01:00,0.1,False,False,0.0,0.1
2025-10-07 06:30:00+01:00,0.107,False,False,0.0,0.107
2025-10-07 07:00:00+01:00,0.202,False,False,0.0,0.202
2025-10-07 07:30:00+01:00,0.875,False,False,0.0,0.875
2025-10-07 08:00:00+01:00,0.326,False,False,0.0,0.326
2025-10-07 08:30:00+01:00,0.216,False,False,0.0,0.216
2025-10-07 09:00:00+01:00,0.227,False,False,0.0,0.227
2025-10-07 09:30:00+01:00,0.239,False,False,0.0,0.239
2025-10-07 10:00:00+01:00,0.462,False,False,0.0,0.462
2025-10-07 10:30:00+01:00,0.368,False,False,0.0,0.368
2025-10-07 11:00:00+01:00,0.35,False,False,0.0,0.35
2025-10-07 11:30:00+01:00,0.729,False,False,0.0,0.729
2025-10-07 12:00:00+01:00,0.376,False,False,0.0,0.376
2025-10-07 12:30:00+01:00,0.887,False,False,0.0,0.887
2025-10-07 13:00:00+01:00,0.285,False,False,0.0,0.285
2025-10-07 13:30:00+01:00,0.263,False,False,0.0,0.263
2025-10-07 14:00:00+01:00,0.255,False,False,0.0,0.255
2025-10-07 14:30:00+01:00,0.268,False,False,0.0,0.268
2025-10-07 15:00:00+01:00,0.862,False,False,0.0,0.862
2025-10-07 15:30:00+01:00,0.455,False,False,0.0,0.455
2025-10-07 16:00:00+01:00,0.72,False,False,0.0,0.72
2025-10-07 16:30:00+01:00,0.809,False,False,0.0,0.809
2025-10-07 17:00:00+01:00,0.327,False,False,0.0,0.327
2025-10-07 17:30:00+01:00,0.651,False,False,0.0,0.651
2025-10-07 18:00:00+01:00,0.309,False,False,0.0,0.309
2025-10-07 18:30:00+01:00,0.199,False,False,0.0,0.199
2025-10-07 19:00:00+01:00,0.231,False,False,0.0,0.231
2025-10-07 19:30:00+01:00,0.395,False,False,0.0,0.395
2025-10-07 20:00:00+01:00,0.181,False,False,0.0,0.181
2025-10-07 20:30:00+01:00,0.156,False,False,0.0,0.156
2025-10-07 21:00:00+01:00,0.138,False,False,0.0,0.138
2025-10-07 21:30:00+01:00,0.126,False,False,0.0,0.126
2025-10-07 22:00:00+01:00,0.126,False,False,0.0,0.126
2025-10-07 22:30:00+01:00,0.12,False,False,0.0,0.12
2025-10-07 23:00:00+01:00,0.125,True,False,0.0,0.125
2025-10-07 23:30:00+01:00,0.135,True,False,0.0,0.135
2025-10-08 00:00:00+01:00,0.107,True,False,0.0,0.107
2025-10-08 00:30:00+01:00,0.116,True,False,0.0,0.116
2025-10-08 01:00:00+01:00,0.115,True,False,0.0,0.115
2025-10-08 01:30:00+01:00,0.114,True,False,0.0,0.114
2025-10-08 02:00:00+01:00,0.114,True,False,0.0,0.114
2025-10-08 02:30:00+01:00,0.107,True,False,0.0,0.107
2025-10-08 03:00:00+01:00,0.111,True,False,0.0,0.111
2025-10-08 03:30:00+01:00,0.094,True,False,0.0,0.094
2025-10-08 04:00:00+01:00,0.104,True,False,0.0,0.104
2025-10-08 04:30:00+01:00,0.104,True,False,0.0,0.104
2025-10-08 05:00:00+01:00,0.103,False,False,0.0,0.103
2025-10-08 05:30:00+01:00,0.106,False,False,0.0,0.106
2025-10-08 06:00:00+01:00,0.113,False,False,0.0,0.113
2025-10-08 06:30:00+01:00,0.114,False,False,0.0,0.114
2025-10-08 07:00:00+01:00,0.404,False,False,0.0,0.404
2025-10-08 07:30:00+01:00,0.708,False,False,0.0,0.708
2025-10-08 08:00:00+01:00,0.537,False,False,0.0,0.537
2025-10-08 08:30:00+01:00,0.279,False,False,0.0,0.279
2025-10-08 09:00:00+01:00,0.196,False,False,0.0,0.196
2025-10-08 09:30:00+01:00,0.166,False,False,0.0,0.166
2025-10-08 10:00:00+01:00,0.213,False,False,0.0,0.213
2025-10-08 10:30:00+01:00,0.145,False,False,0.0,0.145
2025-10-08 11:00:00+01:00,0.142,False,False,0.0,0.142
2025-10-08 11:30:00+01:00,0.169,False,False,0.0,0.169
2025-10-08 12:00:00+01:00,0.216,False,False,0.0,0.216
2025-10-08 12:30:00+01:00,0.262,False,False,0.0,0.262
2025-10-08 13:00:00+01:00,0.241,False,False,0.0,0.241
2025-10-08 13:30:00+01:00,0.238,False,False,0.0,0.238
2025-10-08 14:00:00+01:00,0.225,False,False,0.0,0.225
2025-10-08 14:30:00+01:00,0.17,False,False,0.0,0.17
2025-10-08 15:00:00+01:00,0.31,False,False,0.0,0.31
2025-10-08 15:30:00+01:00,0.175,False,False,0.0,0.175
2025-10-08 16:00:00+01:00,0.551,False,False,0.0,0.551
2025-10-08 16:30:00+01:00,0.413,False,False,0.0,0.413
2025-10-08 17:00:00+01:00,0.496,False,False,0.0,0.496
2025-10-08 17:30:00+01:00,0.693,False,False,0.0,0.693
2025-10-08 18:00:00+01:00,0.908,False,False,0.0,0.908
2025-10-08 18:30:00+01:00,0.648,False,False,0.0,0.648
2025-10-08 19:00:00+01:00,0.367,False,False,0.0,0.367
2025-10-08 19:30:00+01:00,0.24,False,False,0.0,0.24
2025-10-08 20:00:00+01:00,0.226,False,False,0.0,0.226
2025-10-08 20:30:00+01:00,0.231,False,False,0.0,0.231
2025-10-08 21:00:00+01:00,0.215,False,False,0.0,0.215
2025-10-08 21:30:00+01:00,0.221,False,False,0.0,0.221
2025-10-08 22:00:00+01:00,0.216,False,False,0.0,0.216
2025-10-08 22:30:00+01:00,0.125,False,False,0.0,0.125
2025-10-08 23:00:00+01:00,0.11,True,False,0.0,0.11
2025-10-08 23:30:00+01:00,0.112,True,False,0.0,0.112
2025-10-09 00:00:00+01:00,0.128,True,False,0.0,0.128
2025-10-09 00:30:00+01:00,0.102,True,False,0.0,0.102
2025-10-09 01:00:00+01:00,0.113,True,False,0.0,0.113
2025-10-09 01:30:00+01:00,0.113,True,False,0.0,0.113
2025-10-09 02:00:00+01:00,0.16,True,False,0.0,0.16
2025-10-09 02:30:00+01:00,0.11,True,False,0.0,0.11
2025-10-09 03:00:00+01:00,0.101,True,False,0.0,0.101
2025-10-09 03:30:00+01:00,0.102,True,False,0.0,0.102
2025-10-09 04:00:00+01:00,0.1,True,False,0.0,0.1
2025-10-09 04:30:00+01:00,0.101,True,False,0.0,0.101
2025-10-09 05:00:00+01:00,0.099,False,False,0.0,0.099
2025-10-09 05:30:00+01:00,0.101,False,False,0.0,0.101
2025-10-09 06:00:00+01:00,0.106,False,False,0.0,0.106
2025-10-09 06:30:00+01:00,0.113,False,False,0.0,0.113
2025-10-09 07:00:00+01:00,0.342,False,False,0.0,0.342
2025-10-09 07:30:00+01:00,1.133,False,False,0.0,1.133
2025-10-09 08:00:00+01:00,0.586,False,False,0.0,0.586
2025-10-09 08:30:00+01:00,0.328,False,False,0.0,0.328
2025-10-09 09:00:00+01:00,1.522,False,False,0.0,1.522
2025-10-09 09:30:00+01:00,0.64,False,False,0.0,0.64
2025-10-09 10:00:00+01:00,0.545,False,False,0.0,0.545
2025-10-09 10:30:00+01:00,0.51,False,False,0.0,0.51
2025-10-09 11:00:00+01:00,0.341,False,False,0.0,0.341
2025-10-09 11:30:00+01:00,0.337,False,False,0.0,0.337
2025-10-09 12:00:00+01:00,0.368,False,False,0.0,0.368
2025-10-09 12:30:00+01:00,0.719,False,False,0.0,0.719
2025-10-09 13:00:00+01:00,0.925,False,False,0.0,0.925
2025-10-09 13:30:00+01:00,0.756,False,False,0.0,0.756
2025-10-09 14:00:00+01:00,0.387,False,False,0.0,0.387
2025-10-09 14:30:00+01:00,0.213,False,False,0.0,0.213
2025-10-09 15:00:00+01:00,0.349,False,False,0.0,0.349
2025-10-09 15:30:00+01:00,0.774,False,False,0.0,0.774
2025-10-09 16:00:00+01:00,1.225,False,False,0.0,1.225
2025-10-09 16:30:00+01:00,1.292,False,False,0.0,1.292
2025-10-09 17:00:00+01:00,0.334,False,False,0.0,0.334
2025-10-09 17:30:00+01:00,0.303,False,False,0.0,0.303
2025-10-09 18:00:00+01:00,0.296,False,False,0.0,0.296
2025-10-09 18:30:00+01:00,0.212,False,False,0.0,0.212
2025-10-09 19:00:00+01:00,0.184,False,False,0.0,0.184
2025-10-09 19:30:00+01:00,0.169,False,False,0.0,0.169
2025-10-09 20:00:00+01:00,0.157,False,False,0.0,0.157
2025-10-09 20:30:00+01:00,0.147,False,False,0.0,0.147
2025-10-09 21:00:00+01:00,0.144,False,False,0.0,0.144
2025-10-09 21:30:00+01:00,0.154,False,False,0.0,0.154
2025-10-09 22:00:00+01:00,0.119,False,False,0.0,0.119
2025-10-09 22:30:00+01:00,0.127,False,False,0.0,0.127
2025-10-09 23:00:00+01:00,0.104,True,False,0.0,0.104
2025-10-09 23:30:00+01:00,0.102,True,False,0.0,0.102
2025-10-10 00:00:00+01:00,0.101,True,False,0.0,0.101
2025-10-10 00:30:00+01:00,0.098,True,False,0.0,0.098
2025-10-10 01:00:00+01:00,0.091,True,False,0.0,0.091
2025-10-10 01:30:00+01:00,0.093,True,False,0.0,0.093
2025-10-10 02:00:00+01:00,0.097,True,False,0.0,0.097
2025-10-10 02:30:00+01:00,0.09,True,False,0.0,0.09
2025-10-10 03:00:00+01:00,0.073,True,False,0.0,0.073
2025-10-10 03:30:00+01:00,0.086,True,False,0.0,0.086
2025-10-10 04:00:00+01:00,0.085,True,False,0.0,0.085
2025-10-10 04:30:00+01:00,0.082,True,False,0.0,0.082
2025-10-10 05:00:00+01:00,0.077,False,False,0.0,0.077
2025-10-10 05:30:00+01:00,0.089,False,False,0.0,0.089
2025-10-10 06:00:00+01:00,0.096,False,False,0.0,0.096
2025-10-10 06:30:00+01:00,0.086,False,False,0.0,0.086
2025-10-10 07:00:00+01:00,0.187,False,False,0.0,0.187
2025-10-10 07:30:00+01:00,1.204,False,False,0.0,1.204
2025-10-10 08:00:00+01:00,0.385,False,False,0.0,0.385
2025-10-10 08:30:00+01:00,0.247,False,False,0.0,0.247
2025-10-10 09:00:00+01:00,0.233,False,False,0.0,0.233
2025-10-10 09:30:00+01:00,0.538,False,False,0.0,0.538
2025-10-10 10:00:00+01:00,0.285,False,False,0.0,0.285
2025-10-10 10:30:00+01:00,0.281,False,False,0.0,0.281
2025-10-10 11:00:00+01:00,0.205,False,False,0.0,0.205
2025-10-10 11:30:00+01:00,0.251,False,False,0.0,0.251
2025-10-10 12:00:00+01:00,0.27,False,False,0.0,0.27
2025-10-10 12:30:00+01:00,0.22,False,False,0.0,0.22
2025-10-10 13:00:00+01:00,0.168,False,False,0.0,0.168
2025-10-10 13:30:00+01:00,0.713,False,False,0.0,0.713
2025-10-10 14:00:00+01:00,0.284,False,False,0.0,0.284
2025-10-10 14:30:00+01:00,0.291,False,False,0.0,0.291
2025-10-10 15:00:00+01:00,0.498,False,False,0.0,0.498
2025-10-10 15:30:00+01:00,0.738,False,False,0.0,0.738
2025-10-10 16:00:00+01:00,1.048,False,False,0.0,1.048
2025-10-10 16:30:00+01:00,0.492,False,False,0.0,0.492
2025-10-10 17:00:00+01:00,0.918,False,False,0.0,0.918
2025-10-10 17:30:00+01:00,1.281,False,False,0.0,1.281
2025-10-10 18:00:00+01:00,0.966,False,False,0.0,0.966
2025-10-10 18:30:00+01:00,0.473,False,False,0.0,0.473
2025-10-10 19:00:00+01:00,0.228,False,False,0.0,0.228
2025-10-10 19:30:00+01:00,0.204,False,False,0.0,0.204
2025-10-10 20:00:00+01:00,0.221,False,False,0.0,0.221
2025-10-10 20:30:00+01:00,0.224,False,False,0.0,0.224
2025-10-10 21:00:00+01:00,0.194,False,False,0.0,0.194
2025-10-10 21:30:00+01:00,0.192,False,False,0.0,0.192
2025-10-10 22:00:00+01:00,0.156,False,False,0.0,0.156
2025-10-10 22:30:00+01:00,0.099,False,False,0.0,0.099
2025-10-10 23:00:00+01:00,0.098,True,False,0.0,0.098
2025-10-10 23:30:00+01:00,0.099,True,False,0.0,0.099
2025-10-11 00:00:00+01:00,0.123,True,False,0.0,0.123
2025-10-11 00:30:00+01:00,0.123,True,False,0.0,0.123
2025-10-11 01:00:00+01:00,0.1,True,False,0.0,0.1
2025-10-11 01:30:00+01:00,0.098,True,False,0.0,0.098
2025-10-11 02:00:00+01:00,0.098,True,False,0.0,0.098
2025-10-11 02:30:00+01:00,0.095,True,False,0.0,0.095
2025-10-11 03:00:00+01:00,0.093,True,False,0.0,0.093
2025-10-11 03:30:00+01:00,0.09,True,False,0.0,0.09
2025-10-11 04:00:00+01:00,0.074,True,False,0.0,0.074
2025-10-11 04:30:00+01:00,0.087,True,False,0.0,0.087
2025-10-11 05:00:00+01:00,0.086,False,False,0.0,0.086
2025-10-11 05:30:00+01:00,0.089,False,False,0.0,0.089
2025-10-11 06:00:00+01:00,0.094,False,False,0.0,0.094
2025-10-11 06:30:00+01:00,0.087,False,False,0.0,0.087
2025-10-11 07:00:00+01:00,0.147,False,False,0.0,0.147
2025-10-11 07:30:00+01:00,0.603,False,False,0.0,0.603
2025-10-11 08:00:00+01:00,0.86,False,False,0.0,0.86
2025-10-11 08:30:00+01:00,0.453,False,False,0.0,0.453
2025-10-11 09:00:00+01:00,0.745,False,False,0.0,0.745
2025-10-11 09:30:00+01:00,0.649,False,False,0.0,0.649
2025-10-11 10:00:00+01:00,0.903,False,False,0.0,0.903
2025-10-11 10:30:00+01:00,0.325,False,False,0.0,0.325
2025-10-11 11:00:00+01:00,0.268,False,False,0.0,0.268
2025-10-11 11:30:00+01:00,0.257,False,False,0.0,0.257
2025-10-11 12:00:00+01:00,0.344,False,False,0.0,0.344
2025-10-11 12:30:00+01:00,0.384,False,False,0.0,0.384
2025-10-11 13:00:00+01:00,0.418,False,False,0.0,0.418
2025-10-11 13:30:00+01:00,0.395,False,False,0.0,0.395
2025-10-11 14:00:00+01:00,0.376,False,False,0.0,0.376
2025-10-11 14:30:00+01:00,0.291,False,False,0.0,0.291
2025-10-11 15:00:00+01:00,0.127,False,False,0.0,0.127
2025-10-11 15:30:00+01:00,0.153,False,False,0.0,0.153
2025-10-11 16:00:00+01:00,0.242,False,False,0.0,0.242
2025-10-11 16:30:00+01:00,0.366,False,False,0.0,0.366
2025-10-11 17:00:00+01:00,0.245,False,False,0.0,0.245
2025-10-11 17:30:00+01:00,0.268,False,False,0.0,0.268
2025-10-11 18:00:00+01:00,0.409,False,False,0.0,0.409
2025-10-11 18:30:00+01:00,0.329,False,False,0.0,0.329
2025-10-11 19:00:00+01:00,0.267,False,False,0.0,0.267
2025-10-11 19:30:00+01:00,0.19,False,False,0.0,0.19
2025-10-11 20:00:00+01:00,0.182,False,False,0.0,0.182
2025-10-11 20:30:00+01:00,0.176,False,False,0.0,0.176
2025-10-11 21:00:00+01:00,0.186,False,False,0.0,0.186
2025-10-11 21:30:00+01:00,0.177,False,False,0.0,0.177
2025-10-11 22:00:00+01:00,0.164,False,False,0.0,0.164
2025-10-11 22:30:00+01:00,0.194,False,False,0.0,0.194
2025-10-11 23:00:00+01:00,0.113,True,False,0.0,0.113
2025-10-11 23:30:00+01:00,0.089,True,False,0.0,0.089
2025-10-12 00:00:00+01:00,0.087,True,False,0.0,0.087
2025-10-12 00:30:00+01:00,0.087,True,False,0.0,0.087
2025-10-12 01:00:00+01:00,0.084,True,False,0.0,0.084
2025-10-12 01:30:00+01:00,0.083,True,False,0.0,0.083
2025-10-12 02:00:00+01:00,0.09,True,False,0.0,0.09
2025-10-12 02:30:00+01:00,0.066,True,False,0.0,0.066
2025-10-12 03:00:00+01:00,0.072,True,False,0.0,0.072
2025-10-12 03:30:00+01:00,0.074,True,False,0.0,0.074
2025-10-12 04:00:00+01:00,0.071,True,False,0.0,0.071
2025-10-12 04:30:00+01:00,0.061,True,False,0.0,0.061
2025-10-12 05:00:00+01:00,0.073,False,False,0.0,0.073
2025-10-12 05:30:00+01:00,0.075,False,False,0.0,0.075
2025-10-12 06:00:00+01:00,0.075,False,False,0.0,0.075
2025-10-12 06:30:00+01:00,0.092,False,False,0.0,0.092
2025-10-12 07:00:00+01:00,0.175,False,False,0.0,0.175
2025-10-12 07:30:00+01:00,0.449,False,False,0.0,0.449
2025-10-12 08:00:00+01:00,0.754,False,False,0.0,0.754
2025-10-12 08:30:00+01:00,0.297,False,False,0.0,0.297
2025-10-12 09:00:00+01:00,1.068,False,False,0.0,1.068
2025-10-12 09:30:00+01:00,0.733,False,False,0.0,0.733
2025-10-12 10:00:00+01:00,0.203,False,False,0.0,0.203
2025-10-12 10:30:00+01:00,0.221,False,False,0.0,0.221
2025-10-12 11:00:00+01:00,0.613,False,False,0.0,0.613
2025-10-12 11:30:00+01:00,0.291,False,False,0.0,0.291
2025-10-12 12:00:00+01:00,0.73,False,False,0.0,0.73
2025-10-12 12:30:00+01:00,0.649,False,False,0.0,0.649
2025-10-12 13:00:00+01:00,0.302,False,False,0.0,0.302
2025-10-12 13:30:00+01:00,0.252,False,False,0.0,0.252
2025-10-12 14:00:00+01:00,0.685,False,False,0.0,0.685
2025-10-12 14:30:00+01:00,0.892,False,False,0.0,0.892
2025-10-12 15:00:00+01:00,0.768,False,False,0.0,0.768
2025-10-12 15:30:00+01:00,0.855,False,False,0.0,0.855
2025-10-12 16:00:00+01:00,0.827,False,False,0.0,0.827
2025-10-12 16:30:00+01:00,0.721,False,False,0.0,0.721
2025-10-12 17:00:00+01:00,0.257,False,False,0.0,0.257
2025-10-12 17:30:00+01:00,0.833,False,False,0.0,0.833
2025-10-12 18:00:00+01:00,0.553,False,False,0.0,0.553
2025-10-12 18:30:00+01:00,0.229,False,False,0.0,0.229
2025-10-12 19:00:00+01:00,0.813,False,False,0.0,0.813
2025-10-12 19:30:00+01:00,0.124,False,False,0.0,0.124
2025-10-12 20:00:00+01:00,0.148,False,False,0.0,0.148
2025-10-12 20:30:00+01:00,0.122,False,False,0.0,0.122
2025-10-12 21:00:00+01:00,0.099,False,False,0.0,0.099
2025-10-12 21:30:00+01:00,0.122,False,False,0.0,0.122
2025-10-12 22:00:00+01:00,0.994,False,False,0.0,0.994
2025-10-12 22:30:00+01:00,3.653,False,True,3.5100000000000002,0.1429999999999998
2025-10-12 23:00:00+01:00,3.717,True,True,3.5985,0.11850000000000005
2025-10-12 23:30:00+01:00,3.337,True,True,3.233,0.10400000000000009
2025-10-13 00:00:00+01:00,2.695,True,True,2.5999999999999996,0.0950000000000002
2025-10-13 00:30:00+01:00,3.79,True,True,3.7,0.08999999999999986
2025-10-13 01:00:00+01:00,1.924,True,True,1.8359999999999999,0.08800000000000008
2025-10-13 01:30:00+01:00,2.272,True,True,2.186,0.08599999999999985
2025-10-13 02:00:00+01:00,3.786,True,True,3.701,0.08499999999999996
2025-10-13 02:30:00+01:00,3.806,True,True,3.728,0.07799999999999985
2025-10-13 03:00:00+01:00,2.962,True,True,2.8880000000000003,0.07399999999999984
2025-10-13 03:30:00+01:00,1.933,True,True,1.858,0.07499999999999996
2025-10-13 04:00:00+01:00,2.984,True,True,2.91,0.07399999999999984
2025-10-13 04:30:00+01:00,2.977,True,True,2.904,0.07299999999999995
2025-10-13 05:00:00+01:00,2.989,False,False,0.0,2.989
2025-10-13 05:30:00+01:00,1.443,False,False,0.0,1.443
2025-10-13 06:00:00+01:00,2.26,False,True,2.1769999999999996,0.08300000000000018
2025-10-13 06:30:00+01:00,2.507,False,True,2.404,0.1030000000000002
2025-10-13 07:00:00+01:00,1.616,False,False,0.0,1.616
2025-10-13 07:30:00+01:00,1.692,False,False,0.0,1.692
2025-10-13 08:00:00+01:00,1.998,False,False,0.0,1.998
2025-10-13 08:30:00+01:00,0.257,False,False,0.0,0.257
2025-10-13 09:00:00+01:00,0.461,False,False,0.0,0.461
2025-10-13 09:30:00+01:00,0.162,False,False,0.0,0.162
2025-10-13 10:00:00+01:00,0.115,False,False,0.0,0.115
2025-10-13 10:30:00+01:00,0.086,False,False,0.0,0.086
2025-10-13 11:00:00+01:00,0.116,False,False,0.0,0.116
2025-10-13 11:30:00+01:00,0.289,False,False,0.0,0.289
2025-10-13 12:00:00+01:00,0.285,False,False,0.0,0.285
2025-10-13 12:30:00+01:00,0.354,False,False,0.0,0.354
2025-10-13 13:00:00+01:00,0.268,False,False,0.0,0.268
2025-10-13 13:30:00+01:00,0.259,False,False,0.0,0.259
2025-10-13 14:00:00+01:00,0.258,False,False,0.0,0.258
2025-10-13 14:30:00+01:00,0.349,False,False,0.0,0.349
2025-10-13 15:00:00+01:00,0.303,False,False,0.0,0.303
2025-10-13 15:30:00+01:00,0.227,False,False,0.0,0.227
2025-10-13 16:00:00+01:00,0.965,False,False,0.0,0.965
2025-10-13 16:30:00+01:00,1.23,False,False,0.0,1.23
2025-10-13 17:00:00+01:00,0.54,False,False,0.0,0.54
2025-10-13 17:30:00+01:00,0.528,False,False,0.0,0.528
2025-10-13 18:00:00+01:00,0.433,False,False,0.0,0.433
2025-10-13 18:30:00+01:00,0.203,False,False,0.0,0.203
2025-10-13 19:00:00+01:00,0.218,False,False,0.0,0.218
2025-10-13 19:30:00+01:00,0.265,False,False,0.0,0.265
2025-10-13 20:00:00+01:00,0.218,False,False,0.0,0.218
2025-10-13 20:30:00+01:00,0.547,False,False,0.0,0.547
2025-10-13 21:00:00+01:00,0.215,False,False,0.0,0.215
2025-10-13 21:30:00+01:00,0.125,False,False,0.0,0.125
2025-10-13 22:00:00+01:00,0.186,False,False,0.0,0.186
2025-10-13 22:30:00+01:00,0.286,False,False,0.0,0.286
2025-10-13 23:00:00+01:00,0.099,True,False,0.0,0.099
2025-10-13 23:30:00+01:00,0.102,True,False,0.0,0.102
2025-10-14 00:00:00+01:00,0.079,True,False,0.0,0.079
2025-10-14 00:30:00+01:00,0.084,True,False,0.0,0.084
2025-10-14 01:00:00+01:00,0.083,True,False,0.0,0.083
2025-10-14 01:30:00+01:00,0.083,True,False,0.0,0.083
2025-10-14 02:00:00+01:00,0.079,True,False,0.0,0.079
2025-10-14 02:30:00+01:00,0.068,True,False,0.0,0.068
2025-10-14 03:00:00+01:00,0.073,True,False,0.0,0.073
2025-10-14 03:30:00+01:00,0.073,True,False,0.0,0.073
2025-10-14 04:00:00+01:00,0.071,True,False,0.0,0.071
2025-10-14 04:30:00+01:00,0.06,True,False,0.0,0.06
2025-10-14 05:00:00+01:00,0.072,False,False,0.0,0.072
2025-10-14 05:30:00+01:00,0.075,False,False,0.0,0.075
2025-10-14 06:00:00+01:00,0.079,False,False,0.0,0.079
2025-10-14 06:30:00+01:00,0.078,False,False,0.0,0.078
2025-10-14 07:00:00+01:00,0.162,False,False,0.0,0.162
2025-10-14 07:30:00+01:00,0.835,False,False,0.0,0.835
2025-10-14 08:00:00+01:00,0.413,False,False,0.0,0.413
2025-10-14 08:30:00+01:00,0.328,False,False,0.0,0.328
2025-10-14 09:00:00+01:00,0.284,False,False,0.0,0.284
2025-10-14 09:30:00+01:00,0.302,False,False,0.0,0.302
2025-10-14 10:00:00+01:00,0.284,False,False,0.0,0.284
2025-10-14 10:30:00+01:00,0.283,False,False,0.0,0.283
2025-10-14 11:00:00+01:00,0.301,False,False,0.0,0.301
2025-10-14 11:30:00+01:00,0.341,False,False,0.0,0.341
2025-10-14 12:00:00+01:00,0.289,False,False,0.0,0.289
2025-10-14 12:30:00+01:00,0.43,False,False,0.0,0.43
2025-10-14 13:00:00+01:00,0.752,False,False,0.0,0.752
2025-10-14 13:30:00+01:00,0.553,False,False,0.0,0.553
2025-10-14 14:00:00+01:00,0.263,False,False,0.0,0.263
2025-10-14 14:30:00+01:00,0.257,False,False,0.0,0.257
2025-10-14 15:00:00+01:00,0.305,False,False,0.0,0.305
2025-10-14 15:30:00+01:00,0.302,False,False,0.0,0.302
2025-10-14 16:00:00+01:00,0.311,False,False,0.0,0.311
2025-10-14 16:30:00+01:00,0.354,False,False,0.0,0.354
2025-10-14 17:00:00+01:00,0.39,False,False,0.0,0.39
2025-10-14 17:30:00+01:00,0.633,False,False,0.0,0.633
2025-10-14 18:00:00+01:00,0.254,False,False,0.0,0.254
2025-10-14 18:30:00+01:00,0.218,False,False,0.0,0.218
2025-10-14 19:00:00+01:00,0.157,False,False,0.0,0.157
2025-10-14 19:30:00+01:00,0.399,False,False,0.0,0.399
2025-10-14 20:00:00+01:00,0.145,False,False,0.0,0.145
2025-10-14 20:30:00+01:00,0.153,False,False,0.0,0.153
2025-10-14 21:00:00+01:00,0.226,False,False,0.0,0.226
2025-10-14 21:30:00+01:00,0.203,False,False,0.0,0.203
2025-10-14 22:00:00+01:00,0.17,False,False,0.0,0.17
2025-10-14 22:30:00+01:00,0.107,False,False,0.0,0.107
2025-10-14 23:00:00+01:00,0.103,True,False,0.0,0.103
2025-10-14 23:30:00+01:00,0.098,True,False,0.0,0.098
2025-10-15 00:00:00+01:00,0.083,True,False,0.0,0.083
2025-10-15 00:30:00+01:00,0.096,True,False,0.0,0.096
2025-10-15 01:00:00+01:00,0.094,True,False,0.0,0.094
2025-10-15 01:30:00+01:00,0.09,True,False,0.0,0.09
2025-10-15 02:00:00+01:00,0.08,True,False,0.0,0.08
2025-10-15 02:30:00+01:00,0.085,True,False,0.0,0.085
2025-10-15 03:00:00+01:00,0.08,True,False,0.0,0.08
2025-10-15 03:30:00+01:00,0.071,True,False,0.0,0.071
2025-10-15 04:00:00+01:00,0.078,True,False,0.0,0.078
2025-10-15 04:30:00+01:00,0.082,True,False,0.0,0.082
2025-10-15 05:00:00+01:00,0.086,False,False,0.0,0.086
2025-10-15 05:30:00+01:00,0.065,False,False,0.0,0.065
2025-10-15 06:00:00+01:00,0.085,False,False,0.0,0.085
2025-10-15 06:30:00+01:00,0.093,False,False,0.0,0.093
2025-10-15 07:00:00+01:00,0.159,False,False,0.0,0.159
2025-10-15 07:30:00+01:00,0.793,False,False,0.0,0.793
2025-10-15 08:00:00+01:00,0.538,False,False,0.0,0.538
2025-10-15 08:30:00+01:00,0.233,False,False,0.0,0.233
2025-10-15 09:00:00+01:00,0.375,False,False,0.0,0.375
2025-10-15 09:30:00+01:00,0.226,False,False,0.0,0.226
2025-10-15 10:00:00+01:00,0.348,False,False,0.0,0.348
2025-10-15 10:30:00+01:00,0.188,False,False,0.0,0.188
2025-10-15 11:00:00+01:00,0.198,False,False,0.0,0.198
2025-10-15 11:30:00+01:00,0.24,False,False,0.0,0.24
2025-10-15 12:00:00+01:00,0.336,False,False,0.0,0.336
2025-10-15 12:30:00+01:00,0.276,False,False,0.0,0.276
2025-10-15 13:00:00+01:00,0.293,False,False,0.0,0.293
2025-10-15 13:30:00+01:00,0.283,False,False,0.0,0.283
2025-10-15 14:00:00+01:00,0.273,False,False,0.0,0.273
2025-10-15 14:30:00+01:00,0.281,False,False,0.0,0.281
2025-10-15 15:00:00+01:00,0.302,False,False,0.0,0.302
2025-10-15 15:30:00+01:00,0.21,False,False,0.0,0.21
2025-10-15 16:00:00+01:00,0.653,False,False,0.0,0.653
2025-10-15 16:30:00+01:00,0.589,False,False,0.0,0.589
2025-10-15 17:00:00+01:00,0.352,False,False,0.0,0.352
2025-10-15 17:30:00+01:00,1.001,False,False,0.0,1.001
2025-10-15 18:00:00+01:00,1.513,False,False,0.0,1.513
2025-10-15 18:30:00+01:00,0.817,False,False,0.0,0.817
2025-10-15 19:00:00+01:00,0.629,False,False,0.0,0.629
2025-10-15 19:30:00+01:00,0.597,False,False,0.0,0.597
2025-10-15 20:00:00+01:00,0.246,False,False,0.0,0.246
2025-10-15 20:30:00+01:00,0.701,False,False,0.0,0.701
2025-10-15 21:00:00+01:00,0.507,False,False,0.0,0.507
2025-10-15 21:30:00+01:00,0.333,False,False,0.0,0.333
2025-10-15 22:00:00+01:00,0.312,False,False,0.0,0.312
2025-10-15 22:30:00+01:00,0.361,False,False,0.0,0.361
2025-10-15 23:00:00+01:00,0.313,True,False,0.0,0.313
2025-10-15 23:30:00+01:00,0.291,True,False,0.0,0.291
2025-10-16 00:00:00+01:00,0.133,True,False,0.0,0.133
2025-10-16 00:30:00+01:00,0.086,True,False,0.0,0.086
2025-10-16 01:00:00+01:00,0.087,True,False,0.0,0.087
2025-10-16 01:30:00+01:00,0.086,True,False,0.0,0.086
2025-10-16 02:00:00+01:00,0.091,True,False,0.0,0.091
2025-10-16 02:30:00+01:00,0.071,True,False,0.0,0.071
2025-10-16 03:00:00+01:00,0.076,True,False,0.0,0.076
2025-10-16 03:30:00+01:00,0.075,True,False,0.0,0.075
2025-10-16 04:00:00+01:00,0.075,True,False,0.0,0.075
2025-10-16 04:30:00+01:00,0.063,True,False,0.0,0.063
2025-10-16 05:00:00+01:00,0.076,False,False,0.0,0.076
2025-10-16 05:30:00+01:00,0.079,False,False,0.0,0.079
2025-10-16 06:00:00+01:00,0.078,False,False,0.0,0.078
2025-10-16 06:30:00+01:00,0.089,False,False,0.0,0.089
2025-10-16 07:00:00+01:00,0.129,False,False,0.0,0.129
2025-10-16 07:30:00+01:00,0.874,False,False,0.0,0.874
2025-10-16 08:00:00+01:00,0.41,False,False,0.0,0.41
2025-10-16 08:30:00+01:00,0.268,False,False,0.0,0.268
2025-10-16 09:00:00+01:00,0.41,False,False,0.0,0.41
2025-10-16 09:30:00+01:00,0.765,False,False,0.0,0.765
2025-10-16 10:00:00+01:00,0.487,False,False,0.0,0.487
2025-10-16 10:30:00+01:00,0.277,False,False,0.0,0.277
2025-10-16 11:00:00+01:00,0.277,False,False,0.0,0.277
2025-10-16 11:30:00+01:00,0.488,False,False,0.0,0.488
2025-10-16 12:00:00+01:00,0.719,False,False,0.0,0.719
2025-10-16 12:30:00+01:00,0.339,False,False,0.0,0.339
2025-10-16 13:00:00+01:00,0.183,False,False,0.0,0.183
2025-10-16 13:30:00+01:00,0.181,False,False,0.0,0.181
2025-10-16 14:00:00+01:00,0.182,False,False,0.0,0.182
2025-10-16 14:30:00+01:00,0.164,False,False,0.0,0.164
2025-10-16 15:00:00+01:00,0.158,False,False,0.0,0.158
2025-10-16 15:30:00+01:00,0.27,False,False,0.0,0.27
2025-10-16 16:00:00+01:00,0.282,False,False,0.0,0.282
2025-10-16 16:30:00+01:00,0.396,False,False,0.0,0.396
2025-10-16 17:00:00+01:00,0.259,False,False,0.0,0.259
2025-10-16 17:30:00+01:00,0.246,False,False,0.0,0.246
2025-10-16 18:00:00+01:00,0.304,False,False,0.0,0.304
2025-10-16 18:30:00+01:00,0.379,False,False,0.0,0.379
2025-10-16 19:00:00+01:00,0.653,False,False,0.0,0.653
2025-10-16 19:30:00+01:00,0.391,False,False,0.0,0.391
2025-10-16 20:00:00+01:00,0.13,False,False,0.0,0.13
2025-10-16 20:30:00+01:00,0.503,False,False,0.0,0.503
2025-10-16 21:00:00+01:00,0.107,False,False,0.0,0.107
2025-10-16 21:30:00+01:00,0.098,False,False,0.0,0.098
2025-10-16 22:00:00+01:00,0.094,False,False,0.0,0.094
2025-10-16 22:30:00+01:00,0.093,False,False,0.0,0.093
2025-10-16 23:00:00+01:00,0.104,True,False,0.0,0.104
2025-10-16 23:30:00+01:00,0.08,True,False,0.0,0.08
2025-10-17 00:00:00+01:00,0.087,True,False,0.0,0.087
2025-10-17 00:30:00+01:00,0.086,True,False,0.0,0.086
2025-10-17 01:00:00+01:00,0.087,True,False,0.0,0.087
2025-10-17 01:30:00+01:00,0.085,True,False,0.0,0.085
2025-10-17 02:00:00+01:00,0.087,True,False,0.0,0.087
2025-10-17 02:30:00+01:00,0.074,True,False,0.0,0.074
2025-10-17 03:00:00+01:00,0.07,True,False,0.0,0.07
2025-10-17 03:30:00+01:00,0.075,True,False,0.0,0.075
2025-10-17 04:00:00+01:00,0.075,True,False,0.0,0.075
2025-10-17 04:30:00+01:00,0.063,True,False,0.0,0.063
2025-10-17 05:00:00+01:00,0.074,False,False,0.0,0.074
2025-10-17 05:30:00+01:00,0.078,False,False,0.0,0.078
2025-10-17 06:00:00+01:00,0.081,False,False,0.0,0.081
2025-10-17 06:30:00+01:00,0.085,False,False,0.0,0.085
2025-10-17 07:00:00+01:00,0.16,False,False,0.0,0.16
2025-10-17 07:30:00+01:00,0.802,False,False,0.0,0.802
2025-10-17 08:00:00+01:00,0.777,False,False,0.0,0.777
2025-10-17 08:30:00+01:00,0.313,False,False,0.0,0.313
2025-10-17 09:00:00+01:00,0.386,False,False,0.0,0.386
2025-10-17 09:30:00+01:00,0.678,False,False,0.0,0.678
2025-10-17 10:00:00+01:00,0.47,False,False,0.0,0.47
2025-10-17 10:30:00+01:00,0.203,False,False,0.0,0.203
2025-10-17 11:00:00+01:00,0.253,False,False,0.0,0.253
2025-10-17 11:30:00+01:00,0.164,False,False,0.0,0.164
2025-10-17 12:00:00+01:00,0.188,False,False,0.0,0.188
2025-10-17 12:30:00+01:00,0.262,False,False,0.0,0.262
2025-10-17 13:00:00+01:00,0.276,False,False,0.0,0.276
2025-10-17 13:30:00+01:00,0.273,False,False,0.0,0.273
2025-10-17 14:00:00+01:00,0.198,False,False,0.0,0.198
2025-10-17 14:30:00+01:00,0.188,False,False,0.0,0.188
2025-10-17 15:00:00+01:00,0.245,False,False,0.0,0.245
2025-10-17 15:30:00+01:00,0.246,False,False,0.0,0.246
2025-10-17 16:00:00+01:00,0.341,False,False,0.0,0.341
2025-10-17 16:30:00+01:00,0.352,False,False,0.0,0.352
2025-10-17 17:00:00+01:00,0.355,False,False,0.0,0.355
2025-10-17 17:30:00+01:00,0.365,False,False,0.0,0.365
2025-10-17 18:00:00+01:00,1.033,False,False,0.0,1.033
2025-10-17 18:30:00+01:00,0.812,False,False,0.0,0.812
2025-10-17 19:00:00+01:00,0.316,False,False,0.0,0.316
2025-10-17 19:30:00+01:00,0.266,False,False,0.0,0.266
2025-10-17 20:00:00+01:00,0.283,False,False,0.0,0.283
2025-10-17 20:30:00+01:00,0.287,False,False,0.0,0.287
2025-10-17 21:00:00+01:00,0.264,False,False,0.0,0.264
2025-10-17 21:30:00+01:00,0.278,False,False,0.0,0.278
2025-10-17 22:00:00+01:00,0.205,False,False,0.0,0.205
2025-10-17 22:30:00+01:00,0.081,False,False,0.0,0.081
2025-10-17 23:00:00+01:00,0.091,True,False,0.0,0.091
2025-10-17 23:30:00+01:00,0.09,True,False,0.0,0.09
2025-10-18 00:00:00+01:00,0.086,True,False,0.0,0.086
2025-10-18 00:30:00+01:00,0.082,True,False,0.0,0.082
2025-10-18 01:00:00+01:00,0.091,True,False,0.0,0.091
2025-10-18 01:30:00+01:00,0.089,True,False,0.0,0.089
2025-10-18 02:00:00+01:00,0.111,True,False,0.0,0.111
2025-10-18 02:30:00+01:00,0.118,True,False,0.0,0.118
2025-10-18 03:00:00+01:00,0.09,True,False,0.0,0.09
2025-10-18 03:30:00+01:00,0.081,True,False,0.0,0.081
2025-10-18 04:00:00+01:00,0.08,True,False,0.0,0.08
2025-10-18 04:30:00+01:00,0.079,True,False,0.0,0.079
2025-10-18 05:00:00+01:00,0.081,False,False,0.0,0.081
2025-10-18 05:30:00+01:00,0.09,False,False,0.0,0.09
2025-10-18 06:00:00+01:00,0.078,False,False,0.0,0.078
2025-10-18 06:30:00+01:00,0.1,False,False,0.0,0.1
2025-10-18 07:00:00+01:00,0.151,False,False,0.0,0.151
2025-10-18 07:30:00+01:00,0.695,False,False,0.0,0.695
2025-10-18 08:00:00+01:00,0.441,False,False,0.0,0.441
2025-10-18 08:30:00+01:00,0.413,False,False,0.0,0.413
2025-10-18 09:00:00+01:00,0.75,False,False,0.0,0.75
2025-10-18 09:30:00+01:00,0.673,False,False,0.0,0.673
2025-10-18 10:00:00+01:00,0.767,False,False,0.0,0.767
2025-10-18 10:30:00+01:00,0.741,False,False,0.0,0.741
2025-10-18 11:00:00+01:00,0.518,False,False,0.0,0.518
2025-10-18 11:30:00+01:00,0.299,False,False,0.0,0.299
2025-10-18 12:00:00+01:00,0.405,False,False,0.0,0.405
2025-10-18 12:30:00+01:00,0.283,False,False,0.0,0.283
2025-10-18 13:00:00+01:00,0.278,False,False,0.0,0.278
2025-10-18 13:30:00+01:00,0.658,False,False,0.0,0.658
2025-10-18 14:00:00+01:00,0.613,False,False,0.0,0.613
2025-10-18 14:30:00+01:00,0.75,False,False,0.0,0.75
2025-10-18 15:00:00+01:00,0.653,False,False,0.0,0.653
2025-10-18 15:30:00+01:00,0.604,False,False,0.0,0.604
2025-10-18 16:00:00+01:00,0.454,False,False,0.0,0.454
2025-10-18 16:30:00+01:00,0.71,False,False,0.0,0.71
2025-10-18 17:00:00+01:00,0.23,False,False,0.0,0.23
2025-10-18 17:30:00+01:00,0.386,False,False,0.0,0.386
2025-10-18 18:00:00+01:00,0.543,False,False,0.0,0.543
2025-10-18 18:30:00+01:00,0.188,False,False,0.0,0.188
2025-10-18 19:00:00+01:00,0.174,False,False,0.0,0.174
2025-10-18 19:30:00+01:00,0.359,False,False,0.0,0.359
2025-10-18 20:00:00+01:00,0.249,False,False,0.0,0.249
2025-10-18 20:30:00+01:00,0.297,False,False,0.0,0.297
2025-10-18 21:00:00+01:00,0.313,False,False,0.0,0.313
2025-10-18 21:30:00+01:00,0.299,False,False,0.0,0.299
2025-10-18 22:00:00+01:00,0.292,False,False,0.0,0.292
2025-10-18 22:30:00+01:00,0.287,False,False,0.0,0.287
2025-10-18 23:00:00+01:00,0.283,True,False,0.0,0.283
2025-10-18 23:30:00+01:00,3.969,True,True,3.8649999999999998,0.10400000000000009
2025-10-19 00:00:00+01:00,1.938,True,True,1.843,0.09499999999999997
2025-10-19 00:30:00+01:00,1.513,True,True,1.4229999999999998,0.09000000000000008
2025-10-19 01:00:00+01:00,2.471,True,True,2.383,0.08800000000000008
2025-10-19 01:30:00+01:00,3.78,True,True,3.694,0.08599999999999985
2025-10-19 02:00:00+01:00,2.264,True,True,2.179,0.08499999999999996
2025-10-19 02:30:00+01:00,3.794,True,True,3.716,0.07799999999999985
2025-10-19 03:00:00+01:00,2.124,True,True,2.0500000000000003,0.07399999999999984
2025-10-19 03:30:00+01:00,3.769,True,True,3.694,0.07500000000000018
2025-10-19 04:00:00+01:00,3.817,True,True,3.7430000000000003,0.07399999999999984
2025-10-19 04:30:00+01:00,2.137,True,True,2.064,0.07299999999999995
2025-10-19 05:00:00+01:00,3.796,False,True,3.723,0.07299999999999995
2025-10-19 05:30:00+01:00,2.21,False,True,2.134,0.07600000000000007
2025-10-19 06:00:00+01:00,0.139,False,False,0.0,0.139
2025-10-19 06:30:00+01:00,0.096,False,False,0.0,0.096
2025-10-19 07:00:00+01:00,0.209,False,False,0.0,0.209
2025-10-19 07:30:00+01:00,0.432,False,False,0.0,0.432
2025-10-19 08:00:00+01:00,3.848,False,True,3.3964999999999996,0.45150000000000023
2025-10-19 08:30:00+01:00,4.191,False,True,3.827,0.3639999999999999
2025-10-19 09:00:00+01:00,4.239,False,True,3.8369999999999997,0.40200000000000014
2025-10-19 09:30:00+01:00,0.529,False,False,0.0,0.529
2025-10-19 10:00:00+01:00,0.161,False,False,0.0,0.161
2025-10-19 10:30:00+01:00,0.116,False,False,0.0,0.116
2025-10-19 11:00:00+01:00,0.114,False,False,0.0,0.114
2025-10-19 11:30:00+01:00,0.115,False,False,0.0,0.115
2025-10-19 12:00:00+01:00,0.125,False,False,0.0,0.125
2025-10-19 12:30:00+01:00,0.104,False,False,0.0,0.104
2025-10-19 13:00:00+01:00,0.116,False,False,0.0,0.116
2025-10-19 13:30:00+01:00,0.114,False,False,0.0,0.114
2025-10-19 14:00:00+01:00,0.115,False,False,0.0,0.115
2025-10-19 14:30:00+01:00,0.114,False,False,0.0,0.114
2025-10-19 15:00:00+01:00,0.115,False,False,0.0,0.115
2025-10-19 15:30:00+01:00,0.11,False,False,0.0,0.11
2025-10-19 16:00:00+01:00,0.106,False,False,0.0,0.106
2025-10-19 16:30:00+01:00,0.136,False,False,0.0,0.136
2025-10-19 17:00:00+01:00,0.135,False,False,0.0,0.135
2025-10-19 17:30:00+01:00,0.164,False,False,0.0,0.164
2025-10-19 18:00:00+01:00,0.264,False,False,0.0,0.264
2025-10-19 18:30:00+01:00,0.305,False,False,0.0,0.305
2025-10-19 19:00:00+01:00,0.174,False,False,0.0,0.174
2025-10-19 19:30:00+01:00,0.166,False,False,0.0,0.166
2025-10-19 20:00:00+01:00,0.183,False,False,0.0,0.183
2025-10-19 20:30:00+01:00,2.614,False,False,0.0,2.614
2025-10-19 21:00:00+01:00,1.139,False,False,0.0,1.139
2025-10-19 21:30:00+01:00,0.382,False,False,0.0,0.382
2025-10-19 22:00:00+01:00,0.167,False,False,0.0,0.167
2025-10-19 22:30:00+01:00,0.138,False,False,0.0,0.138
2025-10-19 23:00:00+01:00,3.863,True,True,3.7445,0.11850000000000005
2025-10-19 23:30:00+01:00,3.832,True,True,3.7279999999999998,0.10400000000000009
2025-10-20 00:00:00+01:00,3.73,True,True,3.635,0.0950000000000002
2025-10-20 00:30:00+01:00,2.988,True,True,2.898,0.08999999999999986
2025-10-20 01:00:00+01:00,1.547,True,True,1.4589999999999999,0.08800000000000008
2025-10-20 01:30:00+01:00,3.791,True,True,3.705,0.08599999999999985
2025-10-20 02:00:00+01:00,3.82,True,True,3.735,0.08499999999999996
2025-10-20 02:30:00+01:00,2.295,True,True,2.217,0.07799999999999985
2025-10-20 03:00:00+01:00,3.836,True,True,3.762,0.07399999999999984
2025-10-20 03:30:00+01:00,3.664,True,True,3.589,0.07500000000000018
2025-10-20 04:00:00+01:00,0.078,True,False,0.0,0.078
2025-10-20 04:30:00+01:00,1.869,True,True,1.796,0.07299999999999995
2025-10-20 05:00:00+01:00,0.06,False,False,0.0,0.06
2025-10-20 05:30:00+01:00,0.399,False,False,0.0,0.399
2025-10-20 06:00:00+01:00,3.159,False,True,3.0759999999999996,0.08300000000000018
2025-10-20 06:30:00+01:00,2.217,False,True,2.114,0.1030000000000002
2025-10-20 07:00:00+01:00,2.241,False,True,2.013,0.2280000000000002
2025-10-20 07:30:00+01:00,0.493,False,False,0.0,0.493
2025-10-20 08:00:00+01:00,3.122,False,False,0.0,3.122
2025-10-20 08:30:00+01:00,0.412,False,False,0.0,0.412
2025-10-20 09:00:00+01:00,0.566,False,False,0.0,0.566
2025-10-20 09:30:00+01:00,0.327,False,False,0.0,0.327
2025-10-20 10:00:00+01:00,0.55,False,False,0.0,0.55
2025-10-20 10:30:00+01:00,0.426,False,False,0.0,0.426
2025-10-20 11:00:00+01:00,0.312,False,False,0.0,0.312
2025-10-20 11:30:00+01:00,0.306,False,False,0.0,0.306
2025-10-20 12:00:00+01:00,0.763,False,False,0.0,0.763
2025-10-20 12:30:00+01:00,1.065,False,False,0.0,1.065
2025-10-20 13:00:00+01:00,0.38,False,False,0.0,0.38
2025-10-20 13:30:00+01:00,0.343,False,False,0.0,0.343
2025-10-20 14:00:00+01:00,0.409,False,False,0.0,0.409
2025-10-20 14:30:00+01:00,0.366,False,False,0.0,0.366
2025-10-20 15:00:00+01:00,0.576,False,False,0.0,0.576
2025-10-20 15:30:00+01:00,0.491,False,False,0.0,0.491
2025-10-20 16:00:00+01:00,0.346,False,False,0.0,0.346
2025-10-20 16:30:00+01:00,0.292,False,False,0.0,0.292
2025-10-20 17:00:00+01:00,0.238,False,False,0.0,0.238
2025-10-20 17:30:00+01:00,0.402,False,False,0.0,0.402
2025-10-20 18:00:00+01:00,0.377,False,False,0.0,0.377
2025-10-20 18:30:00+01:00,0.322,False,False,0.0,0.322
2025-10-20 19:00:00+01:00,0.252,False,False,0.0,0.252
2025-10-20 19:30:00+01:00,0.527,False,False,0.0,0.527
2025-10-20 20:00:00+01:00,0.511,False,False,0.0,0.511
2025-10-20 20:30:00+01:00,0.233,False,False,0.0,0.233
2025-10-20 21:00:00+01:00,0.242,False,False,0.0,0.242
2025-10-20 21:30:00+01:00,0.37,False,False,0.0,0.37
2025-10-20 22:00:00+01:00,0.1,False,False,0.0,0.1
2025-10-20 22:30:00+01:00,0.089,False,False,0.0,0.089
2025-10-20 23:00:00+01:00,0.081,True,False,0.0,0.081
2025-10-20 23:30:00+01:00,0.074,True,False,0.0,0.074
2025-10-21 00:00:00+01:00,0.078,True,False,0.0,0.078
2025-10-21 00:30:00+01:00,0.066,True,False,0.0,0.066
2025-10-21 01:00:00+01:00,0.081,True,False,0.0,0.081
2025-10-21 01:30:00+01:00,0.115,True,False,0.0,0.115
2025-10-21 02:00:00+01:00,0.087,True,False,0.0,0.087
2025-10-21 02:30:00+01:00,0.078,True,False,0.0,0.078
2025-10-21 03:00:00+01:00,0.073,True,False,0.0,0.073
2025-10-21 03:30:00+01:00,0.075,True,False,0.0,0.075
2025-10-21 04:00:00+01:00,0.074,True,False,0.0,0.074
2025-10-21 04:30:00+01:00,0.078,True,False,0.0,0.078
2025-10-21 05:00:00+01:00,0.064,False,False,0.0,0.064
2025-10-21 05:30:00+01:00,0.077,False,False,0.0,0.077
2025-10-21 06:00:00+01:00,0.085,False,False,0.0,0.085
2025-10-21 06:30:00+01:00,0.091,False,False,0.0,0.091
2025-10-21 07:00:00+01:00,0.13,False,False,0.0,0.13
2025-10-21 07:30:00+01:00,0.431,False,False,0.0,0.431
2025-10-21 08:00:00+01:00,0.331,False,False,0.0,0.331
2025-10-21 08:30:00+01:00,0.251,False,False,0.0,0.251
2025-10-21 09:00:00+01:00,0.567,False,False,0.0,0.567
2025-10-21 09:30:00+01:00,0.431,False,False,0.0,0.431
2025-10-21 10:00:00+01:00,0.332,False,False,0.0,0.332
2025-10-21 10:30:00+01:00,0.259,False,False,0.0,0.259
2025-10-21 11:00:00+01:00,0.274,False,False,0.0,0.274
2025-10-21 11:30:00+01:00,0.592,False,False,0.0,0.592
2025-10-21 12:00:00+01:00,0.362,False,False,0.0,0.362
2025-10-21 12:30:00+01:00,0.297,False,False,0.0,0.297
2025-10-21 13:00:00+01:00,0.277,False,False,0.0,0.277
2025-10-21 13:30:00+01:00,0.281,False,False,0.0,0.281
2025-10-21 14:00:00+01:00,0.503,False,False,0.0,0.503
2025-10-21 14:30:00+01:00,0.53,False,False,0.0,0.53
2025-10-21 15:00:00+01:00,0.33,False,False,0.0,0.33
2025-10-21 15:30:00+01:00,0.259,False,False,0.0,0.259
2025-10-21 16:00:00+01:00,0.46,False,False,0.0,0.46
2025-10-21 16:30:00+01:00,0.244,False,False,0.0,0.244
2025-10-21 17:00:00+01:00,0.258,False,False,0.0,0.258
2025-10-21 17:30:00+01:00,0.229,False,False,0.0,0.229
2025-10-21 18:00:00+01:00,0.179,False,False,0.0,0.179
2025-10-21 18:30:00+01:00,0.174,False,False,0.0,0.174
2025-10-21 19:00:00+01:00,0.171,False,False,0.0,0.171
2025-10-21 19:30:00+01:00,0.16,False,False,0.0,0.16
2025-10-21 20:00:00+01:00,0.22,False,False,0.0,0.22
2025-10-21 20:30:00+01:00,0.146,False,False,0.0,0.146
2025-10-21 21:00:00+01:00,0.135,False,False,0.0,0.135
2025-10-21 21:30:00+01:00,0.089,False,False,0.0,0.089
2025-10-21 22:00:00+01:00,0.098,False,False,0.0,0.098
2025-10-21 22:30:00+01:00,0.069,False,False,0.0,0.069
2025-10-21 23:00:00+01:00,0.071,True,False,0.0,0.071
2025-10-21 23:30:00+01:00,0.069,True,False,0.0,0.069
2025-10-22 00:00:00+01:00,0.068,True,False,0.0,0.068
2025-10-22 00:30:00+01:00,0.069,True,False,0.0,0.069
2025-10-22 01:00:00+01:00,0.068,True,False,0.0,0.068
2025-10-22 01:30:00+01:00,0.07,True,False,0.0,0.07
2025-10-22 02:00:00+01:00,0.077,True,False,0.0,0.077
2025-10-22 02:30:00+01:00,0.056,True,False,0.0,0.056
2025-10-22 03:00:00+01:00,0.058,True,False,0.0,0.058
2025-10-22 03:30:00+01:00,0.057,True,False,0.0,0.057
2025-10-22 04:00:00+01:00,0.047,True,False,0.0,0.047
2025-10-22 04:30:00+01:00,0.057,True,False,0.0,0.057
2025-10-22 05:00:00+01:00,0.057,False,False,0.0,0.057
2025-10-22 05:30:00+01:00,0.048,False,False,0.0,0.048
2025-10-22 06:00:00+01:00,0.068,False,False,0.0,0.068
2025-10-22 06:30:00+01:00,0.077,False,False,0.0,0.077
2025-10-22 07:00:00+01:00,0.157,False,False,0.0,0.157
2025-10-22 07:30:00+01:00,1.117,False,False,0.0,1.117
2025-10-22 08:00:00+01:00,0.561,False,False,0.0,0.561
2025-10-22 08:30:00+01:00,0.252,False,False,0.0,0.252
2025-10-22 09:00:00+01:00,0.197,False,False,0.0,0.197
2025-10-22 09:30:00+01:00,0.438,False,False,0.0,0.438
2025-10-22 10:00:00+01:00,0.152,False,False,0.0,0.152
2025-10-22 10:30:00+01:00,0.267,False,False,0.0,0.267
2025-10-22 11:00:00+01:00,0.189,False,False,0.0,0.189
2025-10-22 11:30:00+01:00,0.166,False,False,0.0,0.166
2025-10-22 12:00:00+01:00,0.182,False,False,0.0,0.182
2025-10-22 12:30:00+01:00,0.156,False,False,0.0,0.156
2025-10-22 13:00:00+01:00,0.182,False,False,0.0,0.182
2025-10-22 13:30:00+01:00,0.186,False,False,0.0,0.186
2025-10-22 14:00:00+01:00,0.155,False,False,0.0,0.155
2025-10-22 14:30:00+01:00,0.183,False,False,0.0,0.183
2025-10-22 15:00:00+01:00,0.191,False,False,0.0,0.191
2025-10-22 15:30:00+01:00,0.293,False,False,0.0,0.293
2025-10-22 16:00:00+01:00,0.936,False,False,0.0,0.936
2025-10-22 16:30:00+01:00,0.541,False,False,0.0,0.541
2025-10-22 17:00:00+01:00,0.347,False,False,0.0,0.347
2025-10-22 17:30:00+01:00,0.59,False,False,0.0,0.59
2025-10-22 18:00:00+01:00,0.366,False,False,0.0,0.366
2025-10-22 18:30:00+01:00,0.238,False,False,0.0,0.238
2025-10-22 19:00:00+01:00,0.166,False,False,0.0,0.166
2025-10-22 19:30:00+01:00,0.159,False,False,0.0,0.159
2025-10-22 20:00:00+01:00,0.159,False,False,0.0,0.159
2025-10-22 20:30:00+01:00,0.154,False,False,0.0,0.154
2025-10-22 21:00:00+01:00,0.129,False,False,0.0,0.129
2025-10-22 21:30:00+01:00,0.139,False,False,0.0,0.139
2025-10-22 22:00:00+01:00,0.114,False,False,0.0,0.114
2025-10-22 22:30:00+01:00,0.119,False,False,0.0,0.119
2025-10-22 23:00:00+01:00,0.099,True,False,0.0,0.099
2025-10-22 23:30:00+01:00,0.096,True,False,0.0,0.096
2025-10-23 00:00:00+01:00,0.088,True,False,0.0,0.088
2025-10-23 00:30:00+01:00,0.093,True,False,0.0,0.093
2025-10-23 01:00:00+01:00,0.094,True,False,0.0,0.094
2025-10-23 01:30:00+01:00,0.093,True,False,0.0,0.093
2025-10-23 02:00:00+01:00,0.081,True,False,0.0,0.081
2025-10-23 02:30:00+01:00,0.087,True,False,0.0,0.087
2025-10-23 03:00:00+01:00,0.083,True,False,0.0,0.083
2025-10-23 03:30:00+01:00,0.075,True,False,0.0,0.075
2025-10-23 04:00:00+01:00,0.081,True,False,0.0,0.081
2025-10-23 04:30:00+01:00,0.084,True,False,0.0,0.084
2025-10-23 05:00:00+01:00,0.078,False,False,0.0,0.078
2025-10-23 05:30:00+01:00,0.079,False,False,0.0,0.079
2025-10-23 06:00:00+01:00,0.094,False,False,0.0,0.094
2025-10-23 06:30:00+01:00,0.102,False,False,0.0,0.102
2025-10-23 07:00:00+01:00,0.141,False,False,0.0,0.141
2025-10-23 07:30:00+01:00,0.738,False,False,0.0,0.738
2025-10-23 08:00:00+01:00,0.396,False,False,0.0,0.396
2025-10-23 08:30:00+01:00,0.249,False,False,0.0,0.249
2025-10-23 09:00:00+01:00,0.254,False,False,0.0,0.254
2025-10-23 09:30:00+01:00,0.379,False,False,0.0,0.379
2025-10-23 10:00:00+01:00,0.532,False,False,0.0,0.532
2025-10-23 10:30:00+01:00,0.361,False,False,0.0,0.361
2025-10-23 11:00:00+01:00,0.172,False,False,0.0,0.172
2025-10-23 11:30:00+01:00,0.561,False,False,0.0,0.561
2025-10-23 12:00:00+01:00,0.331,False,False,0.0,0.331
2025-10-23 12:30:00+01:00,0.221,False,False,0.0,0.221
2025-10-23 13:00:00+01:00,0.198,False,False,0.0,0.198
2025-10-23 13:30:00+01:00,0.184,False,False,0.0,0.184
2025-10-23 14:00:00+01:00,0.208,False,False,0.0,0.208
2025-10-23 14:30:00+01:00,0.212,False,False,0.0,0.212
2025-10-23 15:00:00+01:00,0.348,False,False,0.0,0.348
2025-10-23 15:30:00+01:00,0.236,False,False,0.0,0.236
2025-10-23 16:00:00+01:00,0.275,False,False,0.0,0.275
2025-10-23 16:30:00+01:00,0.294,False,False,0.0,0.294
2025-10-23 17:00:00+01:00,0.329,False,False,0.0,0.329
2025-10-23 17:30:00+01:00,0.337,False,False,0.0,0.337
2025-10-23 18:00:00+01:00,0.926,False,False,0.0,0.926
2025-10-23 18:30:00+01:00,0.448,False,False,0.0,0.448
2025-10-23 19:00:00+01:00,0.235,False,False,0.0,0.235
2025-10-23 19:30:00+01:00,0.538,False,False,0.0,0.538
2025-10-23 20:00:00+01:00,0.215,False,False,0.0,0.215
2025-10-23 20:30:00+01:00,0.22,False,False,0.0,0.22
2025-10-23 21:00:00+01:00,0.31,False,False,0.0,0.31
2025-10-23 21:30:00+01:00,0.584,False,False,0.0,0.584
2025-10-23 22:00:00+01:00,0.296,False,False,0.0,0.296
2025-10-23 22:30:00+01:00,0.255,False,False,0.0,0.255
2025-10-23 23:00:00+01:00,0.212,True,False,0.0,0.212
2025-10-23 23:30:00+01:00,0.206,True,False,0.0,0.206
2025-10-24 00:00:00+01:00,0.204,True,False,0.0,0.204
2025-10-24 00:30:00+01:00,0.111,True,False,0.0,0.111
2025-10-24 01:00:00+01:00,0.086,True,False,0.0,0.086
2025-10-24 01:30:00+01:00,0.084,True,False,0.0,0.084
2025-10-24 02:00:00+01:00,0.075,True,False,0.0,0.075
2025-10-24 02:30:00+01:00,0.08,True,False,0.0,0.08
2025-10-24 03:00:00+01:00,0.075,True,False,0.0,0.075
2025-10-24 03:30:00+01:00,0.065,True,False,0.0,0.065
2025-10-24 04:00:00+01:00,0.072,True,False,0.0,0.072
2025-10-24 04:30:00+01:00,0.075,True,False,0.0,0.075
2025-10-24 05:00:00+01:00,0.068,False,False,0.0,0.068
2025-10-24 05:30:00+01:00,0.071,False,False,0.0,0.071
2025-10-24 06:00:00+01:00,0.085,False,False,0.0,0.085
2025-10-24 06:30:00+01:00,0.103,False,False,0.0,0.103
2025-10-24 07:00:00+01:00,0.115,False,False,0.0,0.115
2025-10-24 07:30:00+01:00,0.799,False,False,0.0,0.799
2025-10-24 08:00:00+01:00,0.431,False,False,0.0,0.431
2025-10-24 08:30:00+01:00,0.368,False,False,0.0,0.368
2025-10-24 09:00:00+01:00,1.185,False,False,0.0,1.185
2025-10-24 09:30:00+01:00,0.253,False,False,0.0,0.253
2025-10-24 10:00:00+01:00,0.16,False,False,0.0,0.16
2025-10-24 10:30:00+01:00,0.34,False,False,0.0,0.34
2025-10-24 11:00:00+01:00,0.591,False,False,0.0,0.591
2025-10-24 11:30:00+01:00,0.202,False,False,0.0,0.202
2025-10-24 12:00:00+01:00,0.285,False,False,0.0,0.285
2025-10-24 12:30:00+01:00,0.282,False,False,0.0,0.282
2025-10-24 13:00:00+01:00,0.198,False,False,0.0,0.198
2025-10-24 13:30:00+01:00,0.24,False,False,0.0,0.24
2025-10-24 14:00:00+01:00,0.221,False,False,0.0,0.221
2025-10-24 14:30:00+01:00,0.613,False,False,0.0,0.613
2025-10-24 15:00:00+01:00,0.41,False,False,0.0,0.41
2025-10-24 15:30:00+01:00,0.547,False,False,0.0,0.547
2025-10-24 16:00:00+01:00,0.57,False,False,0.0,0.57
2025-10-24 16:30:00+01:00,0.359,False,False,0.0,0.359
2025-10-24 17:00:00+01:00,0.334,False,False,0.0,0.334
2025-10-24 17:30:00+01:00,0.268,False,False,0.0,0.268
2025-10-24 18:00:00+01:00,0.248,False,False,0.0,0.248
2025-10-24 18:30:00+01:00,0.25,False,False,0.0,0.25
2025-10-24 19:00:00+01:00,0.22,False,False,0.0,0.22
2025-10-24 19:30:00+01:00,0.223,False,False,0.0,0.223
2025-10-24 20:00:00+01:00,0.305,False,False,0.0,0.305
2025-10-24 20:30:00+01:00,0.293,False,False,0.0,0.293
2025-10-24 21:00:00+01:00,0.289,False,False,0.0,0.289
2025-10-24 21:30:00+01:00,0.277,False,False,0.0,0.277
2025-10-24 22:00:00+01:00,0.295,False,False,0.0,0.295
2025-10-24 22:30:00+01:00,0.197,False,False,0.0,0.197
2025-10-24 23:00:00+01:00,0.194,True,False,0.0,0.194
2025-10-24 23:30:00+01:00,0.187,True,False,0.0,0.187
2025-10-25 00:00:00+01:00,0.185,True,False,0.0,0.185
2025-10-25 00:30:00+01:00,0.088,True,False,0.0,0.088
2025-10-25 01:00:00+01:00,0.09,True,False,0.0,0.09
2025-10-25 01:30:00+01:00,0.075,True,False,0.0,0.075
2025-10-25 02:00:00+01:00,0.086,True,False,0.0,0.086
2025-10-25 02:30:00+01:00,0.08,True,False,0.0,0.08
2025-10-25 03:00:00+01:00,0.073,True,False,0.0,0.073
2025-10-25 03:30:00+01:00,0.062,True,False,0.0,0.062
2025-10-25 04:00:00+01:00,0.074,True,False,0.0,0.074
2025-10-25 04:30:00+01:00,0.073,True,False,0.0,0.073
2025-10-25 05:00:00+01:00,0.06,False,False,0.0,0.06
2025-10-25 05:30:00+01:00,0.076,False,False,0.0,0.076
2025-10-25 06:00:00+01:00,0.083,False,False,0.0,0.083
2025-10-25 06:30:00+01:00,0.092,False,False,0.0,0.092
2025-10-25 07:00:00+01:00,0.13,False,False,0.0,0.13
2025-10-25 07:30:00+01:00,1.175,False,False,0.0,1.175
2025-10-25 08:00:00+01:00,0.455,False,False,0.0,0.455
2025-10-25 08:30:00+01:00,0.763,False,False,0.0,0.763
2025-10-25 09:00:00+01:00,0.444,False,False,0.0,0.444
2025-10-25 09:30:00+01:00,0.74,False,False,0.0,0.74
2025-10-25 10:00:00+01:00,0.266,False,False,0.0,0.266
2025-10-25 10:30:00+01:00,0.333,False,False,0.0,0.333
2025-10-25 11:00:00+01:00,0.528,False,False,0.0,0.528
2025-10-25 11:30:00+01:00,0.289,False,False,0.0,0.289
2025-10-25 12:00:00+01:00,0.379,False,False,0.0,0.379
2025-10-25 12:30:00+01:00,0.389,False,False,0.0,0.389
2025-10-25 13:00:00+01:00,0.285,False,False,0.0,0.285
2025-10-25 13:30:00+01:00,0.272,False,False,0.0,0.272
2025-10-25 14:00:00+01:00,0.273,False,False,0.0,0.273
2025-10-25 14:30:00+01:00,0.283,False,False,0.0,0.283
2025-10-25 15:00:00+01:00,0.265,False,False,0.0,0.265
2025-10-25 15:30:00+01:00,0.301,False,False,0.0,0.301
2025-10-25 16:00:00+01:00,0.315,False,False,0.0,0.315
2025-10-25 16:30:00+01:00,0.416,False,False,0.0,0.416
2025-10-25 17:00:00+01:00,0.588,False,False,0.0,0.588
2025-10-25 17:30:00+01:00,0.847,False,False,0.0,0.847
2025-10-25 18:00:00+01:00,1.452,False,False,0.0,1.452
2025-10-25 18:30:00+01:00,0.895,False,False,0.0,0.895
2025-10-25 19:00:00+01:00,0.712,False,False,0.0,0.712
2025-10-25 19:30:00+01:00,0.548,False,False,0.0,0.548
2025-10-25 20:00:00+01:00,0.888,False,False,0.0,0.888
2025-10-25 20:30:00+01:00,0.222,False,False,0.0,0.222
2025-10-25 21:00:00+01:00,0.194,False,False,0.0,0.194
2025-10-25 21:30:00+01:00,0.485,False,False,0.0,0.485
2025-10-25 22:00:00+01:00,0.152,False,False,0.0,0.152
2025-10-25 22:30:00+01:00,0.143,False,False,0.0,0.143
2025-10-25 23:00:00+01:00,3.208,True,True,3.0895,0.11850000000000005
2025-10-25 23:30:00+01:00,3.778,True,True,3.674,0.10400000000000009
2025-10-26 00:00:00+01:00,2.806,True,True,2.711,0.0950000000000002
2025-10-26 00:30:00+01:00,1.896,True,True,1.8059999999999998,0.09000000000000008
2025-10-26 01:00:00+01:00,3.802,True,True,3.714,0.08800000000000008
2025-10-26 01:30:00+01:00,3.808,True,True,3.722,0.08599999999999985
2025-10-26 01:00:00+00:00,3.836,True,True,3.7479999999999998,0.08800000000000008
2025-10-26 01:30:00+00:00,3.827,True,True,3.741,0.08599999999999985
2025-10-26 02:00:00+00:00,3.821,True,True,3.736,0.08499999999999996
2025-10-26 02:30:00+00:00,3.8,True,True,3.722,0.07799999999999985
2025-10-26 03:00:00+00:00,3.801,True,True,3.7270000000000003,0.07399999999999984
2025-10-26 03:30:00+00:00,3.812,True,True,3.7369999999999997,0.07500000000000018
2025-10-26 04:00:00+00:00,3.61,True,True,3.536,0.07399999999999984
2025-10-26 04:30:00+00:00,0.074,True,False,0.0,0.074
2025-10-26 05:00:00+00:00,0.117,False,False,0.0,0.117
2025-10-26 05:30:00+00:00,0.065,False,False,0.0,0.065
2025-10-26 06:00:00+00:00,0.141,False,False,0.0,0.141
2025-10-26 06:30:00+00:00,3.896,False,True,3.7929999999999997,0.1030000000000002
2025-10-26 07:00:00+00:00,4.369,False,True,4.141,0.22799999999999976
2025-10-26 07:30:00+00:00,3.9,False,True,3.4059999999999997,0.4940000000000002
2025-10-26 08:00:00+00:00,1.46,False,False,0.0,1.46
2025-10-26 08:30:00+00:00,0.106,False,False,0.0,0.106
2025-10-26 09:00:00+00:00,0.085,False,False,0.0,0.085
2025-10-26 09:30:00+00:00,0.083,False,False,0.0,0.083
2025-10-26 10:00:00+00:00,0.081,False,False,0.0,0.081
2025-10-26 10:30:00+00:00,0.082,False,False,0.0,0.082
2025-10-26 11:00:00+00:00,0.08,False,False,0.0,0.08
2025-10-26 11:30:00+00:00,0.076,False,False,0.0,0.076
2025-10-26 12:00:00+00:00,0.084,False,False,0.0,0.084
2025-10-26 12:30:00+00:00,0.088,False,False,0.0,0.088
2025-10-26 13:00:00+00:00,0.082,False,False,0.0,0.082
2025-10-26 13:30:00+00:00,0.074,False,False,0.0,0.074
2025-10-26 14:00:00+00:00,0.075,False,False,0.0,0.075
2025-10-26 14:30:00+00:00,0.082,False,False,0.0,0.082
2025-10-26 15:00:00+00:00,0.08,False,False,0.0,0.08
2025-10-26 15:30:00+00:00,0.081,False,False,0.0,0.081
2025-10-26 16:00:00+00:00,0.093,False,False,0.0,0.093
2025-10-26 16:30:00+00:00,0.127,False,False,0.0,0.127
2025-10-26 17:00:00+00:00,0.631,False,False,0.0,0.631
2025-10-26 17:30:00+00:00,0.248,False,False,0.0,0.248
2025-10-26 18:00:00+00:00,0.19,False,False,0.0,0.19
2025-10-26 18:30:00+00:00,0.184,False,False,0.0,0.184
2025-10-26 19:00:00+00:00,0.16,False,False,0.0,0.16
2025-10-26 19:30:00+00:00,0.209,False,False,0.0,0.209
2025-10-26 20:00:00+00:00,0.14,False,False,0.0,0.14
2025-10-26 20:30:00+00:00,0.147,False,False,0.0,0.147
2025-10-26 21:00:00+00:00,0.15,False,False,0.0,0.15
2025-10-26 21:30:00+00:00,0.145,False,False,0.0,0.145
2025-10-26 22:00:00+00:00,0.144,False,False,0.0,0.144
2025-10-26 22:30:00+00:00,0.124,False,False,0.0,0.124
2025-10-26 23:00:00+00:00,0.094,True,False,0.0,0.094
2025-10-26 23:30:00+00:00,0.077,True,False,0.0,0.077
2025-10-27 00:00:00+00:00,0.084,True,False,0.0,0.084
2025-10-27 00:30:00+00:00,0.084,True,False,0.0,0.084
2025-10-27 01:00:00+00:00,0.079,True,False,0.0,0.079
2025-10-27 01:30:00+00:00,0.075,True,False,0.0,0.075
2025-10-27 02:00:00+00:00,0.085,True,False,0.0,0.085
2025-10-27 02:30:00+00:00,0.076,True,False,0.0,0.076
2025-10-27 03:00:00+00:00,0.06,True,False,0.0,0.06
2025-10-27 03:30:00+00:00,0.072,True,False,0.0,0.072
2025-10-27 04:00:00+00:00,0.071,True,False,0.0,0.071
2025-10-27 04:30:00+00:00,0.064,True,False,0.0,0.064
2025-10-27 05:00:00+00:00,0.067,False,False,0.0,0.067
2025-10-27 05:30:00+00:00,0.075,False,False,0.0,0.075
2025-10-27 06:00:00+00:00,0.078,False,False,0.0,0.078
2025-10-27 06:30:00+00:00,0.094,False,False,0.0,0.094
2025-10-27 07:00:00+00:00,0.438,False,False,0.0,0.438
2025-10-27 07:30:00+00:00,0.463,False,False,0.0,0.463
2025-10-27 08:00:00+00:00,0.52,False,False,0.0,0.52
2025-10-27 08:30:00+00:00,0.338,False,False,0.0,0.338
2025-10-27 09:00:00+00:00,0.247,False,False,0.0,0.247
2025-10-27 09:30:00+00:00,0.14,False,False,0.0,0.14
2025-10-27 10:00:00+00:00,0.147,False,False,0.0,0.147
2025-10-27 10:30:00+00:00,0.149,False,False,0.0,0.149
2025-10-27 11:00:00+00:00,0.241,False,False,0.0,0.241
2025-10-27 11:30:00+00:00,0.228,False,False,0.0,0.228
2025-10-27 12:00:00+00:00,0.278,False,False,0.0,0.278
2025-10-27 12:30:00+00:00,0.273,False,False,0.0,0.273
2025-10-27 13:00:00+00:00,0.201,False,False,0.0,0.201
2025-10-27 13:30:00+00:00,0.195,False,False,0.0,0.195
2025-10-27 14:00:00+00:00,0.203,False,False,0.0,0.203
2025-10-27 14:30:00+00:00,0.195,False,False,0.0,0.195
2025-10-27 15:00:00+00:00,0.2,False,False,0.0,0.2
2025-10-27 15:30:00+00:00,0.228,False,False,0.0,0.228
2025-10-27 16:00:00+00:00,0.307,False,False,0.0,0.307
2025-10-27 16:30:00+00:00,0.317,False,False,0.0,0.317
2025-10-27 17:00:00+00:00,1.881,False,False,0.0,1.881
2025-10-27 17:30:00+00:00,0.821,False,False,0.0,0.821
2025-10-27 18:00:00+00:00,0.732,False,False,0.0,0.732
2025-10-27 18:30:00+00:00,0.289,False,False,0.0,0.289
2025-10-27 19:00:00+00:00,0.549,False,False,0.0,0.549
2025-10-27 19:30:00+00:00,0.261,False,False,0.0,0.261
2025-10-27 20:00:00+00:00,0.245,False,False,0.0,0.245
2025-10-27 20:30:00+00:00,0.142,False,False,0.0,0.142
2025-10-27 21:00:00+00:00,0.124,False,False,0.0,0.124
2025-10-27 21:30:00+00:00,0.109,False,False,0.0,0.109
2025-10-27 22:00:00+00:00,0.085,False,False,0.0,0.085
2025-10-27 22:30:00+00:00,0.082,False,False,0.0,0.082
2025-10-27 23:00:00+00:00,0.079,True,False,0.0,0.079
2025-10-27 23:30:00+00:00,0.081,True,False,0.0,0.081
2025-10-28 00:00:00+00:00,0.083,True,False,0.0,0.083
2025-10-28 00:30:00+00:00,0.083,True,False,0.0,0.083
2025-10-28 01:00:00+00:00,0.081,True,False,0.0,0.081
2025-10-28 01:30:00+00:00,0.072,True,False,0.0,0.072
2025-10-28 02:00:00+00:00,0.084,True,False,0.0,0.084
2025-10-28 02:30:00+00:00,0.075,True,False,0.0,0.075
2025-10-28 03:00:00+00:00,0.065,True,False,0.0,0.065
2025-10-28 03:30:00+00:00,0.067,True,False,0.0,0.067
2025-10-28 04:00:00+00:00,0.074,True,False,0.0,0.074
2025-10-28 04:30:00+00:00,0.073,True,False,0.0,0.073
2025-10-28 05:00:00+00:00,0.06,False,False,0.0,0.06
2025-10-28 05:30:00+00:00,0.077,False,False,0.0,0.077
2025-10-28 06:00:00+00:00,0.083,False,False,0.0,0.083
2025-10-28 06:30:00+00:00,0.096,False,False,0.0,0.096
2025-10-28 07:00:00+00:00,0.428,False,False,0.0,0.428
2025-10-28 07:30:00+00:00,0.718,False,False,0.0,0.718
2025-10-28 08:00:00+00:00,0.457,False,False,0.0,0.457
2025-10-28 08:30:00+00:00,0.392,False,False,0.0,0.392
2025-10-28 09:00:00+00:00,0.328,False,False,0.0,0.328
2025-10-28 09:30:00+00:00,0.13,False,False,0.0,0.13
2025-10-28 10:00:00+00:00,0.131,False,False,0.0,0.131
2025-10-28 10:30:00+00:00,0.13,False,False,0.0,0.13
2025-10-28 11:00:00+00:00,0.135,False,False,0.0,0.135
2025-10-28 11:30:00+00:00,0.122,False,False,0.0,0.122
2025-10-28 12:00:00+00:00,0.231,False,False,0.0,0.231
2025-10-28 12:30:00+00:00,0.3,False,False,0.0,0.3
2025-10-28 13:00:00+00:00,0.271,False,False,0.0,0.271
2025-10-28 13:30:00+00:00,0.216,False,False,0.0,0.216
2025-10-28 14:00:00+00:00,0.217,False,False,0.0,0.217
2025-10-28 14:30:00+00:00,0.28,False,False,0.0,0.28
2025-10-28 15:00:00+00:00,0.281,False,False,0.0,0.281
2025-10-28 15:30:00+00:00,0.264,False,False,0.0,0.264
2025-10-28 16:00:00+00:00,0.831,False,False,0.0,0.831
2025-10-28 16:30:00+00:00,0.667,False,False,0.0,0.667
2025-10-28 17:00:00+00:00,0.465,False,False,0.0,0.465
2025-10-28 17:30:00+00:00,0.209,False,False,0.0,0.209
2025-10-28 18:00:00+00:00,0.199,False,False,0.0,0.199
2025-10-28 18:30:00+00:00,0.196,False,False,0.0,0.196
2025-10-28 19:00:00+00:00,0.144,False,False,0.0,0.144
2025-10-28 19:30:00+00:00,0.113,False,False,0.0,0.113
2025-10-28 20:00:00+00:00,0.11,False,False,0.0,0.11
2025-10-28 20:30:00+00:00,0.642,False,False,0.0,0.642
2025-10-28 21:00:00+00:00,0.218,False,False,0.0,0.218
2025-10-28 21:30:00+00:00,2.964,False,False,0.0,2.964
2025-10-28 22:00:00+00:00,1.086,False,False,0.0,1.086
2025-10-28 22:30:00+00:00,2.95,False,False,0.0,2.95
2025-10-28 23:00:00+00:00,2.01,True,True,1.8914999999999997,0.11850000000000005
2025-10-28 23:30:00+00:00,3.534,True,True,3.4299999999999997,0.10400000000000009
2025-10-29 00:00:00+00:00,3.076,True,True,2.981,0.0950000000000002
2025-10-29 00:30:00+00:00,3.766,True,True,3.676,0.08999999999999986
2025-10-29 01:00:00+00:00,3.055,True,True,2.967,0.08800000000000008
2025-10-29 01:30:00+00:00,3.809,True,True,3.7230000000000003,0.08599999999999985
2025-10-29 02:00:00+00:00,3.805,True,True,3.72,0.08499999999999996
2025-10-29 02:30:00+00:00,3.809,True,True,3.7310000000000003,0.07799999999999985
2025-10-29 03:00:00+00:00,2.979,True,True,2.9050000000000002,0.07399999999999984
2025-10-29 03:30:00+00:00,3.818,True,True,3.743,0.07500000000000018
2025-10-29 04:00:00+00:00,3.82,True,True,3.746,0.07399999999999984
2025-10-29 04:30:00+00:00,3.822,True,True,3.749,0.07299999999999995
2025-10-29 05:00:00+00:00,3.805,False,True,3.732,0.07299999999999995
2025-10-29 05:30:00+00:00,3.796,False,True,3.7199999999999998,0.07600000000000007
2025-10-29 06:00:00+00:00,3.709,False,True,3.626,0.08300000000000018
2025-10-29 06:30:00+00:00,0.098,False,False,0.0,0.098
2025-10-29 07:00:00+00:00,0.513,False,False,0.0,0.513
2025-10-29 07:30:00+00:00,0.719,False,False,0.0,0.719
2025-10-29 08:00:00+00:00,0.813,False,False,0.0,0.813
2025-10-29 08:30:00+00:00,0.431,False,False,0.0,0.431
2025-10-29 09:00:00+00:00,0.142,False,False,0.0,0.142
2025-10-29 09:30:00+00:00,0.165,False,False,0.0,0.165
2025-10-29 10:00:00+00:00,0.396,False,False,0.0,0.396
2025-10-29 10:30:00+00:00,0.091,False,False,0.0,0.091
2025-10-29 11:00:00+00:00,0.088,False,False,0.0,0.088
2025-10-29 11:30:00+00:00,0.087,False,False,0.0,0.087
2025-10-29 12:00:00+00:00,0.082,False,False,0.0,0.082
2025-10-29 12:30:00+00:00,0.082,False,False,0.0,0.082
2025-10-29 13:00:00+00:00,0.086,False,False,0.0,0.086
2025-10-29 13:30:00+00:00,0.072,False,False,0.0,0.072
2025-10-29 14:00:00+00:00,0.081,False,False,0.0,0.081
2025-10-29 14:30:00+00:00,0.08,False,False,0.0,0.08
2025-10-29 15:00:00+00:00,0.08,False,False,0.0,0.08
2025-10-29 15:30:00+00:00,0.196,False,False,0.0,0.196
2025-10-29 16:00:00+00:00,0.786,False,False,0.0,0.786
2025-10-29 16:30:00+00:00,0.239,False,False,0.0,0.239
2025-10-29 17:00:00+00:00,0.354,False,False,0.0,0.354
2025-10-29 17:30:00+00:00,0.334,False,False,0.0,0.334
2025-10-29 18:00:00+00:00,0.257,False,False,0.0,0.257
2025-10-29 18:30:00+00:00,0.208,False,False,0.0,0.208
2025-10-29 19:00:00+00:00,0.176,False,False,0.0,0.176
2025-10-29 19:30:00+00:00,0.17,False,False,0.0,0.17
2025-10-29 20:00:00+00:00,0.164,False,False,0.0,0.164
2025-10-29 20:30:00+00:00,0.17,False,False,0.0,0.17
2025-10-29 21:00:00+00:00,0.161,False,False,0.0,0.161
2025-10-29 21:30:00+00:00,0.136,False,False,0.0,0.136
2025-10-29 22:00:00+00:00,0.091,False,False,0.0,0.091
2025-10-29 22:30:00+00:00,0.083,False,False,0.0,0.083
2025-10-29 23:00:00+00:00,0.084,True,False,0.0,0.084
2025-10-29 23:30:00+00:00,0.082,True,False,0.0,0.082
2025-10-30 00:00:00+00:00,0.067,True,False,0.0,0.067
2025-10-30 00:30:00+00:00,0.08,True,False,0.0,0.08
2025-10-30 01:00:00+00:00,0.078,True,False,0.0,0.078
2025-10-30 01:30:00+00:00,0.069,True,False,0.0,0.069
2025-10-30 02:00:00+00:00,0.077,True,False,0.0,0.077
2025-10-30 02:30:00+00:00,0.071,True,False,0.0,0.071
2025-10-30 03:00:00+00:00,0.062,True,False,0.0,0.062
2025-10-30 03:30:00+00:00,0.063,True,False,0.0,0.063
2025-10-30 04:00:00+00:00,0.068,True,False,0.0,0.068
2025-10-30 04:30:00+00:00,0.067,True,False,0.0,0.067
2025-10-30 05:00:00+00:00,0.058,False,False,0.0,0.058
2025-10-30 05:30:00+00:00,0.073,False,False,0.0,0.073
2025-10-30 06:00:00+00:00,0.078,False,False,0.0,0.078
2025-10-30 06:30:00+00:00,0.092,False,False,0.0,0.092
2025-10-30 07:00:00+00:00,0.438,False,False,0.0,0.438
2025-10-30 07:30:00+00:00,0.239,False,False,0.0,0.239
2025-10-30 08:00:00+00:00,0.506,False,False,0.0,0.506
2025-10-30 08:30:00+00:00,0.647,False,False,0.0,0.647
2025-10-30 09:00:00+00:00,0.518,False,False,0.0,0.518
2025-10-30 09:30:00+00:00,0.538,False,False,0.0,0.538
2025-10-30 10:00:00+00:00,0.173,False,False,0.0,0.173
2025-10-30 10:30:00+00:00,0.268,False,False,0.0,0.268
2025-10-30 11:00:00+00:00,0.324,False,False,0.0,0.324
2025-10-30 11:30:00+00:00,0.378,False,False,0.0,0.378
2025-10-30 12:00:00+00:00,0.263,False,False,0.0,0.263
2025-10-30 12:30:00+00:00,0.349,False,False,0.0,0.349
2025-10-30 13:00:00+00:00,0.335,False,False,0.0,0.335
2025-10-30 13:30:00+00:00,0.321,False,False,0.0,0.321
2025-10-30 14:00:00+00:00,0.234,False,False,0.0,0.234
2025-10-30 14:30:00+00:00,0.361,False,False,0.0,0.361
2025-10-30 15:00:00+00:00,0.32,False,False,0.0,0.32
2025-10-30 15:30:00+00:00,0.236,False,False,0.0,0.236
2025-10-30 16:00:00+00:00,0.962,False,False,0.0,0.962
2025-10-30 16:30:00+00:00,0.483,False,False,0.0,0.483
2025-10-30 17:00:00+00:00,0.212,False,False,0.0,0.212
2025-10-30 17:30:00+00:00,0.258,False,False,0.0,0.258
2025-10-30 18:00:00+00:00,0.889,False,False,0.0,0.889
2025-10-30 18:30:00+00:00,0.322,False,False,0.0,0.322
2025-10-30 19:00:00+00:00,0.157,False,False,0.0,0.157
2025-10-30 19:30:00+00:00,0.157,False,False,0.0,0.157
2025-10-30 20:00:00+00:00,0.141,False,False,0.0,0.141
2025-10-30 20:30:00+00:00,0.109,False,False,0.0,0.109
2025-10-30 21:00:00+00:00,0.102,False,False,0.0,0.102
2025-10-30 21:30:00+00:00,0.084,False,False,0.0,0.084
2025-10-30 22:00:00+00:00,0.068,False,False,0.0,0.068
2025-10-30 22:30:00+00:00,0.067,False,False,0.0,0.067
2025-10-30 23:00:00+00:00,0.066,True,False,0.0,0.066
2025-10-30 23:30:00+00:00,0.067,True,False,0.0,0.067
2025-10-31 00:00:00+00:00,0.067,True,False,0.0,0.067
2025-10-31 00:30:00+00:00,0.08,True,False,0.0,0.08
2025-10-31 01:00:00+00:00,0.068,True,False,0.0,0.068
2025-10-31 01:30:00+00:00,0.078,True,False,0.0,0.078
2025-10-31 02:00:00+00:00,0.079,True,False,0.0,0.079
2025-10-31 02:30:00+00:00,0.068,True,False,0.0,0.068
2025-10-31 03:00:00+00:00,0.058,True,False,0.0,0.058
2025-10-31 03:30:00+00:00,0.068,True,False,0.0,0.068
2025-10-31 04:00:00+00:00,0.068,True,False,0.0,0.068
2025-10-31 04:30:00+00:00,0.056,True,False,0.0,0.056
2025-10-31 05:00:00+00:00,0.067,False,False,0.0,0.067
2025-10-31 05:30:00+00:00,0.071,False,False,0.0,0.071
2025-10-31 06:00:00+00:00,0.074,False,False,0.0,0.074
2025-10-31 06:30:00+00:00,0.084,False,False,0.0,0.084
2025-10-31 07:00:00+00:00,0.361,False,False,0.0,0.361
2025-10-31 07:30:00+00:00,1.695,False,False,0.0,1.695
2025-10-31 08:00:00+00:00,0.387,False,False,0.0,0.387
2025-10-31 08:30:00+00:00,1.235,False,False,0.0,1.235
2025-10-31 09:00:00+00:00,0.467,False,False,0.0,0.467
2025-10-31 09:30:00+00:00,0.285,False,False,0.0,0.285
2025-10-31 10:00:00+00:00,0.307,False,False,0.0,0.307
2025-10-31 10:30:00+00:00,0.561,False,False,0.0,0.561
2025-10-31 11:00:00+00:00,0.207,False,False,0.0,0.207
2025-10-31 11:30:00+00:00,0.537,False,False,0.0,0.537
2025-10-31 12:00:00+00:00,0.854,False,False,0.0,0.854
2025-10-31 12:30:00+00:00,0.451,False,False,0.0,0.451
2025-10-31 13:00:00+00:00,0.721,False,False,0.0,0.721
2025-10-31 13:30:00+00:00,0.571,False,False,0.0,0.571
2025-10-31 14:00:00+00:00,0.537,False,False,0.0,0.537
2025-10-31 14:30:00+00:00,0.348,False,False,0.0,0.348
2025-10-31 15:00:00+00:00,0.428,False,False,0.0,0.428
2025-10-31 15:30:00+00:00,0.362,False,False,0.0,0.362
2025-10-31 16:00:00+00:00,0.352,False,False,0.0,0.352
2025-10-31 16:30:00+00:00,0.306,False,False,0.0,0.306
2025-10-31 17:00:00+00:00,0.27,False,False,0.0,0.27
2025-10-31 17:30:00+00:00,0.223,False,False,0.0,0.223
2025-10-31 18:00:00+00:00,0.242,False,False,0.0,0.242
2025-10-31 18:30:00+00:00,0.217,False,False,0.0,0.217
2025-10-31 19:00:00+00:00,0.2,False,False,0.0,0.2
2025-10-31 19:30:00+00:00,0.232,False,False,0.0,0.232
2025-10-31 20:00:00+00:00,0.233,False,False,0.0,0.233
2025-10-31 20:30:00+00:00,0.199,False,False,0.0,0.199
2025-10-31 21:00:00+00:00,0.155,False,False,0.0,0.155
2025-10-31 21:30:00+00:00,0.169,False,False,0.0,0.169
2025-10-31 22:00:00+00:00,0.119,False,False,0.0,0.119
2025-10-31 22:30:00+00:00,0.123,False,False,0.0,0.123
2025-10-31 23:00:00+00:00,0.121,True,False,0.0,0.121
2025-10-31 23:30:00+00:00,0.087,True,False,0.0,0.087
2025-11-01 00:00:00+00:00,0.111,True,False,0.0,0.111
2025-11-01 00:30:00+00:00,0.103,True,False,0.0,0.103
2025-11-01 01:00:00+00:00,0.086,True,False,0.0,0.086
2025-11-01 01:30:00+00:00,0.084,True,False,0.0,0.084
2025-11-01 02:00:00+00:00,0.082,True,False,0.0,0.082
2025-11-01 02:30:00+00:00,0.078,True,False,0.0,0.078
2025-11-01 03:00:00+00:00,0.075,True,False,0.0,0.075
2025-11-01 03:30:00+00:00,0.082,True,False,0.0,0.082
2025-11-01 04:00:00+00:00,0.069,True,False,0.0,0.069
2025-11-01 04:30:00+00:00,0.067,True,False,0.0,0.067
2025-11-01 05:00:00+00:00,0.071,False,False,0.0,0.071
2025-11-01 05:30:00+00:00,0.072,False,False,0.0,0.072
2025-11-01 06:00:00+00:00,0.08,False,False,0.0,0.08
2025-11-01 06:30:00+00:00,0.083,False,False,0.0,0.083
2025-11-01 07:00:00+00:00,0.342,False,False,0.0,0.342
2025-11-01 07:30:00+00:00,0.536,False,False,0.0,0.536
2025-11-01 08:00:00+00:00,0.707,False,False,0.0,0.707
2025-11-01 08:30:00+00:00,0.445,False,False,0.0,0.445
2025-11-01 09:00:00+00:00,0.48,False,False,0.0,0.48
2025-11-01 09:30:00+00:00,1.242,False,False,0.0,1.242
2025-11-01 10:00:00+00:00,0.501,False,False,0.0,0.501
2025-11-01 10:30:00+00:00,1.163,False,False,0.0,1.163
2025-11-01 11:00:00+00:00,0.822,False,False,0.0,0.822
2025-11-01 11:30:00+00:00,0.69,False,False,0.0,0.69
2025-11-01 12:00:00+00:00,1.002,False,False,0.0,1.002
2025-11-01 12:30:00+00:00,0.406,False,False,0.0,0.406
2025-11-01 13:00:00+00:00,0.466,False,False,0.0,0.466
2025-11-01 13:30:00+00:00,0.44,False,False,0.0,0.44
2025-11-01 14:00:00+00:00,0.467,False,False,0.0,0.467
2025-11-01 14:30:00+00:00,0.702,False,False,0.0,0.702
2025-11-01 15:00:00+00:00,0.626,False,False,0.0,0.626
2025-11-01 15:30:00+00:00,0.407,False,False,0.0,0.407
2025-11-01 16:00:00+00:00,0.152,False,False,0.0,0.152
2025-11-01 16:30:00+00:00,0.177,False,False,0.0,0.177
2025-11-01 17:00:00+00:00,0.174,False,False,0.0,0.174
2025-11-01 17:30:00+00:00,0.172,False,False,0.0,0.172
2025-11-01 18:00:00+00:00,0.216,False,False,0.0,0.216
2025-11-01 18:30:00+00:00,0.173,False,False,0.0,0.173
2025-11-01 19:00:00+00:00,0.148,False,False,0.0,0.148
2025-11-01 19:30:00+00:00,0.133,False,False,0.0,0.133
2025-11-01 20:00:00+00:00,0.153,False,False,0.0,0.153
2025-11-01 20:30:00+00:00,0.183,False,False,0.0,0.183
2025-11-01 21:00:00+00:00,0.152,False,False,0.0,0.152
2025-11-01 21:30:00+00:00,0.164,False,False,0.0,0.164
2025-11-01 22:00:00+00:00,0.139,False,False,0.0,0.139
2025-11-01 22:30:00+00:00,0.141,False,False,0.0,0.141
2025-11-01 23:00:00+00:00,0.131,True,False,0.0,0.131
2025-11-01 23:30:00+00:00,0.083,True,False,0.0,0.083
2025-11-02 00:00:00+00:00,0.075,True,False,0.0,0.075
2025-11-02 00:30:00+00:00,0.077,True,False,0.0,0.077
2025-11-02 01:00:00+00:00,0.083,True,False,0.0,0.083
2025-11-02 01:30:00+00:00,0.133,True,False,0.0,0.133
2025-11-02 02:00:00+00:00,0.083,True,False,0.0,0.083
2025-11-02 02:30:00+00:00,0.077,True,False,0.0,0.077
2025-11-02 03:00:00+00:00,0.072,True,False,0.0,0.072
2025-11-02 03:30:00+00:00,0.073,True,False,0.0,0.073
2025-11-02 04:00:00+00:00,0.072,True,False,0.0,0.072
2025-11-02 04:30:00+00:00,0.072,True,False,0.0,0.072
2025-11-02 05:00:00+00:00,0.083,False,False,0.0,0.083
2025-11-02 05:30:00+00:00,0.064,False,False,0.0,0.064
2025-11-02 06:00:00+00:00,0.083,False,False,0.0,0.083
2025-11-02 06:30:00+00:00,0.097,False,False,0.0,0.097
2025-11-02 07:00:00+00:00,0.143,False,False,0.0,0.143
2025-11-02 07:30:00+00:00,0.696,False,False,0.0,0.696
2025-11-02 08:00:00+00:00,0.713,False,False,0.0,0.713
2025-11-02 08:30:00+00:00,1.228,False,False,0.0,1.228
2025-11-02 09:00:00+00:00,0.41,False,False,0.0,0.41
2025-11-02 09:30:00+00:00,0.396,False,False,0.0,0.396
2025-11-02 10:00:00+00:00,0.595,False,False,0.0,0.595
2025-11-02 10:30:00+00:00,0.496,False,False,0.0,0.496
2025-11-02 11:00:00+00:00,0.122,False,False,0.0,0.122
2025-11-02 11:30:00+00:00,0.134,False,False,0.0,0.134
2025-11-02 12:00:00+00:00,0.145,False,False,0.0,0.145
2025-11-02 12:30:00+00:00,0.241,False,False,0.0,0.241
2025-11-02 13:00:00+00:00,0.433,False,False,0.0,0.433
2025-11-02 13:30:00+00:00,1.29,False,False,0.0,1.29
2025-11-02 14:00:00+00:00,0.806,False,False,0.0,0.806
2025-11-02 14:30:00+00:00,0.903,False,False,0.0,0.903
2025-11-02 15:00:00+00:00,1.085,False,False,0.0,1.085
2025-11-02 15:30:00+00:00,1.132,False,False,0.0,1.132
2025-11-02 16:00:00+00:00,1.097,False,False,0.0,1.097
2025-11-02 16:30:00+00:00,0.706,False,False,0.0,0.706
2025-11-02 17:00:00+00:00,0.501,False,False,0.0,0.501
2025-11-02 17:30:00+00:00,0.794,False,False,0.0,0.794
2025-11-02 18:00:00+00:00,0.508,False,False,0.0,0.508
2025-11-02 18:30:00+00:00,0.31,False,False,0.0,0.31
2025-11-02 19:00:00+00:00,0.762,False,False,0.0,0.762
2025-11-02 19:30:00+00:00,0.156,False,False,0.0,0.156
2025-11-02 20:00:00+00:00,0.139,False,False,0.0,0.139
2025-11-02 20:30:00+00:00,0.153,False,False,0.0,0.153
2025-11-02 21:00:00+00:00,0.161,False,False,0.0,0.161
2025-11-02 21:30:00+00:00,0.14,False,False,0.0,0.14
2025-11-02 22:00:00+00:00,0.143,False,False,0.0,0.143
2025-11-02 22:30:00+00:00,0.119,False,False,0.0,0.119
2025-11-02 23:00:00+00:00,0.128,True,False,0.0,0.128
2025-11-02 23:30:00+00:00,0.107,True,False,0.0,0.107
2025-11-03 00:00:00+00:00,0.088,True,False,0.0,0.088
2025-11-03 00:30:00+00:00,0.088,True,False,0.0,0.088
2025-11-03 01:00:00+00:00,0.089,True,False,0.0,0.089
2025-11-03 01:30:00+00:00,0.092,True,False,0.0,0.092
2025-11-03 02:00:00+00:00,0.076,True,False,0.0,0.076
2025-11-03 02:30:00+00:00,0.081,True,False,0.0,0.081
2025-11-03 03:00:00+00:00,0.077,True,False,0.0,0.077
2025-11-03 03:30:00+00:00,0.076,True,False,0.0,0.076
2025-11-03 04:00:00+00:00,0.076,True,False,0.0,0.076
2025-11-03 04:30:00+00:00,0.075,True,False,0.0,0.075
2025-11-03 05:00:00+00:00,0.07,False,False,0.0,0.07
2025-11-03 05:30:00+00:00,0.065,False,False,0.0,0.065
2025-11-03 06:00:00+00:00,0.085,False,False,0.0,0.085
2025-11-03 06:30:00+00:00,0.106,False,False,0.0,0.106
2025-11-03 07:00:00+00:00,0.176,False,False,0.0,0.176
2025-11-03 07:30:00+00:00,1.121,False,False,0.0,1.121
2025-11-03 08:00:00+00:00,0.402,False,False,0.0,0.402
2025-11-03 08:30:00+00:00,0.198,False,False,0.0,0.198
2025-11-03 09:00:00+00:00,0.195,False,False,0.0,0.195
2025-11-03 09:30:00+00:00,0.194,False,False,0.0,0.194
2025-11-03 10:00:00+00:00,0.245,False,False,0.0,0.245
2025-11-03 10:30:00+00:00,0.188,False,False,0.0,0.188
2025-11-03 11:00:00+00:00,0.18,False,False,0.0,0.18
2025-11-03 11:30:00+00:00,0.147,False,False,0.0,0.147
2025-11-03 12:00:00+00:00,0.429,False,False,0.0,0.429
2025-11-03 12:30:00+00:00,0.284,False,False,0.0,0.284
2025-11-03 13:00:00+00:00,0.19,False,False,0.0,0.19
2025-11-03 13:30:00+00:00,0.195,False,False,0.0,0.195
2025-11-03 14:00:00+00:00,0.19,False,False,0.0,0.19
2025-11-03 14:30:00+00:00,0.214,False,False,0.0,0.214
2025-11-03 15:00:00+00:00,0.161,False,False,0.0,0.161
2025-11-03 15:30:00+00:00,0.22,False,False,0.0,0.22
2025-11-03 16:00:00+00:00,0.324,False,False,0.0,0.324
2025-11-03 16:30:00+00:00,0.271,False,False,0.0,0.271
2025-11-03 17:00:00+00:00,0.283,False,False,0.0,0.283
2025-11-03 17:30:00+00:00,0.671,False,False,0.0,0.671
2025-11-03 18:00:00+00:00,0.999,False,False,0.0,0.999
2025-11-03 18:30:00+00:00,0.273,False,False,0.0,0.273
2025-11-03 19:00:00+00:00,0.211,False,False,0.0,0.211
2025-11-03 19:30:00+00:00,0.22,False,False,0.0,0.22
2025-11-03 20:00:00+00:00,0.332,False,False,0.0,0.332
2025-11-03 20:30:00+00:00,0.295,False,False,0.0,0.295
2025-11-03 21:00:00+00:00,0.284,False,False,0.0,0.284
2025-11-03 21:30:00+00:00,0.275,False,False,0.0,0.275
2025-11-03 22:00:00+00:00,0.283,False,False,0.0,0.283
2025-11-03 22:30:00+00:00,0.257,False,False,0.0,0.257
2025-11-03 23:00:00+00:00,0.255,True,False,0.0,0.255
2025-11-03 23:30:00+00:00,0.253,True,False,0.0,0.253
2025-11-04 00:00:00+00:00,0.231,True,False,0.0,0.231
2025-11-04 00:30:00+00:00,0.073,True,False,0.0,0.073
2025-11-04 01:00:00+00:00,0.073,True,False,0.0,0.073
2025-11-04 01:30:00+00:00,0.075,True,False,0.0,0.075
2025-11-04 02:00:00+00:00,0.075,True,False,0.0,0.075
2025-11-04 02:30:00+00:00,0.073,True,False,0.0,0.073
2025-11-04 03:00:00+00:00,0.071,True,False,0.0,0.071
2025-11-04 03:30:00+00:00,0.107,True,False,0.0,0.107
2025-11-04 04:00:00+00:00,0.088,True,False,0.0,0.088
2025-11-04 04:30:00+00:00,0.074,True,False,0.0,0.074
2025-11-04 05:00:00+00:00,0.072,False,False,0.0,0.072
2025-11-04 05:30:00+00:00,0.074,False,False,0.0,0.074
2025-11-04 06:00:00+00:00,0.082,False,False,0.0,0.082
2025-11-04 06:30:00+00:00,0.092,False,False,0.0,0.092
2025-11-04 07:00:00+00:00,0.192,False,False,0.0,0.192
2025-11-04 07:30:00+00:00,1.35,False,False,0.0,1.35
2025-11-04 08:00:00+00:00,0.372,False,False,0.0,0.372
2025-11-04 08:30:00+00:00,0.345,False,False,0.0,0.345
2025-11-04 09:00:00+00:00,0.533,False,False,0.0,0.533
2025-11-04 09:30:00+00:00,0.457,False,False,0.0,0.457
2025-11-04 10:00:00+00:00,0.225,False,False,0.0,0.225
2025-11-04 10:30:00+00:00,0.206,False,False,0.0,0.206
2025-11-04 11:00:00+00:00,0.188,False,False,0.0,0.188
2025-11-04 11:30:00+00:00,0.199,False,False,0.0,0.199
2025-11-04 12:00:00+00:00,0.263,False,False,0.0,0.263
2025-11-04 12:30:00+00:00,0.279,False,False,0.0,0.279
2025-11-04 13:00:00+00:00,0.249,False,False,0.0,0.249
2025-11-04 13:30:00+00:00,0.205,False,False,0.0,0.205
2025-11-04 14:00:00+00:00,0.202,False,False,0.0,0.202
2025-11-04 14:30:00+00:00,0.226,False,False,0.0,0.226
2025-11-04 15:00:00+00:00,0.177,False,False,0.0,0.177
2025-11-04 15:30:00+00:00,0.191,False,False,0.0,0.191
2025-11-04 16:00:00+00:00,0.679,False,False,0.0,0.679
2025-11-04 16:30:00+00:00,0.238,False,False,0.0,0.238
2025-11-04 17:00:00+00:00,0.279,False,False,0.0,0.279
2025-11-04 17:30:00+00:00,0.36,False,False,0.0,0.36
2025-11-04 18:00:00+00:00,0.253,False,False,0.0,0.253
2025-11-04 18:30:00+00:00,0.391,False,False,0.0,0.391
2025-11-04 19:00:00+00:00,0.35,False,False,0.0,0.35
2025-11-04 19:30:00+00:00,0.331,False,False,0.0,0.331
2025-11-04 20:00:00+00:00,0.304,False,False,0.0,0.304
2025-11-04 20:30:00+00:00,0.386,False,False,0.0,0.386
2025-11-04 21:00:00+00:00,0.324,False,False,0.0,0.324
2025-11-04 21:30:00+00:00,0.309,False,False,0.0,0.309
2025-11-04 22:00:00+00:00,0.286,False,False,0.0,0.286
2025-11-04 22:30:00+00:00,1.4,False,False,0.0,1.4
2025-11-04 23:00:00+00:00,3.175,True,True,3.0564999999999998,0.11850000000000005
2025-11-04 23:30:00+00:00,2.142,True,True,2.038,0.10400000000000009
2025-11-05 00:00:00+00:00,1.929,True,True,1.834,0.09499999999999997
2025-11-05 00:30:00+00:00,1.916,True,True,1.8259999999999998,0.09000000000000008
2025-11-05 01:00:00+00:00,2.251,True,True,2.163,0.08800000000000008
2025-11-05 01:30:00+00:00,1.914,True,True,1.8279999999999998,0.08600000000000008
2025-11-05 02:00:00+00:00,0.743,True,False,0.0,0.743
2025-11-05 02:30:00+00:00,2.264,True,True,2.186,0.07799999999999985
2025-11-05 03:00:00+00:00,3.782,True,True,3.708,0.07399999999999984
2025-11-05 03:30:00+00:00,3.793,True,True,3.718,0.07500000000000018
2025-11-05 04:00:00+00:00,3.803,True,True,3.729,0.07399999999999984
2025-11-05 04:30:00+00:00,3.794,True,True,3.721,0.07299999999999995
2025-11-05 05:00:00+00:00,3.792,False,True,3.719,0.07299999999999995
2025-11-05 05:30:00+00:00,3.786,False,True,3.71,0.07600000000000007
2025-11-05 06:00:00+00:00,3.788,False,True,3.7049999999999996,0.08300000000000018
2025-11-05 06:30:00+00:00,0.087,False,False,0.0,0.087
2025-11-05 07:00:00+00:00,3.798,False,True,3.57,0.2280000000000002
2025-11-05 07:30:00+00:00,4.187,False,True,3.6930000000000005,0.4939999999999998
2025-11-05 08:00:00+00:00,0.771,False,False,0.0,0.771
2025-11-05 08:30:00+00:00,0.272,False,False,0.0,0.272
2025-11-05 09:00:00+00:00,0.668,False,False,0.0,0.668
2025-11-05 09:30:00+00:00,0.925,False,False,0.0,0.925
2025-11-05 10:00:00+00:00,0.302,False,False,0.0,0.302
2025-11-05 10:30:00+00:00,0.282,False,False,0.0,0.282
2025-11-05 11:00:00+00:00,0.276,False,False,0.0,0.276
2025-11-05 11:30:00+00:00,0.284,False,False,0.0,0.284
2025-11-05 12:00:00+00:00,0.348,False,False,0.0,0.348
2025-11-05 12:30:00+00:00,0.284,False,False,0.0,0.284
2025-11-05 13:00:00+00:00,0.427,False,False,0.0,0.427
2025-11-05 13:30:00+00:00,0.272,False,False,0.0,0.272
2025-11-05 14:00:00+00:00,0.271,False,False,0.0,0.271
2025-11-05 14:30:00+00:00,0.259,False,False,0.0,0.259
2025-11-05 15:00:00+00:00,0.266,False,False,0.0,0.266
2025-11-05 15:30:00+00:00,0.551,False,False,0.0,0.551
2025-11-05 16:00:00+00:00,0.613,False,False,0.0,0.613
2025-11-05 16:30:00+00:00,0.567,False,False,0.0,0.567
2025-11-05 17:00:00+00:00,0.238,False,False,0.0,0.238
2025-11-05 17:30:00+00:00,0.365,False,False,0.0,0.365
2025-11-05 18:00:00+00:00,0.355,False,False,0.0,0.355
2025-11-05 18:30:00+00:00,0.194,False,False,0.0,0.194
2025-11-05 19:00:00+00:00,0.162,False,False,0.0,0.162
2025-11-05 19:30:00+00:00,0.153,False,False,0.0,0.153
2025-11-05 20:00:00+00:00,0.144,False,False,0.0,0.144
2025-11-05 20:30:00+00:00,0.124,False,False,0.0,0.124
2025-11-05 21:00:00+00:00,0.108,False,False,0.0,0.108
2025-11-05 21:30:00+00:00,0.088,False,False,0.0,0.088
2025-11-05 22:00:00+00:00,0.093,False,False,0.0,0.093
2025-11-05 22:30:00+00:00,0.122,False,False,0.0,0.122
2025-11-05 23:00:00+00:00,0.085,True,False,0.0,0.085
2025-11-05 23:30:00+00:00,0.084,True,False,0.0,0.084
2025-11-06 00:00:00+00:00,0.083,True,False,0.0,0.083
2025-11-06 00:30:00+00:00,0.082,True,False,0.0,0.082
2025-11-06 01:00:00+00:00,0.083,True,False,0.0,0.083
2025-11-06 01:30:00+00:00,0.086,True,False,0.0,0.086
2025-11-06 02:00:00+00:00,0.074,True,False,0.0,0.074
2025-11-06 02:30:00+00:00,0.072,True,False,0.0,0.072
2025-11-06 03:00:00+00:00,0.071,True,False,0.0,0.071
2025-11-06 03:30:00+00:00,0.07,True,False,0.0,0.07
2025-11-06 04:00:00+00:00,0.07,True,False,0.0,0.07
2025-11-06 04:30:00+00:00,0.07,True,False,0.0,0.07
2025-11-06 05:00:00+00:00,0.064,False,False,0.0,0.064
2025-11-06 05:30:00+00:00,0.067,False,False,0.0,0.067
2025-11-06 06:00:00+00:00,0.081,False,False,0.0,0.081
2025-11-06 06:30:00+00:00,0.095,False,False,0.0,0.095
2025-11-06 07:00:00+00:00,0.479,False,False,0.0,0.479
2025-11-06 07:30:00+00:00,0.938,False,False,0.0,0.938
2025-11-06 08:00:00+00:00,0.495,False,False,0.0,0.495
2025-11-06 08:30:00+00:00,0.362,False,False,0.0,0.362
2025-11-06 09:00:00+00:00,0.411,False,False,0.0,0.411
2025-11-06 09:30:00+00:00,0.539,False,False,0.0,0.539
2025-11-06 10:00:00+00:00,0.33,False,False,0.0,0.33
2025-11-06 10:30:00+00:00,0.165,False,False,0.0,0.165
2025-11-06 11:00:00+00:00,0.218,False,False,0.0,0.218
2025-11-06 11:30:00+00:00,1.282,False,False,0.0,1.282
2025-11-06 12:00:00+00:00,0.408,False,False,0.0,0.408
2025-11-06 12:30:00+00:00,0.317,False,False,0.0,0.317
2025-11-06 13:00:00+00:00,0.353,False,False,0.0,0.353
2025-11-06 13:30:00+00:00,0.472,False,False,0.0,0.472
2025-11-06 14:00:00+00:00,0.208,False,False,0.0,0.208
2025-11-06 14:30:00+00:00,0.333,False,False,0.0,0.333
2025-11-06 15:00:00+00:00,0.416,False,False,0.0,0.416
2025-11-06 15:30:00+00:00,0.275,False,False,0.0,0.275
2025-11-06 16:00:00+00:00,0.825,False,False,0.0,0.825
2025-11-06 16:30:00+00:00,0.675,False,False,0.0,0.675
2025-11-06 17:00:00+00:00,0.618,False,False,0.0,0.618
2025-11-06 17:30:00+00:00,0.462,False,False,0.0,0.462
2025-11-06 18:00:00+00:00,0.461,False,False,0.0,0.461
2025-11-06 18:30:00+00:00,0.367,False,False,0.0,0.367
2025-11-06 19:00:00+00:00,0.167,False,False,0.0,0.167
2025-11-06 19:30:00+00:00,0.149,False,False,0.0,0.149
2025-11-06 20:00:00+00:00,0.252,False,False,0.0,0.252
2025-11-06 20:30:00+00:00,0.133,False,False,0.0,0.133
2025-11-06 21:00:00+00:00,0.12,False,False,0.0,0.12
2025-11-06 21:30:00+00:00,0.088,False,False,0.0,0.088
2025-11-06 22:00:00+00:00,0.094,False,False,0.0,0.094
2025-11-06 22:30:00+00:00,0.092,False,False,0.0,0.092
2025-11-06 23:00:00+00:00,0.083,True,False,0.0,0.083
2025-11-06 23:30:00+00:00,0.084,True,False,0.0,0.084
2025-11-07 00:00:00+00:00,0.081,True,False,0.0,0.081
2025-11-07 00:30:00+00:00,0.087,True,False,0.0,0.087
2025-11-07 01:00:00+00:00,0.071,True,False,0.0,0.071
2025-11-07 01:30:00+00:00,0.082,True,False,0.0,0.082
2025-11-07 02:00:00+00:00,0.083,True,False,0.0,0.083
2025-11-07 02:30:00+00:00,0.078,True,False,0.0,0.078
2025-11-07 03:00:00+00:00,0.078,True,False,0.0,0.078
2025-11-07 03:30:00+00:00,0.07,True,False,0.0,0.07
2025-11-07 04:00:00+00:00,0.067,True,False,0.0,0.067
2025-11-07 04:30:00+00:00,0.063,True,False,0.0,0.063
2025-11-07 05:00:00+00:00,0.07,False,False,0.0,0.07
2025-11-07 05:30:00+00:00,0.065,False,False,0.0,0.065
2025-11-07 06:00:00+00:00,0.076,False,False,0.0,0.076
2025-11-07 06:30:00+00:00,0.082,False,False,0.0,0.082
2025-11-07 07:00:00+00:00,0.465,False,False,0.0,0.465
2025-11-07 07:30:00+00:00,1.871,False,False,0.0,1.871
2025-11-07 08:00:00+00:00,0.571,False,False,0.0,0.571
2025-11-07 08:30:00+00:00,0.441,False,False,0.0,0.441
2025-11-07 09:00:00+00:00,0.302,False,False,0.0,0.302
2025-11-07 09:30:00+00:00,0.391,False,False,0.0,0.391
2025-11-07 10:00:00+00:00,0.178,False,False,0.0,0.178
2025-11-07 10:30:00+00:00,0.178,False,False,0.0,0.178
2025-11-07 11:00:00+00:00,0.229,False,False,0.0,0.229
2025-11-07 11:30:00+00:00,0.168,False,False,0.0,0.168
2025-11-07 12:00:00+00:00,0.159,False,False,0.0,0.159
2025-11-07 12:30:00+00:00,0.136,False,False,0.0,0.136
2025-11-07 13:00:00+00:00,0.138,False,False,0.0,0.138
2025-11-07 13:30:00+00:00,0.144,False,False,0.0,0.144
2025-11-07 14:00:00+00:00,0.145,False,False,0.0,0.145
2025-11-07 14:30:00+00:00,0.133,False,False,0.0,0.133
2025-11-07 15:00:00+00:00,0.185,False,False,0.0,0.185
2025-11-07 15:30:00+00:00,0.691,False,False,0.0,0.691
2025-11-07 16:00:00+00:00,0.473,False,False,0.0,0.473
2025-11-07 16:30:00+00:00,0.327,False,False,0.0,0.327
2025-11-07 17:00:00+00:00,0.459,False,False,0.0,0.459
2025-11-07 17:30:00+00:00,0.557,False,False,0.0,0.557
2025-11-07 18:00:00+00:00,0.319,False,False,0.0,0.319
2025-11-07 18:30:00+00:00,0.714,False,False,0.0,0.714
2025-11-07 19:00:00+00:00,0.634,False,False,0.0,0.634
2025-11-07 19:30:00+00:00,0.173,False,False,0.0,0.173
2025-11-07 20:00:00+00:00,0.199,False,False,0.0,0.199
2025-11-07 20:30:00+00:00,0.749,False,False,0.0,0.749
2025-11-07 21:00:00+00:00,0.518,False,False,0.0,0.518
2025-11-07 21:30:00+00:00,0.148,False,False,0.0,0.148
2025-11-07 22:00:00+00:00,0.146,False,False,0.0,0.146
2025-11-07 22:30:00+00:00,0.43,False,False,0.0,0.43
2025-11-07 23:00:00+00:00,0.132,True,False,0.0,0.132
2025-11-07 23:30:00+00:00,0.11,True,False,0.0,0.11
2025-11-08 00:00:00+00:00,0.148,True,False,0.0,0.148
2025-11-08 00:30:00+00:00,0.1,True,False,0.0,0.1
2025-11-08 01:00:00+00:00,0.093,True,False,0.0,0.093
2025-11-08 01:30:00+00:00,0.09,True,False,0.0,0.09
2025-11-08 02:00:00+00:00,0.087,True,False,0.0,0.087
2025-11-08 02:30:00+00:00,0.077,True,False,0.0,0.077
2025-11-08 03:00:00+00:00,0.074,True,False,0.0,0.074
2025-11-08 03:30:00+00:00,0.083,True,False,0.0,0.083
2025-11-08 04:00:00+00:00,0.063,True,False,0.0,0.063
2025-11-08 04:30:00+00:00,0.074,True,False,0.0,0.074
2025-11-08 05:00:00+00:00,0.073,False,False,0.0,0.073
2025-11-08 05:30:00+00:00,0.076,False,False,0.0,0.076
2025-11-08 06:00:00+00:00,0.072,False,False,0.0,0.072
2025-11-08 06:30:00+00:00,0.093,False,False,0.0,0.093
2025-11-08 07:00:00+00:00,0.158,False,False,0.0,0.158
2025-11-08 07:30:00+00:00,0.741,False,False,0.0,0.741
2025-11-08 08:00:00+00:00,0.341,False,False,0.0,0.341
2025-11-08 08:30:00+00:00,0.227,False,False,0.0,0.227
2025-11-08 09:00:00+00:00,0.779,False,False,0.0,0.779
2025-11-08 09:30:00+00:00,0.427,False,False,0.0,0.427
2025-11-08 10:00:00+00:00,0.287,False,False,0.0,0.287
2025-11-08 10:30:00+00:00,0.248,False,False,0.0,0.248
2025-11-08 11:00:00+00:00,0.148,False,False,0.0,0.148
2025-11-08 11:30:00+00:00,0.372,False,False,0.0,0.372
2025-11-08 12:00:00+00:00,0.239,False,False,0.0,0.239
2025-11-08 12:30:00+00:00,0.259,False,False,0.0,0.259
2025-11-08 13:00:00+00:00,0.317,False,False,0.0,0.317
2025-11-08 13:30:00+00:00,0.309,False,False,0.0,0.309
2025-11-08 14:00:00+00:00,0.311,False,False,0.0,0.311
2025-11-08 14:30:00+00:00,0.22,False,False,0.0,0.22
2025-11-08 15:00:00+00:00,0.13,False,False,0.0,0.13
2025-11-08 15:30:00+00:00,0.096,False,False,0.0,0.096
2025-11-08 16:00:00+00:00,0.105,False,False,0.0,0.105
2025-11-08 16:30:00+00:00,0.127,False,False,0.0,0.127
2025-11-08 17:00:00+00:00,0.126,False,False,0.0,0.126
2025-11-08 17:30:00+00:00,0.124,False,False,0.0,0.124
2025-11-08 18:00:00+00:00,0.125,False,False,0.0,0.125
2025-11-08 18:30:00+00:00,0.544,False,False,0.0,0.544
2025-11-08 19:00:00+00:00,0.306,False,False,0.0,0.306
2025-11-08 19:30:00+00:00,0.132,False,False,0.0,0.132
2025-11-08 20:00:00+00:00,0.216,False,False,0.0,0.216
2025-11-08 20:30:00+00:00,0.227,False,False,0.0,0.227
2025-11-08 21:00:00+00:00,0.369,False,False,0.0,0.369
2025-11-08 21:30:00+00:00,0.31,False,False,0.0,0.31
2025-11-08 22:00:00+00:00,0.301,False,False,0.0,0.301
2025-11-08 22:30:00+00:00,0.301,False,False,0.0,0.301
2025-11-08 23:00:00+00:00,0.302,True,False,0.0,0.302
2025-11-08 23:30:00+00:00,0.306,True,False,0.0,0.306
2025-11-09 00:00:00+00:00,0.282,True,False,0.0,0.282
2025-11-09 00:30:00+00:00,0.095,True,False,0.0,0.095
2025-11-09 01:00:00+00:00,0.074,True,False,0.0,0.074
2025-11-09 01:30:00+00:00,3.723,True,True,3.637,0.08599999999999985
2025-11-09 02:00:00+00:00,3.805,True,True,3.72,0.08499999999999996
2025-11-09 02:30:00+00:00,3.818,True,True,3.74,0.07799999999999985
2025-11-09 03:00:00+00:00,3.795,True,True,3.721,0.07399999999999984
2025-11-09 03:30:00+00:00,3.81,True,True,3.735,0.07500000000000018
2025-11-09 04:00:00+00:00,3.825,True,True,3.7510000000000003,0.07399999999999984
2025-11-09 04:30:00+00:00,3.805,True,True,3.732,0.07299999999999995
2025-11-09 05:00:00+00:00,3.802,False,True,3.729,0.07299999999999995
2025-11-09 05:30:00+00:00,3.828,False,True,3.752,0.07600000000000007
2025-11-09 06:00:00+00:00,3.809,False,True,3.726,0.08300000000000018
2025-11-09 06:30:00+00:00,3.814,False,True,3.711,0.1030000000000002
2025-11-09 07:00:00+00:00,0.978,False,False,0.0,0.978
2025-11-09 07:30:00+00:00,0.511,False,False,0.0,0.511
2025-11-09 08:00:00+00:00,0.306,False,False,0.0,0.306
2025-11-09 08:30:00+00:00,0.644,False,False,0.0,0.644
2025-11-09 09:00:00+00:00,0.828,False,False,0.0,0.828
2025-11-09 09:30:00+00:00,1.203,False,False,0.0,1.203
2025-11-09 10:00:00+00:00,0.232,False,False,0.0,0.232
2025-11-09 10:30:00+00:00,0.085,False,False,0.0,0.085
2025-11-09 11:00:00+00:00,0.734,False,False,0.0,0.734
2025-11-09 11:30:00+00:00,0.707,False,False,0.0,0.707
2025-11-09 12:00:00+00:00,0.651,False,False,0.0,0.651
2025-11-09 12:30:00+00:00,1.354,False,False,0.0,1.354
2025-11-09 13:00:00+00:00,0.63,False,False,0.0,0.63
2025-11-09 13:30:00+00:00,0.71,False,False,0.0,0.71
2025-11-09 14:00:00+00:00,0.698,False,False,0.0,0.698
2025-11-09 14:30:00+00:00,0.363,False,False,0.0,0.363
2025-11-09 15:00:00+00:00,0.557,False,False,0.0,0.557
2025-11-09 15:30:00+00:00,0.294,False,False,0.0,0.294
2025-11-09 16:00:00+00:00,0.405,False,False,0.0,0.405
2025-11-09 16:30:00+00:00,0.239,False,False,0.0,0.239
2025-11-09 17:00:00+00:00,0.239,False,False,0.0,0.239
2025-11-09 17:30:00+00:00,0.243,False,False,0.0,0.243
2025-11-09 18:00:00+00:00,0.285,False,False,0.0,0.285
2025-11-09 18:30:00+00:00,0.247,False,False,0.0,0.247
2025-11-09 19:00:00+00:00,0.185,False,False,0.0,0.185
2025-11-09 19:30:00+00:00,0.16,False,False,0.0,0.16
2025-11-09 20:00:00+00:00,0.239,False,False,0.0,0.239
2025-11-09 20:30:00+00:00,0.296,False,False,0.0,0.296
2025-11-09 21:00:00+00:00,0.293,False,False,0.0,0.293
2025-11-09 21:30:00+00:00,0.276,False,False,0.0,0.276
2025-11-09 22:00:00+00:00,0.279,False,False,0.0,0.279
2025-11-09 22:30:00+00:00,0.283,False,False,0.0,0.283
2025-11-09 23:00:00+00:00,0.277,True,False,0.0,0.277
2025-11-09 23:30:00+00:00,0.234,True,False,0.0,0.234
2025-11-10 00:00:00+00:00,0.089,True,False,0.0,0.089
2025-11-10 00:30:00+00:00,0.071,True,False,0.0,0.071
2025-11-10 01:00:00+00:00,0.077,True,False,0.0,0.077
2025-11-10 01:30:00+00:00,0.08,True,False,0.0,0.08
2025-11-10 02:00:00+00:00,0.076,True,False,0.0,0.076
2025-11-10 02:30:00+00:00,0.062,True,False,0.0,0.062
2025-11-10 03:00:00+00:00,0.094,True,False,0.0,0.094
2025-11-10 03:30:00+00:00,0.095,True,False,0.0,0.095
2025-11-10 04:00:00+00:00,0.072,True,False,0.0,0.072
2025-11-10 04:30:00+00:00,0.07,True,False,0.0,0.07
2025-11-10 05:00:00+00:00,0.069,False,False,0.0,0.069
2025-11-10 05:30:00+00:00,0.072,False,False,0.0,0.072
2025-11-10 06:00:00+00:00,0.081,False,False,0.0,0.081
2025-11-10 06:30:00+00:00,0.097,False,False,0.0,0.097
2025-11-10 07:00:00+00:00,0.162,False,False,0.0,0.162
2025-11-10 07:30:00+00:00,0.468,False,False,0.0,0.468
2025-11-10 08:00:00+00:00,0.869,False,False,0.0,0.869
2025-11-10 08:30:00+00:00,0.48,False,False,0.0,0.48
2025-11-10 09:00:00+00:00,0.526,False,False,0.0,0.526
2025-11-10 09:30:00+00:00,0.442,False,False,0.0,0.442
2025-11-10 10:00:00+00:00,0.56,False,False,0.0,0.56
2025-11-10 10:30:00+00:00,0.377,False,False,0.0,0.377
2025-11-10 11:00:00+00:00,0.347,False,False,0.0,0.347
2025-11-10 11:30:00+00:00,0.363,False,False,0.0,0.363
2025-11-10 12:00:00+00:00,0.351,False,False,0.0,0.351
2025-11-10 12:30:00+00:00,0.915,False,False,0.0,0.915
2025-11-10 13:00:00+00:00,0.663,False,False,0.0,0.663
2025-11-10 13:30:00+00:00,0.593,False,False,0.0,0.593
2025-11-10 14:00:00+00:00,0.656,False,False,0.0,0.656
2025-11-10 14:30:00+00:00,0.376,False,False,0.0,0.376
2025-11-10 15:00:00+00:00,0.255,False,False,0.0,0.255
2025-11-10 15:30:00+00:00,0.741,False,False,0.0,0.741
2025-11-10 16:00:00+00:00,0.215,False,False,0.0,0.215
2025-11-10 16:30:00+00:00,0.199,False,False,0.0,0.199
2025-11-10 17:00:00+00:00,0.223,False,False,0.0,0.223
2025-11-10 17:30:00+00:00,0.179,False,False,0.0,0.179
2025-11-10 18:00:00+00:00,0.23,False,False,0.0,0.23
2025-11-10 18:30:00+00:00,0.311,False,False,0.0,0.311
2025-11-10 19:00:00+00:00,1.106,False,False,0.0,1.106
2025-11-10 19:30:00+00:00,0.164,False,False,0.0,0.164
2025-11-10 20:00:00+00:00,0.273,False,False,0.0,0.273
2025-11-10 20:30:00+00:00,0.109,False,False,0.0,0.109
2025-11-10 21:00:00+00:00,0.149,False,False,0.0,0.149
2025-11-10 21:30:00+00:00,0.118,False,False,0.0,0.118
2025-11-10 22:00:00+00:00,0.091,False,False,0.0,0.091
2025-11-10 22:30:00+00:00,0.092,False,False,0.0,0.092
2025-11-10 23:00:00+00:00,0.092,True,False,0.0,0.092
2025-11-10 23:30:00+00:00,0.089,True,False,0.0,0.089
2025-11-11 00:00:00+00:00,0.086,True,False,0.0,0.086
2025-11-11 00:30:00+00:00,0.093,True,False,0.0,0.093
2025-11-11 01:00:00+00:00,0.077,True,False,0.0,0.077
2025-11-11 01:30:00+00:00,0.086,True,False,0.0,0.086
2025-11-11 02:00:00+00:00,0.089,True,False,0.0,0.089
2025-11-11 02:30:00+00:00,0.079,True,False,0.0,0.079
2025-11-11 03:00:00+00:00,0.076,True,False,0.0,0.076
2025-11-11 03:30:00+00:00,0.075,True,False,0.0,0.075
2025-11-11 04:00:00+00:00,0.063,True,False,0.0,0.063
2025-11-11 04:30:00+00:00,0.075,True,False,0.0,0.075
2025-11-11 05:00:00+00:00,0.075,False,False,0.0,0.075
2025-11-11 05:30:00+00:00,0.073,False,False,0.0,0.073
2025-11-11 06:00:00+00:00,0.079,False,False,0.0,0.079
2025-11-11 06:30:00+00:00,0.108,False,False,0.0,0.108
2025-11-11 07:00:00+00:00,0.16,False,False,0.0,0.16
2025-11-11 07:30:00+00:00,0.465,False,False,0.0,0.465
2025-11-11 08:00:00+00:00,0.434,False,False,0.0,0.434
2025-11-11 08:30:00+00:00,0.276,False,False,0.0,0.276
2025-11-11 09:00:00+00:00,0.536,False,False,0.0,0.536
2025-11-11 09:30:00+00:00,1.614,False,False,0.0,1.614
2025-11-11 10:00:00+00:00,0.772,False,False,0.0,0.772
2025-11-11 10:30:00+00:00,0.394,False,False,0.0,0.394
2025-11-11 11:00:00+00:00,0.268,False,False,0.0,0.268
2025-11-11 11:30:00+00:00,0.313,False,False,0.0,0.313
2025-11-11 12:00:00+00:00,0.293,False,False,0.0,0.293
2025-11-11 12:30:00+00:00,0.318,False,False,0.0,0.318
2025-11-11 13:00:00+00:00,0.242,False,False,0.0,0.242
2025-11-11 13:30:00+00:00,0.254,False,False,0.0,0.254
2025-11-11 14:00:00+00:00,0.327,False,False,0.0,0.327
2025-11-11 14:30:00+00:00,0.268,False,False,0.0,0.268
2025-11-11 15:00:00+00:00,0.217,False,False,0.0,0.217
2025-11-11 15:30:00+00:00,0.362,False,False,0.0,0.362
2025-11-11 16:00:00+00:00,0.326,False,False,0.0,0.326
2025-11-11 16:30:00+00:00,0.372,False,False,0.0,0.372
2025-11-11 17:00:00+00:00,0.242,False,False,0.0,0.242
2025-11-11 17:30:00+00:00,0.53,False,False,0.0,0.53
2025-11-11 18:00:00+00:00,0.43,False,False,0.0,0.43
2025-11-11 18:30:00+00:00,0.202,False,False,0.0,0.202
2025-11-11 19:00:00+00:00,0.22,False,False,0.0,0.22
2025-11-11 19:30:00+00:00,0.547,False,False,0.0,0.547
2025-11-11 20:00:00+00:00,0.214,False,False,0.0,0.214
2025-11-11 20:30:00+00:00,0.141,False,False,0.0,0.141
2025-11-11 21:00:00+00:00,0.137,False,False,0.0,0.137
2025-11-11 21:30:00+00:00,0.139,False,False,0.0,0.139
2025-11-11 22:00:00+00:00,0.132,False,False,0.0,0.132
2025-11-11 22:30:00+00:00,0.121,False,False,0.0,0.121
2025-11-11 23:00:00+00:00,0.114,True,False,0.0,0.114
2025-11-11 23:30:00+00:00,0.11,True,False,0.0,0.11
2025-11-12 00:00:00+00:00,0.087,True,False,0.0,0.087
2025-11-12 00:30:00+00:00,0.082,True,False,0.0,0.082
2025-11-12 01:00:00+00:00,0.081,True,False,0.0,0.081
2025-11-12 01:30:00+00:00,0.082,True,False,0.0,0.082
2025-11-12 02:00:00+00:00,0.081,True,False,0.0,0.081
2025-11-12 02:30:00+00:00,0.072,True,False,0.0,0.072
2025-11-12 03:00:00+00:00,0.06,True,False,0.0,0.06
2025-11-12 03:30:00+00:00,0.071,True,False,0.0,0.071
2025-11-12 04:00:00+00:00,0.07,True,False,0.0,0.07
2025-11-12 04:30:00+00:00,0.061,True,False,0.0,0.061
2025-11-12 05:00:00+00:00,0.066,False,False,0.0,0.066
2025-11-12 05:30:00+00:00,0.075,False,False,0.0,0.075
2025-11-12 06:00:00+00:00,0.08,False,False,0.0,0.08
2025-11-12 06:30:00+00:00,0.083,False,False,0.0,0.083
2025-11-12 07:00:00+00:00,0.497,False,False,0.0,0.497
2025-11-12 07:30:00+00:00,0.321,False,False,0.0,0.321
2025-11-12 08:00:00+00:00,0.353,False,False,0.0,0.353
2025-11-12 08:30:00+00:00,0.195,False,False,0.0,0.195
2025-11-12 09:00:00+00:00,0.158,False,False,0.0,0.158
2025-11-12 09:30:00+00:00,0.144,False,False,0.0,0.144
2025-11-12 10:00:00+00:00,0.175,False,False,0.0,0.175
2025-11-12 10:30:00+00:00,0.301,False,False,0.0,0.301
2025-11-12 11:00:00+00:00,0.192,False,False,0.0,0.192
2025-11-12 11:30:00+00:00,0.191,False,False,0.0,0.191
2025-11-12 12:00:00+00:00,0.126,False,False,0.0,0.126
2025-11-12 12:30:00+00:00,0.116,False,False,0.0,0.116
2025-11-12 13:00:00+00:00,0.144,False,False,0.0,0.144
2025-11-12 13:30:00+00:00,0.145,False,False,0.0,0.145
2025-11-12 14:00:00+00:00,0.135,False,False,0.0,0.135
2025-11-12 14:30:00+00:00,0.212,False,False,0.0,0.212
2025-11-12 15:00:00+00:00,0.143,False,False,0.0,0.143
2025-11-12 15:30:00+00:00,0.162,False,False,0.0,0.162
2025-11-12 16:00:00+00:00,0.216,False,False,0.0,0.216
2025-11-12 16:30:00+00:00,0.245,False,False,0.0,0.245
2025-11-12 17:00:00+00:00,0.241,False,False,0.0,0.241
2025-11-12 17:30:00+00:00,0.761,False,False,0.0,0.761
2025-11-12 18:00:00+00:00,0.194,False,False,0.0,0.194
2025-11-12 18:30:00+00:00,0.189,False,False,0.0,0.189
2025-11-12 19:00:00+00:00,0.173,False,False,0.0,0.173
2025-11-12 19:30:00+00:00,0.159,False,False,0.0,0.159
2025-11-12 20:00:00+00:00,0.571,False,False,0.0,0.571
2025-11-12 20:30:00+00:00,0.162,False,False,0.0,0.162
2025-11-12 21:00:00+00:00,0.153,False,False,0.0,0.153
2025-11-12 21:30:00+00:00,0.137,False,False,0.0,0.137
2025-11-12 22:00:00+00:00,0.431,False,False,0.0,0.431
2025-11-12 22:30:00+00:00,0.124,False,False,0.0,0.124
2025-11-12 23:00:00+00:00,0.133,True,False,0.0,0.133
2025-11-12 23:30:00+00:00,0.104,True,False,0.0,0.104
2025-11-13 00:00:00+00:00,0.09,True,False,0.0,0.09
2025-11-13 00:30:00+00:00,0.089,True,False,0.0,0.089
2025-11-13 01:00:00+00:00,0.09,True,False,0.0,0.09
2025-11-13 01:30:00+00:00,0.093,True,False,0.0,0.093
2025-11-13 02:00:00+00:00,0.09,True,False,0.0,0.09
2025-11-13 02:30:00+00:00,0.08,True,False,0.0,0.08
2025-11-13 03:00:00+00:00,0.069,True,False,0.0,0.069
2025-11-13 03:30:00+00:00,0.078,True,False,0.0,0.078
2025-11-13 04:00:00+00:00,0.078,True,False,0.0,0.078
2025-11-13 04:30:00+00:00,0.065,True,False,0.0,0.065
2025-11-13 05:00:00+00:00,0.078,False,False,0.0,0.078
2025-11-13 05:30:00+00:00,0.081,False,False,0.0,0.081
2025-11-13 06:00:00+00:00,0.082,False,False,0.0,0.082
2025-11-13 06:30:00+00:00,0.089,False,False,0.0,0.089
2025-11-13 07:00:00+00:00,0.129,False,False,0.0,0.129
2025-11-13 07:30:00+00:00,0.544,False,False,0.0,0.544
2025-11-13 08:00:00+00:00,0.405,False,False,0.0,0.405
2025-11-13 08:30:00+00:00,0.249,False,False,0.0,0.249
2025-11-13 09:00:00+00:00,0.303,False,False,0.0,0.303
2025-11-13 09:30:00+00:00,0.318,False,False,0.0,0.318
2025-11-13 10:00:00+00:00,0.139,False,False,0.0,0.139
2025-11-13 10:30:00+00:00,0.157,False,False,0.0,0.157
2025-11-13 11:00:00+00:00,0.311,False,False,0.0,0.311
2025-11-13 11:30:00+00:00,0.974,False,False,0.0,0.974
2025-11-13 12:00:00+00:00,0.306,False,False,0.0,0.306
2025-11-13 12:30:00+00:00,0.27,False,False,0.0,0.27
2025-11-13 13:00:00+00:00,0.246,False,False,0.0,0.246
2025-11-13 13:30:00+00:00,0.219,False,False,0.0,0.219
2025-11-13 14:00:00+00:00,0.243,False,False,0.0,0.243
2025-11-13 14:30:00+00:00,0.219,False,False,0.0,0.219
2025-11-13 15:00:00+00:00,1.043,False,False,0.0,1.043
2025-11-13 15:30:00+00:00,0.984,False,False,0.0,0.984
2025-11-13 16:00:00+00:00,1.822,False,False,0.0,1.822
2025-11-13 16:30:00+00:00,1.558,False,False,0.0,1.558
2025-11-13 17:00:00+00:00,0.297,False,False,0.0,0.297
2025-11-13 17:30:00+00:00,0.828,False,False,0.0,0.828
2025-11-13 18:00:00+00:00,0.547,False,False,0.0,0.547
2025-11-13 18:30:00+00:00,0.242,False,False,0.0,0.242
2025-11-13 19:00:00+00:00,0.866,False,False,0.0,0.866
2025-11-13 19:30:00+00:00,0.215,False,False,0.0,0.215
2025-11-13 20:00:00+00:00,0.213,False,False,0.0,0.213
2025-11-13 20:30:00+00:00,0.209,False,False,0.0,0.209
2025-11-13 21:00:00+00:00,0.21,False,False,0.0,0.21
2025-11-13 21:30:00+00:00,0.269,False,False,0.0,0.269
2025-11-13 22:00:00+00:00,0.31,False,False,0.0,0.31
2025-11-13 22:30:00+00:00,0.307,False,False,0.0,0.307
2025-11-13 23:00:00+00:00,0.312,True,False,0.0,0.312
2025-11-13 23:30:00+00:00,0.268,True,False,0.0,0.268
2025-11-14 00:00:00+00:00,0.122,True,False,0.0,0.122
2025-11-14 00:30:00+00:00,0.084,True,False,0.0,0.084
2025-11-14 01:00:00+00:00,0.083,True,False,0.0,0.083
2025-11-14 01:30:00+00:00,0.082,True,False,0.0,0.082
2025-11-14 02:00:00+00:00,0.083,True,False,0.0,0.083
2025-11-14 02:30:00+00:00,0.076,True,False,0.0,0.076
2025-11-14 03:00:00+00:00,0.057,True,False,0.0,0.057
2025-11-14 03:30:00+00:00,0.072,True,False,0.0,0.072
2025-11-14 04:00:00+00:00,0.072,True,False,0.0,0.072
2025-11-14 04:30:00+00:00,0.07,True,False,0.0,0.07
2025-11-14 05:00:00+00:00,0.071,False,False,0.0,0.071
2025-11-14 05:30:00+00:00,0.074,False,False,0.0,0.074
2025-11-14 06:00:00+00:00,0.07,False,False,0.0,0.07
2025-11-14 06:30:00+00:00,0.086,False,False,0.0,0.086
2025-11-14 07:00:00+00:00,0.423,False,False,0.0,0.423
2025-11-14 07:30:00+00:00,0.696,False,False,0.0,0.696
2025-11-14 08:00:00+00:00,0.365,False,False,0.0,0.365
2025-11-14 08:30:00+00:00,0.184,False,False,0.0,0.184
2025-11-14 09:00:00+00:00,0.151,False,False,0.0,0.151
2025-11-14 09:30:00+00:00,0.145,False,False,0.0,0.145
2025-11-14 10:00:00+00:00,0.144,False,False,0.0,0.144
2025-11-14 10:30:00+00:00,0.167,False,False,0.0,0.167
2025-11-14 11:00:00+00:00,0.315,False,False,0.0,0.315
2025-11-14 11:30:00+00:00,0.272,False,False,0.0,0.272
2025-11-14 12:00:00+00:00,0.27,False,False,0.0,0.27
2025-11-14 12:30:00+00:00,0.25,False,False,0.0,0.25
2025-11-14 13:00:00+00:00,0.296,False,False,0.0,0.296
2025-11-14 13:30:00+00:00,0.287,False,False,0.0,0.287
2025-11-14 14:00:00+00:00,0.251,False,False,0.0,0.251
2025-11-14 14:30:00+00:00,0.133,False,False,0.0,0.133
2025-11-14 15:00:00+00:00,0.187,False,False,0.0,0.187
2025-11-14 15:30:00+00:00,0.212,False,False,0.0,0.212
2025-11-14 16:00:00+00:00,0.645,False,False,0.0,0.645
2025-11-14 16:30:00+00:00,0.288,False,False,0.0,0.288
2025-11-14 17:00:00+00:00,0.311,False,False,0.0,0.311
2025-11-14 17:30:00+00:00,0.55,False,False,0.0,0.55
2025-11-14 18:00:00+00:00,0.378,False,False,0.0,0.378
2025-11-14 18:30:00+00:00,0.248,False,False,0.0,0.248
2025-11-14 19:00:00+00:00,0.228,False,False,0.0,0.228
2025-11-14 19:30:00+00:00,0.242,False,False,0.0,0.242
2025-11-14 20:00:00+00:00,0.304,False,False,0.0,0.304
2025-11-14 20:30:00+00:00,0.352,False,False,0.0,0.352
2025-11-14 21:00:00+00:00,0.364,False,False,0.0,0.364
2025-11-14 21:30:00+00:00,0.319,False,False,0.0,0.319
2025-11-14 22:00:00+00:00,0.314,False,False,0.0,0.314
2025-11-14 22:30:00+00:00,0.313,False,False,0.0,0.313
2025-11-14 23:00:00+00:00,1.563,True,True,1.4445,0.11850000000000005
2025-11-14 23:30:00+00:00,1.853,True,True,1.7489999999999999,0.10400000000000009
2025-11-15 00:00:00+00:00,3.895,True,True,3.8,0.0950000000000002
2025-11-15 00:30:00+00:00,2.247,True,True,2.157,0.08999999999999986
2025-11-15 01:00:00+00:00,1.668,True,True,1.5799999999999998,0.08800000000000008
2025-11-15 01:30:00+00:00,3.77,True,True,3.684,0.08599999999999985
2025-11-15 02:00:00+00:00,2.976,True,True,2.891,0.08499999999999996
2025-11-15 02:30:00+00:00,3.771,True,True,3.693,0.07799999999999985
2025-11-15 03:00:00+00:00,3.785,True,True,3.7110000000000003,0.07399999999999984
2025-11-15 03:30:00+00:00,3.795,True,True,3.7199999999999998,0.07500000000000018
2025-11-15 04:00:00+00:00,3.781,True,True,3.7070000000000003,0.07399999999999984
2025-11-15 04:30:00+00:00,3.805,True,True,3.732,0.07299999999999995
2025-11-15 05:00:00+00:00,3.791,False,True,3.718,0.07299999999999995
2025-11-15 05:30:00+00:00,3.791,False,True,3.715,0.07600000000000007
2025-11-15 06:00:00+00:00,3.818,False,True,3.735,0.08300000000000018
2025-11-15 06:30:00+00:00,3.808,False,True,3.7049999999999996,0.1030000000000002
2025-11-15 07:00:00+00:00,0.11,False,False,0.0,0.11
2025-11-15 07:30:00+00:00,3.327,False,False,0.0,3.327
2025-11-15 08:00:00+00:00,1.328,False,False,0.0,1.328
2025-11-15 08:30:00+00:00,1.469,False,False,0.0,1.469
2025-11-15 09:00:00+00:00,1.208,False,False,0.0,1.208
2025-11-15 09:30:00+00:00,0.734,False,False,0.0,0.734
2025-11-15 10:00:00+00:00,0.612,False,False,0.0,0.612
2025-11-15 10:30:00+00:00,0.277,False,False,0.0,0.277
2025-11-15 11:00:00+00:00,0.501,False,False,0.0,0.501
2025-11-15 11:30:00+00:00,0.926,False,False,0.0,0.926
2025-11-15 12:00:00+00:00,0.237,False,False,0.0,0.237
2025-11-15 12:30:00+00:00,0.211,False,False,0.0,0.211
2025-11-15 13:00:00+00:00,0.379,False,False,0.0,0.379
2025-11-15 13:30:00+00:00,0.326,False,False,0.0,0.326
2025-11-15 14:00:00+00:00,0.242,False,False,0.0,0.242
2025-11-15 14:30:00+00:00,0.331,False,False,0.0,0.331
2025-11-15 15:00:00+00:00,0.17,False,False,0.0,0.17
2025-11-15 15:30:00+00:00,0.123,False,False,0.0,0.123
2025-11-15 16:00:00+00:00,0.16,False,False,0.0,0.16
2025-11-15 16:30:00+00:00,0.144,False,False,0.0,0.144
2025-11-15 17:00:00+00:00,0.141,False,False,0.0,0.141
2025-11-15 17:30:00+00:00,0.154,False,False,0.0,0.154
2025-11-15 18:00:00+00:00,0.204,False,False,0.0,0.204
2025-11-15 18:30:00+00:00,0.188,False,False,0.0,0.188
2025-11-15 19:00:00+00:00,0.255,False,False,0.0,0.255
2025-11-15 19:30:00+00:00,0.21,False,False,0.0,0.21
2025-11-15 20:00:00+00:00,0.127,False,False,0.0,0.127
2025-11-15 20:30:00+00:00,0.145,False,False,0.0,0.145
2025-11-15 21:00:00+00:00,0.165,False,False,0.0,0.165
2025-11-15 21:30:00+00:00,0.117,False,False,0.0,0.117
2025-11-15 22:00:00+00:00,0.144,False,False,0.0,0.144
2025-11-15 22:30:00+00:00,0.108,False,False,0.0,0.108
2025-11-15 23:00:00+00:00,0.119,True,False,0.0,0.119
2025-11-15 23:30:00+00:00,0.118,True,False,0.0,0.118
2025-11-16 00:00:00+00:00,0.13,True,False,0.0,0.13
2025-11-16 00:30:00+00:00,0.117,True,False,0.0,0.117
2025-11-16 01:00:00+00:00,0.072,True,False,0.0,0.072
2025-11-16 01:30:00+00:00,0.069,True,False,0.0,0.069
2025-11-16 02:00:00+00:00,0.075,True,False,0.0,0.075
2025-11-16 02:30:00+00:00,0.075,True,False,0.0,0.075
2025-11-16 03:00:00+00:00,0.072,True,False,0.0,0.072
2025-11-16 03:30:00+00:00,0.075,True,False,0.0,0.075
2025-11-16 04:00:00+00:00,0.06,True,False,0.0,0.06
2025-11-16 04:30:00+00:00,0.071,True,False,0.0,0.071
2025-11-16 05:00:00+00:00,0.071,False,False,0.0,0.071
2025-11-16 05:30:00+00:00,0.073,False,False,0.0,0.073
2025-11-16 06:00:00+00:00,0.081,False,False,0.0,0.081
2025-11-16 06:30:00+00:00,0.091,False,False,0.0,0.091
2025-11-16 07:00:00+00:00,0.185,False,False,0.0,0.185
2025-11-16 07:30:00+00:00,0.436,False,False,0.0,0.436
2025-11-16 08:00:00+00:00,0.819,False,False,0.0,0.819
2025-11-16 08:30:00+00:00,0.883,False,False,0.0,0.883
2025-11-16 09:00:00+00:00,0.248,False,False,0.0,0.248
2025-11-16 09:30:00+00:00,0.339,False,False,0.0,0.339
2025-11-16 10:00:00+00:00,0.193,False,False,0.0,0.193
2025-11-16 10:30:00+00:00,0.466,False,False,0.0,0.466
2025-11-16 11:00:00+00:00,0.312,False,False,0.0,0.312
2025-11-16 11:30:00+00:00,0.617,False,False,0.0,0.617
2025-11-16 12:00:00+00:00,0.371,False,False,0.0,0.371
2025-11-16 12:30:00+00:00,0.295,False,False,0.0,0.295
2025-11-16 13:00:00+00:00,0.327,False,False,0.0,0.327
2025-11-16 13:30:00+00:00,0.262,False,False,0.0,0.262
2025-11-16 14:00:00+00:00,0.331,False,False,0.0,0.331
2025-11-16 14:30:00+00:00,0.325,False,False,0.0,0.325
2025-11-16 15:00:00+00:00,0.758,False,False,0.0,0.758
2025-11-16 15:30:00+00:00,0.819,False,False,0.0,0.819
2025-11-16 16:00:00+00:00,0.724,False,False,0.0,0.724
2025-11-16 16:30:00+00:00,0.875,False,False,0.0,0.875
2025-11-16 17:00:00+00:00,0.261,False,False,0.0,0.261
2025-11-16 17:30:00+00:00,0.261,False,False,0.0,0.261
2025-11-16 18:00:00+00:00,0.619,False,False,0.0,0.619
2025-11-16 18:30:00+00:00,0.352,False,False,0.0,0.352
2025-11-16 19:00:00+00:00,0.318,False,False,0.0,0.318
2025-11-16 19:30:00+00:00,0.3,False,False,0.0,0.3
2025-11-16 20:00:00+00:00,0.269,False,False,0.0,0.269
2025-11-16 20:30:00+00:00,0.285,False,False,0.0,0.285
2025-11-16 21:00:00+00:00,0.334,False,False,0.0,0.334
2025-11-16 21:30:00+00:00,0.33,False,False,0.0,0.33
2025-11-16 22:00:00+00:00,0.297,False,False,0.0,0.297
2025-11-16 22:30:00+00:00,0.172,False,False,0.0,0.172
2025-11-16 23:00:00+00:00,0.093,True,False,0.0,0.093
2025-11-16 23:30:00+00:00,0.089,True,False,0.0,0.089
2025-11-17 00:00:00+00:00,0.085,True,False,0.0,0.085
2025-11-17 00:30:00+00:00,0.087,True,False,0.0,0.087
2025-11-17 01:00:00+00:00,0.07,True,False,0.0,0.07
2025-11-17 01:30:00+00:00,0.081,True,False,0.0,0.081
2025-11-17 02:00:00+00:00,0.079,True,False,0.0,0.079
2025-11-17 02:30:00+00:00,0.071,True,False,0.0,0.071
2025-11-17 03:00:00+00:00,0.067,True,False,0.0,0.067
2025-11-17 03:30:00+00:00,0.069,True,False,0.0,0.069
2025-11-17 04:00:00+00:00,0.055,True,False,0.0,0.055
2025-11-17 04:30:00+00:00,0.068,True,False,0.0,0.068
2025-11-17 05:00:00+00:00,0.066,False,False,0.0,0.066
2025-11-17 05:30:00+00:00,0.058,False,False,0.0,0.058
2025-11-17 06:00:00+00:00,0.078,False,False,0.0,0.078
2025-11-17 06:30:00+00:00,0.106,False,False,0.0,0.106
2025-11-17 07:00:00+00:00,0.2,False,False,0.0,0.2
2025-11-17 07:30:00+00:00,1.033,False,False,0.0,1.033
2025-11-17 08:00:00+00:00,0.383,False,False,0.0,0.383
2025-11-17 08:30:00+00:00,0.363,False,False,0.0,0.363
2025-11-17 09:00:00+00:00,0.36,False,False,0.0,0.36
2025-11-17 09:30:00+00:00,0.692,False,False,0.0,0.692
2025-11-17 10:00:00+00:00,0.203,False,False,0.0,0.203
2025-11-17 10:30:00+00:00,0.178,False,False,0.0,0.178
2025-11-17 11:00:00+00:00,0.167,False,False,0.0,0.167
2025-11-17 11:30:00+00:00,0.181,False,False,0.0,0.181
2025-11-17 12:00:00+00:00,0.188,False,False,0.0,0.188
2025-11-17 12:30:00+00:00,0.244,False,False,0.0,0.244
2025-11-17 13:00:00+00:00,0.201,False,False,0.0,0.201
2025-11-17 13:30:00+00:00,0.222,False,False,0.0,0.222
2025-11-17 14:00:00+00:00,0.187,False,False,0.0,0.187
2025-11-17 14:30:00+00:00,0.161,False,False,0.0,0.161
2025-11-17 15:00:00+00:00,0.2,False,False,0.0,0.2
2025-11-17 15:30:00+00:00,0.192,False,False,0.0,0.192
2025-11-17 16:00:00+00:00,0.82,False,False,0.0,0.82
2025-11-17 16:30:00+00:00,0.627,False,False,0.0,0.627
2025-11-17 17:00:00+00:00,0.23,False,False,0.0,0.23
2025-11-17 17:30:00+00:00,0.541,False,False,0.0,0.541
2025-11-17 18:00:00+00:00,0.405,False,False,0.0,0.405
2025-11-17 18:30:00+00:00,0.265,False,False,0.0,0.265
2025-11-17 19:00:00+00:00,0.236,False,False,0.0,0.236
2025-11-17 19:30:00+00:00,0.225,False,False,0.0,0.225
2025-11-17 20:00:00+00:00,0.226,False,False,0.0,0.226
2025-11-17 20:30:00+00:00,0.254,False,False,0.0,0.254
2025-11-17 21:00:00+00:00,0.162,False,False,0.0,0.162
2025-11-17 21:30:00+00:00,0.112,False,False,0.0,0.112
2025-11-17 22:00:00+00:00,0.098,False,False,0.0,0.098
2025-11-17 22:30:00+00:00,0.091,False,False,0.0,0.091
2025-11-17 23:00:00+00:00,0.084,True,False,0.0,0.084
2025-11-17 23:30:00+00:00,0.078,True,False,0.0,0.078
2025-11-18 00:00:00+00:00,0.071,True,False,0.0,0.071
2025-11-18 00:30:00+00:00,0.08,True,False,0.0,0.08
2025-11-18 01:00:00+00:00,0.077,True,False,0.0,0.077
2025-11-18 01:30:00+00:00,0.067,True,False,0.0,0.067
2025-11-18 02:00:00+00:00,0.076,True,False,0.0,0.076
2025-11-18 02:30:00+00:00,0.07,True,False,0.0,0.07
2025-11-18 03:00:00+00:00,0.061,True,False,0.0,0.061
2025-11-18 03:30:00+00:00,0.063,True,False,0.0,0.063
2025-11-18 04:00:00+00:00,0.068,True,False,0.0,0.068
2025-11-18 04:30:00+00:00,0.061,True,False,0.0,0.061
2025-11-18 05:00:00+00:00,0.062,False,False,0.0,0.062
2025-11-18 05:30:00+00:00,0.071,False,False,0.0,0.071
2025-11-18 06:00:00+00:00,0.071,False,False,0.0,0.071
2025-11-18 06:30:00+00:00,0.1,False,False,0.0,0.1
2025-11-18 07:00:00+00:00,0.201,False,False,0.0,0.201
2025-11-18 07:30:00+00:00,0.667,False,False,0.0,0.667
2025-11-18 08:00:00+00:00,1.925,False,False,0.0,1.925
2025-11-18 08:30:00+00:00,1.375,False,False,0.0,1.375
2025-11-18 09:00:00+00:00,0.481,False,False,0.0,0.481
2025-11-18 09:30:00+00:00,0.271,False,False,0.0,0.271
2025-11-18 10:00:00+00:00,0.587,False,False,0.0,0.587
2025-11-18 10:30:00+00:00,0.389,False,False,0.0,0.389
2025-11-18 11:00:00+00:00,0.301,False,False,0.0,0.301
2025-11-18 11:30:00+00:00,0.254,False,False,0.0,0.254
2025-11-18 12:00:00+00:00,0.373,False,False,0.0,0.373
2025-11-18 12:30:00+00:00,0.949,False,False,0.0,0.949
2025-11-18 13:00:00+00:00,0.321,False,False,0.0,0.321
2025-11-18 13:30:00+00:00,0.32,False,False,0.0,0.32
2025-11-18 14:00:00+00:00,0.265,False,False,0.0,0.265
2025-11-18 14:30:00+00:00,0.278,False,False,0.0,0.278
2025-11-18 15:00:00+00:00,0.308,False,False,0.0,0.308
2025-11-18 15:30:00+00:00,0.731,False,False,0.0,0.731
2025-11-18 16:00:00+00:00,0.599,False,False,0.0,0.599
2025-11-18 16:30:00+00:00,0.383,False,False,0.0,0.383
2025-11-18 17:00:00+00:00,0.26,False,False,0.0,0.26
2025-11-18 17:30:00+00:00,0.282,False,False,0.0,0.282
2025-11-18 18:00:00+00:00,0.223,False,False,0.0,0.223
2025-11-18 18:30:00+00:00,0.227,False,False,0.0,0.227
2025-11-18 19:00:00+00:00,0.196,False,False,0.0,0.196
2025-11-18 19:30:00+00:00,0.192,False,False,0.0,0.192
2025-11-18 20:00:00+00:00,0.192,False,False,0.0,0.192
2025-11-18 20:30:00+00:00,0.198,False,False,0.0,0.198
2025-11-18 21:00:00+00:00,0.107,False,False,0.0,0.107
2025-11-18 21:30:00+00:00,0.092,False,False,0.0,0.092
2025-11-18 22:00:00+00:00,0.077,False,False,0.0,0.077
2025-11-18 22:30:00+00:00,0.08,False,False,0.0,0.08
2025-11-18 23:00:00+00:00,0.094,True,False,0.0,0.094
2025-11-18 23:30:00+00:00,0.113,True,False,0.0,0.113
2025-11-19 00:00:00+00:00,0.081,True,False,0.0,0.081
2025-11-19 00:30:00+00:00,0.078,True,False,0.0,0.078
2025-11-19 01:00:00+00:00,0.077,True,False,0.0,0.077
2025-11-19 01:30:00+00:00,0.077,True,False,0.0,0.077
2025-11-19 02:00:00+00:00,0.077,True,False,0.0,0.077
2025-11-19 02:30:00+00:00,0.076,True,False,0.0,0.076
2025-11-19 03:00:00+00:00,0.053,True,False,0.0,0.053
2025-11-19 03:30:00+00:00,0.069,True,False,0.0,0.069
2025-11-19 04:00:00+00:00,0.066,True,False,0.0,0.066
2025-11-19 04:30:00+00:00,0.062,True,False,0.0,0.062
2025-11-19 05:00:00+00:00,0.063,False,False,0.0,0.063
2025-11-19 05:30:00+00:00,0.074,False,False,0.0,0.074
2025-11-19 06:00:00+00:00,0.076,False,False,0.0,0.076
2025-11-19 06:30:00+00:00,0.096,False,False,0.0,0.096
2025-11-19 07:00:00+00:00,0.44,False,False,0.0,0.44
2025-11-19 07:30:00+00:00,1.093,False,False,0.0,1.093
2025-11-19 08:00:00+00:00,0.475,False,False,0.0,0.475
2025-11-19 08:30:00+00:00,0.284,False,False,0.0,0.284
2025-11-19 09:00:00+00:00,0.385,False,False,0.0,0.385
2025-11-19 09:30:00+00:00,0.412,False,False,0.0,0.412
2025-11-19 10:00:00+00:00,0.243,False,False,0.0,0.243
2025-11-19 10:30:00+00:00,0.135,False,False,0.0,0.135
2025-11-19 11:00:00+00:00,0.13,False,False,0.0,0.13
2025-11-19 11:30:00+00:00,0.129,False,False,0.0,0.129
2025-11-19 12:00:00+00:00,0.148,False,False,0.0,0.148
2025-11-19 12:30:00+00:00,0.583,False,False,0.0,0.583
2025-11-19 13:00:00+00:00,0.4,False,False,0.0,0.4
2025-11-19 13:30:00+00:00,0.132,False,False,0.0,0.132
2025-11-19 14:00:00+00:00,0.117,False,False,0.0,0.117
2025-11-19 14:30:00+00:00,0.142,False,False,0.0,0.142
2025-11-19 15:00:00+00:00,0.11,False,False,0.0,0.11
2025-11-19 15:30:00+00:00,0.48,False,False,0.0,0.48
2025-11-19 16:00:00+00:00,0.541,False,False,0.0,0.541
2025-11-19 16:30:00+00:00,0.326,False,False,0.0,0.326
2025-11-19 17:00:00+00:00,1.009,False,False,0.0,1.009
2025-11-19 17:30:00+00:00,1.285,False,False,0.0,1.285
2025-11-19 18:00:00+00:00,1.433,False,False,0.0,1.433
2025-11-19 18:30:00+00:00,1.123,False,False,0.0,1.123
2025-11-19 19:00:00+00:00,0.2,False,False,0.0,0.2
2025-11-19 19:30:00+00:00,0.196,False,False,0.0,0.196
2025-11-19 20:00:00+00:00,0.194,False,False,0.0,0.194
2025-11-19 20:30:00+00:00,0.187,False,False,0.0,0.187
2025-11-19 21:00:00+00:00,0.178,False,False,0.0,0.178
2025-11-19 21:30:00+00:00,0.17,False,False,0.0,0.17
2025-11-19 22:00:00+00:00,0.151,False,False,0.0,0.151
2025-11-19 22:30:00+00:00,0.156,False,False,0.0,0.156
2025-11-19 23:00:00+00:00,0.1,True,False,0.0,0.1
2025-11-19 23:30:00+00:00,0.093,True,False,0.0,0.093
2025-11-20 00:00:00+00:00,0.081,True,False,0.0,0.081
2025-11-20 00:30:00+00:00,0.095,True,False,0.0,0.095
2025-11-20 01:00:00+00:00,0.093,True,False,0.0,0.093
2025-11-20 01:30:00+00:00,0.082,True,False,0.0,0.082
2025-11-20 02:00:00+00:00,0.092,True,False,0.0,0.092
2025-11-20 02:30:00+00:00,0.088,True,False,0.0,0.088
2025-11-20 03:00:00+00:00,0.073,True,False,0.0,0.073
2025-11-20 03:30:00+00:00,0.083,True,False,0.0,0.083
2025-11-20 04:00:00+00:00,0.085,True,False,0.0,0.085
2025-11-20 04:30:00+00:00,0.075,True,False,0.0,0.075
2025-11-20 05:00:00+00:00,0.085,False,False,0.0,0.085
2025-11-20 05:30:00+00:00,0.092,False,False,0.0,0.092
2025-11-20 06:00:00+00:00,0.086,False,False,0.0,0.086
2025-11-20 06:30:00+00:00,0.163,False,False,0.0,0.163
2025-11-20 07:00:00+00:00,0.191,False,False,0.0,0.191
2025-11-20 07:30:00+00:00,1.135,False,False,0.0,1.135
2025-11-20 08:00:00+00:00,1.043,False,False,0.0,1.043
2025-11-20 08:30:00+00:00,0.52,False,False,0.0,0.52
2025-11-20 09:00:00+00:00,0.831,False,False,0.0,0.831
2025-11-20 09:30:00+00:00,0.506,False,False,0.0,0.506
2025-11-20 10:00:00+00:00,0.201,False,False,0.0,0.201
2025-11-20 10:30:00+00:00,0.154,False,False,0.0,0.154
2025-11-20 11:00:00+00:00,0.157,False,False,0.0,0.157
2025-11-20 11:30:00+00:00,0.156,False,False,0.0,0.156
2025-11-20 12:00:00+00:00,0.165,False,False,0.0,0.165
2025-11-20 12:30:00+00:00,0.702,False,False,0.0,0.702
2025-11-20 13:00:00+00:00,0.596,False,False,0.0,0.596
2025-11-20 13:30:00+00:00,0.336,False,False,0.0,0.336
2025-11-20 14:00:00+00:00,0.252,False,False,0.0,0.252
2025-11-20 14:30:00+00:00,0.201,False,False,0.0,0.201
2025-11-20 15:00:00+00:00,0.197,False,False,0.0,0.197
2025-11-20 15:30:00+00:00,0.343,False,False,0.0,0.343
2025-11-20 16:00:00+00:00,0.855,False,False,0.0,0.855
2025-11-20 16:30:00+00:00,0.779,False,False,0.0,0.779
2025-11-20 17:00:00+00:00,0.25,False,False,0.0,0.25
2025-11-20 17:30:00+00:00,0.198,False,False,0.0,0.198
2025-11-20 18:00:00+00:00,0.22,False,False,0.0,0.22
2025-11-20 18:30:00+00:00,0.251,False,False,0.0,0.251
2025-11-20 19:00:00+00:00,0.168,False,False,0.0,0.168
2025-11-20 19:30:00+00:00,0.162,False,False,0.0,0.162
2025-11-20 20:00:00+00:00,0.135,False,False,0.0,0.135
2025-11-20 20:30:00+00:00,0.159,False,False,0.0,0.159
2025-11-20 21:00:00+00:00,0.117,False,False,0.0,0.117
2025-11-20 21:30:00+00:00,0.115,False,False,0.0,0.115
2025-11-20 22:00:00+00:00,0.109,False,False,0.0,0.109
2025-11-20 22:30:00+00:00,0.154,False,False,0.0,0.154
2025-11-20 23:00:00+00:00,0.104,True,False,0.0,0.104
2025-11-20 23:30:00+00:00,0.102,True,False,0.0,0.102
2025-11-21 00:00:00+00:00,0.1,True,False,0.0,0.1
2025-11-21 00:30:00+00:00,0.101,True,False,0.0,0.101
2025-11-21 01:00:00+00:00,0.086,True,False,0.0,0.086
2025-11-21 01:30:00+00:00,0.079,True,False,0.0,0.079
2025-11-21 02:00:00+00:00,0.071,True,False,0.0,0.071
2025-11-21 02:30:00+00:00,0.07,True,False,0.0,0.07
2025-11-21 03:00:00+00:00,0.068,True,False,0.0,0.068
2025-11-21 03:30:00+00:00,0.066,True,False,0.0,0.066
2025-11-21 04:00:00+00:00,0.062,True,False,0.0,0.062
2025-11-21 04:30:00+00:00,0.073,True,False,0.0,0.073
2025-11-21 05:00:00+00:00,0.071,False,False,0.0,0.071
2025-11-21 05:30:00+00:00,0.07,False,False,0.0,0.07
2025-11-21 06:00:00+00:00,0.123,False,False,0.0,0.123
2025-11-21 06:30:00+00:00,0.107,False,False,0.0,0.107
2025-11-21 07:00:00+00:00,0.22,False,False,0.0,0.22
2025-11-21 07:30:00+00:00,0.76,False,False,0.0,0.76
2025-11-21 08:00:00+00:00,0.863,False,False,0.0,0.863
2025-11-21 08:30:00+00:00,0.764,False,False,0.0,0.764
2025-11-21 09:00:00+00:00,1.429,False,False,0.0,1.429
2025-11-21 09:30:00+00:00,0.61,False,False,0.0,0.61
2025-11-21 10:00:00+00:00,0.761,False,False,0.0,0.761
2025-11-21 10:30:00+00:00,0.333,False,False,0.0,0.333
2025-11-21 11:00:00+00:00,0.309,False,False,0.0,0.309
2025-11-21 11:30:00+00:00,0.283,False,False,0.0,0.283
2025-11-21 12:00:00+00:00,0.291,False,False,0.0,0.291
2025-11-21 12:30:00+00:00,0.292,False,False,0.0,0.292
2025-11-21 13:00:00+00:00,0.262,False,False,0.0,0.262
2025-11-21 13:30:00+00:00,0.289,False,False,0.0,0.289
2025-11-21 14:00:00+00:00,0.347,False,False,0.0,0.347
2025-11-21 14:30:00+00:00,0.327,False,False,0.0,0.327
2025-11-21 15:00:00+00:00,1.4,False,False,0.0,1.4
2025-11-21 15:30:00+00:00,0.295,False,False,0.0,0.295
2025-11-21 16:00:00+00:00,0.371,False,False,0.0,0.371
2025-11-21 16:30:00+00:00,0.292,False,False,0.0,0.292
2025-11-21 17:00:00+00:00,0.32,False,False,0.0,0.32
2025-11-21 17:30:00+00:00,0.268,False,False,0.0,0.268
2025-11-21 18:00:00+00:00,0.231,False,False,0.0,0.231
2025-11-21 18:30:00+00:00,0.219,False,False,0.0,0.219
2025-11-21 19:00:00+00:00,0.193,False,False,0.0,0.193
2025-11-21 19:30:00+00:00,0.199,False,False,0.0,0.199
2025-11-21 20:00:00+00:00,0.186,False,False,0.0,0.186
2025-11-21 20:30:00+00:00,0.172,False,False,0.0,0.172
2025-11-21 21:00:00+00:00,0.219,False,False,0.0,0.219
2025-11-21 21:30:00+00:00,0.188,False,False,0.0,0.188
2025-11-21 22:00:00+00:00,0.173,False,False,0.0,0.173
2025-11-21 22:30:00+00:00,0.197,False,False,0.0,0.197
2025-11-21 23:00:00+00:00,1.474,True,True,1.3555,0.11850000000000005
2025-11-21 23:30:00+00:00,3.838,True,True,3.734,0.10400000000000009
2025-11-22 00:00:00+00:00,3.775,True,True,3.6799999999999997,0.0950000000000002
2025-11-22 00:30:00+00:00,3.75,True,True,3.66,0.08999999999999986
2025-11-22 01:00:00+00:00,3.765,True,True,3.677,0.08800000000000008
2025-11-22 01:30:00+00:00,3.79,True,True,3.704,0.08599999999999985
2025-11-22 02:00:00+00:00,3.786,True,True,3.701,0.08499999999999996
2025-11-22 02:30:00+00:00,3.778,True,True,3.7,0.07799999999999985
2025-11-22 03:00:00+00:00,3.813,True,True,3.7390000000000003,0.07399999999999984
2025-11-22 03:30:00+00:00,3.794,True,True,3.719,0.07500000000000018
2025-11-22 04:00:00+00:00,3.785,True,True,3.7110000000000003,0.07399999999999984
2025-11-22 04:30:00+00:00,3.795,True,True,3.722,0.07299999999999995
2025-11-22 05:00:00+00:00,3.775,False,True,3.702,0.07299999999999995
2025-11-22 05:30:00+00:00,3.783,False,True,3.707,0.07600000000000007
2025-11-22 06:00:00+00:00,3.831,False,True,3.7479999999999998,0.08300000000000018
2025-11-22 06:30:00+00:00,3.822,False,True,3.719,0.1030000000000002
2025-11-22 07:00:00+00:00,3.896,False,True,3.6679999999999997,0.2280000000000002
2025-11-22 07:30:00+00:00,4.085,False,True,3.591,0.4939999999999998
2025-11-22 08:00:00+00:00,1.217,False,False,0.0,1.217
2025-11-22 08:30:00+00:00,0.792,False,False,0.0,0.792
2025-11-22 09:00:00+00:00,0.287,False,False,0.0,0.287
2025-11-22 09:30:00+00:00,0.255,False,False,0.0,0.255
2025-11-22 10:00:00+00:00,0.623,False,False,0.0,0.623
2025-11-22 10:30:00+00:00,0.269,False,False,0.0,0.269
2025-11-22 11:00:00+00:00,0.325,False,False,0.0,0.325
2025-11-22 11:30:00+00:00,0.279,False,False,0.0,0.279
2025-11-22 12:00:00+00:00,0.342,False,False,0.0,0.342
2025-11-22 12:30:00+00:00,0.45,False,False,0.0,0.45
2025-11-22 13:00:00+00:00,0.316,False,False,0.0,0.316
2025-11-22 13:30:00+00:00,0.444,False,False,0.0,0.444
2025-11-22 14:00:00+00:00,0.462,False,False,0.0,0.462
2025-11-22 14:30:00+00:00,0.693,False,False,0.0,0.693
2025-11-22 15:00:00+00:00,1.277,False,False,0.0,1.277
2025-11-22 15:30:00+00:00,0.534,False,False,0.0,0.534
2025-11-22 16:00:00+00:00,0.961,False,False,0.0,0.961
2025-11-22 16:30:00+00:00,0.413,False,False,0.0,0.413
2025-11-22 17:00:00+00:00,0.216,False,False,0.0,0.216
2025-11-22 17:30:00+00:00,0.55,False,False,0.0,0.55
2025-11-22 18:00:00+00:00,0.836,False,False,0.0,0.836
2025-11-22 18:30:00+00:00,0.326,False,False,0.0,0.326
2025-11-22 19:00:00+00:00,0.143,False,False,0.0,0.143
2025-11-22 19:30:00+00:00,0.125,False,False,0.0,0.125
2025-11-22 20:00:00+00:00,0.128,False,False,0.0,0.128
2025-11-22 20:30:00+00:00,0.243,False,False,0.0,0.243
2025-11-22 21:00:00+00:00,0.266,False,False,0.0,0.266
2025-11-22 21:30:00+00:00,0.267,False,False,0.0,0.267
2025-11-22 22:00:00+00:00,0.325,False,False,0.0,0.325
2025-11-22 22:30:00+00:00,0.269,False,False,0.0,0.269
2025-11-22 23:00:00+00:00,0.238,True,False,0.0,0.238
2025-11-22 23:30:00+00:00,0.088,True,False,0.0,0.088
2025-11-23 00:00:00+00:00,0.087,True,False,0.0,0.087
2025-11-23 00:30:00+00:00,0.084,True,False,0.0,0.084
2025-11-23 01:00:00+00:00,0.082,True,False,0.0,0.082
2025-11-23 01:30:00+00:00,0.082,True,False,0.0,0.082
2025-11-23 02:00:00+00:00,0.073,True,False,0.0,0.073
2025-11-23 02:30:00+00:00,0.073,True,False,0.0,0.073
2025-11-23 03:00:00+00:00,0.07,True,False,0.0,0.07
2025-11-23 03:30:00+00:00,0.064,True,False,0.0,0.064
2025-11-23 04:00:00+00:00,0.061,True,False,0.0,0.061
2025-11-23 04:30:00+00:00,0.069,True,False,0.0,0.069
2025-11-23 05:00:00+00:00,0.067,False,False,0.0,0.067
2025-11-23 05:30:00+00:00,0.058,False,False,0.0,0.058
2025-11-23 06:00:00+00:00,0.083,False,False,0.0,0.083
2025-11-23 06:30:00+00:00,0.104,False,False,0.0,0.104
2025-11-23 07:00:00+00:00,0.252,False,False,0.0,0.252
2025-11-23 07:30:00+00:00,0.838,False,False,0.0,0.838
2025-11-23 08:00:00+00:00,0.698,False,False,0.0,0.698
2025-11-23 08:30:00+00:00,0.352,False,False,0.0,0.352
2025-11-23 09:00:00+00:00,0.594,False,False,0.0,0.594
2025-11-23 09:30:00+00:00,0.698,False,False,0.0,0.698
2025-11-23 10:00:00+00:00,0.324,False,False,0.0,0.324
2025-11-23 10:30:00+00:00,0.307,False,False,0.0,0.307
2025-11-23 11:00:00+00:00,0.318,False,False,0.0,0.318
2025-11-23 11:30:00+00:00,0.268,False,False,0.0,0.268
2025-11-23 12:00:00+00:00,0.229,False,False,0.0,0.229
2025-11-23 12:30:00+00:00,0.259,False,False,0.0,0.259
2025-11-23 13:00:00+00:00,0.324,False,False,0.0,0.324
2025-11-23 13:30:00+00:00,0.296,False,False,0.0,0.296
2025-11-23 14:00:00+00:00,0.3,False,False,0.0,0.3
2025-11-23 14:30:00+00:00,0.3,False,False,0.0,0.3
2025-11-23 15:00:00+00:00,0.266,False,False,0.0,0.266
2025-11-23 15:30:00+00:00,0.177,False,False,0.0,0.177
2025-11-23 16:00:00+00:00,0.775,False,False,0.0,0.775
2025-11-23 16:30:00+00:00,0.608,False,False,0.0,0.608
2025-11-23 17:00:00+00:00,0.296,False,False,0.0,0.296
2025-11-23 17:30:00+00:00,0.289,False,False,0.0,0.289
2025-11-23 18:00:00+00:00,0.257,False,False,0.0,0.257
2025-11-23 18:30:00+00:00,0.168,False,False,0.0,0.168
2025-11-23 19:00:00+00:00,0.152,False,False,0.0,0.152
2025-11-23 19:30:00+00:00,0.147,False,False,0.0,0.147
2025-11-23 20:00:00+00:00,0.256,False,False,0.0,0.256
2025-11-23 20:30:00+00:00,0.308,False,False,0.0,0.308
2025-11-23 21:00:00+00:00,0.328,False,False,0.0,0.328
2025-11-23 21:30:00+00:00,0.316,False,False,0.0,0.316
2025-11-23 22:00:00+00:00,0.249,False,False,0.0,0.249
2025-11-23 22:30:00+00:00,0.083,False,False,0.0,0.083
2025-11-23 23:00:00+00:00,0.074,True,False,0.0,0.074
2025-11-23 23:30:00+00:00,0.074,True,False,0.0,0.074
2025-11-24 00:00:00+00:00,0.08,True,False,0.0,0.08
2025-11-24 00:30:00+00:00,0.077,True,False,0.0,0.077
2025-11-24 01:00:00+00:00,0.07,True,False,0.0,0.07
2025-11-24 01:30:00+00:00,0.081,True,False,0.0,0.081
2025-11-24 02:00:00+00:00,0.078,True,False,0.0,0.078
2025-11-24 02:30:00+00:00,0.058,True,False,0.0,0.058
2025-11-24 03:00:00+00:00,0.069,True,False,0.0,0.069
2025-11-24 03:30:00+00:00,0.069,True,False,0.0,0.069
2025-11-24 04:00:00+00:00,0.055,True,False,0.0,0.055
2025-11-24 04:30:00+00:00,0.069,True,False,0.0,0.069
2025-11-24 05:00:00+00:00,0.067,False,False,0.0,0.067
2025-11-24 05:30:00+00:00,0.058,False,False,0.0,0.058
2025-11-24 06:00:00+00:00,0.079,False,False,0.0,0.079
2025-11-24 06:30:00+00:00,0.103,False,False,0.0,0.103
2025-11-24 07:00:00+00:00,0.159,False,False,0.0,0.159
2025-11-24 07:30:00+00:00,1.065,False,False,0.0,1.065
2025-11-24 08:00:00+00:00,1.061,False,False,0.0,1.061
2025-11-24 08:30:00+00:00,1.294,False,False,0.0,1.294
2025-11-24 09:00:00+00:00,0.631,False,False,0.0,0.631
2025-11-24 09:30:00+00:00,0.347,False,False,0.0,0.347
2025-11-24 10:00:00+00:00,0.143,False,False,0.0,0.143
2025-11-24 10:30:00+00:00,0.242,False,False,0.0,0.242
2025-11-24 11:00:00+00:00,0.159,False,False,0.0,0.159
2025-11-24 11:30:00+00:00,0.13,False,False,0.0,0.13
2025-11-24 12:00:00+00:00,0.396,False,False,0.0,0.396
2025-11-24 12:30:00+00:00,0.57,False,False,0.0,0.57
2025-11-24 13:00:00+00:00,0.144,False,False,0.0,0.144
2025-11-24 13:30:00+00:00,0.126,False,False,0.0,0.126
2025-11-24 14:00:00+00:00,0.131,False,False,0.0,0.131
2025-11-24 14:30:00+00:00,0.147,False,False,0.0,0.147
2025-11-24 15:00:00+00:00,0.136,False,False,0.0,0.136
2025-11-24 15:30:00+00:00,0.221,False,False,0.0,0.221
2025-11-24 16:00:00+00:00,0.825,False,False,0.0,0.825
2025-11-24 16:30:00+00:00,0.785,False,False,0.0,0.785
2025-11-24 17:00:00+00:00,0.282,False,False,0.0,0.282
2025-11-24 17:30:00+00:00,0.394,False,False,0.0,0.394
2025-11-24 18:00:00+00:00,0.926,False,False,0.0,0.926
2025-11-24 18:30:00+00:00,0.462,False,False,0.0,0.462
2025-11-24 19:00:00+00:00,0.161,False,False,0.0,0.161
2025-11-24 19:30:00+00:00,0.157,False,False,0.0,0.157
2025-11-24 20:00:00+00:00,0.164,False,False,0.0,0.164
2025-11-24 20:30:00+00:00,0.149,False,False,0.0,0.149
2025-11-24 21:00:00+00:00,0.133,False,False,0.0,0.133
2025-11-24 21:30:00+00:00,0.127,False,False,0.0,0.127
2025-11-24 22:00:00+00:00,0.091,False,False,0.0,0.091
2025-11-24 22:30:00+00:00,0.097,False,False,0.0,0.097
2025-11-24 23:00:00+00:00,0.087,True,False,0.0,0.087
2025-11-24 23:30:00+00:00,0.085,True,False,0.0,0.085
2025-11-25 00:00:00+00:00,0.083,True,False,0.0,0.083
2025-11-25 00:30:00+00:00,0.08,True,False,0.0,0.08
2025-11-25 01:00:00+00:00,0.091,True,False,0.0,0.091
2025-11-25 01:30:00+00:00,0.068,True,False,0.0,0.068
2025-11-25 02:00:00+00:00,0.082,True,False,0.0,0.082
2025-11-25 02:30:00+00:00,0.075,True,False,0.0,0.075
2025-11-25 03:00:00+00:00,0.064,True,False,0.0,0.064
2025-11-25 03:30:00+00:00,0.067,True,False,0.0,0.067
2025-11-25 04:00:00+00:00,0.071,True,False,0.0,0.071
2025-11-25 04:30:00+00:00,0.11,True,False,0.0,0.11
2025-11-25 05:00:00+00:00,0.08,False,False,0.0,0.08
2025-11-25 05:30:00+00:00,0.074,False,False,0.0,0.074
2025-11-25 06:00:00+00:00,0.08,False,False,0.0,0.08
2025-11-25 06:30:00+00:00,0.103,False,False,0.0,0.103
2025-11-25 07:00:00+00:00,0.115,False,False,0.0,0.115
2025-11-25 07:30:00+00:00,0.53,False,False,0.0,0.53
2025-11-25 08:00:00+00:00,0.545,False,False,0.0,0.545
2025-11-25 08:30:00+00:00,0.222,False,False,0.0,0.222
2025-11-25 09:00:00+00:00,0.22,False,False,0.0,0.22
2025-11-25 09:30:00+00:00,0.268,False,False,0.0,0.268
2025-11-25 10:00:00+00:00,0.333,False,False,0.0,0.333
2025-11-25 10:30:00+00:00,0.276,False,False,0.0,0.276
2025-11-25 11:00:00+00:00,0.397,False,False,0.0,0.397
2025-11-25 11:30:00+00:00,0.288,False,False,0.0,0.288
2025-11-25 12:00:00+00:00,0.502,False,False,0.0,0.502
2025-11-25 12:30:00+00:00,1.038,False,False,0.0,1.038
2025-11-25 13:00:00+00:00,0.325,False,False,0.0,0.325
2025-11-25 13:30:00+00:00,0.317,False,False,0.0,0.317
2025-11-25 14:00:00+00:00,0.45,False,False,0.0,0.45
2025-11-25 14:30:00+00:00,0.521,False,False,0.0,0.521
2025-11-25 15:00:00+00:00,0.293,False,False,0.0,0.293
2025-11-25 15:30:00+00:00,0.322,False,False,0.0,0.322
2025-11-25 16:00:00+00:00,0.588,False,False,0.0,0.588
2025-11-25 16:30:00+00:00,0.268,False,False,0.0,0.268
2025-11-25 17:00:00+00:00,0.313,False,False,0.0,0.313
2025-11-25 17:30:00+00:00,0.252,False,False,0.0,0.252
2025-11-25 18:00:00+00:00,0.216,False,False,0.0,0.216
2025-11-25 18:30:00+00:00,0.212,False,False,0.0,0.212
2025-11-25 19:00:00+00:00,0.175,False,False,0.0,0.175
2025-11-25 19:30:00+00:00,0.222,False,False,0.0,0.222
2025-11-25 20:00:00+00:00,0.184,False,False,0.0,0.184
2025-11-25 20:30:00+00:00,0.25,False,False,0.0,0.25
2025-11-25 21:00:00+00:00,0.332,False,False,0.0,0.332
2025-11-25 21:30:00+00:00,0.302,False,False,0.0,0.302
2025-11-25 22:00:00+00:00,0.285,False,False,0.0,0.285
2025-11-25 22:30:00+00:00,0.289,False,False,0.0,0.289
2025-11-25 23:00:00+00:00,0.283,True,False,0.0,0.283
2025-11-25 23:30:00+00:00,0.082,True,False,0.0,0.082
2025-11-26 00:00:00+00:00,0.079,True,False,0.0,0.079
2025-11-26 00:30:00+00:00,0.079,True,False,0.0,0.079
2025-11-26 01:00:00+00:00,0.078,True,False,0.0,0.078
2025-11-26 01:30:00+00:00,0.067,True,False,0.0,0.067
2025-11-26 02:00:00+00:00,0.081,True,False,0.0,0.081
2025-11-26 02:30:00+00:00,0.071,True,False,0.0,0.071
2025-11-26 03:00:00+00:00,0.062,True,False,0.0,0.062
2025-11-26 03:30:00+00:00,0.059,True,False,0.0,0.059
2025-11-26 04:00:00+00:00,0.068,True,False,0.0,0.068
2025-11-26 04:30:00+00:00,0.066,True,False,0.0,0.066
2025-11-26 05:00:00+00:00,0.054,False,False,0.0,0.054
2025-11-26 05:30:00+00:00,0.072,False,False,0.0,0.072
2025-11-26 06:00:00+00:00,0.078,False,False,0.0,0.078
2025-11-26 06:30:00+00:00,0.09,False,False,0.0,0.09
2025-11-26 07:00:00+00:00,1.307,False,False,0.0,1.307
2025-11-26 07:30:00+00:00,1.734,False,False,0.0,1.734
2025-11-26 08:00:00+00:00,1.615,False,False,0.0,1.615
2025-11-26 08:30:00+00:00,0.552,False,False,0.0,0.552
2025-11-26 09:00:00+00:00,0.577,False,False,0.0,0.577
2025-11-26 09:30:00+00:00,0.244,False,False,0.0,0.244
2025-11-26 10:00:00+00:00,0.156,False,False,0.0,0.156
2025-11-26 10:30:00+00:00,0.372,False,False,0.0,0.372
2025-11-26 11:00:00+00:00,0.377,False,False,0.0,0.377
2025-11-26 11:30:00+00:00,0.28,False,False,0.0,0.28
2025-11-26 12:00:00+00:00,0.295,False,False,0.0,0.295
2025-11-26 12:30:00+00:00,0.278,False,False,0.0,0.278
2025-11-26 13:00:00+00:00,0.257,False,False,0.0,0.257
2025-11-26 13:30:00+00:00,0.263,False,False,0.0,0.263
2025-11-26 14:00:00+00:00,0.26,False,False,0.0,0.26
2025-11-26 14:30:00+00:00,0.34,False,False,0.0,0.34
2025-11-26 15:00:00+00:00,0.293,False,False,0.0,0.293
2025-11-26 15:30:00+00:00,0.405,False,False,0.0,0.405
2025-11-26 16:00:00+00:00,1.118,False,False,0.0,1.118
2025-11-26 16:30:00+00:00,4.114,False,True,3.746,0.3679999999999999
2025-11-26 17:00:00+00:00,0.303,False,False,0.0,0.303
2025-11-26 17:30:00+00:00,3.098,False,False,0.0,3.098
2025-11-26 18:00:00+00:00,0.817,False,False,0.0,0.817
2025-11-26 18:30:00+00:00,0.848,False,False,0.0,0.848
2025-11-26 19:00:00+00:00,3.853,False,True,3.6100000000000003,0.24299999999999988
2025-11-26 19:30:00+00:00,0.215,False,False,0.0,0.215
2025-11-26 20:00:00+00:00,3.731,False,True,3.513,0.21799999999999997
2025-11-26 20:30:00+00:00,0.139,False,False,0.0,0.139
2025-11-26 21:00:00+00:00,2.264,False,True,2.062,0.20199999999999996
2025-11-26 21:30:00+00:00,2.298,False,True,2.11,0.18800000000000017
2025-11-26 22:00:00+00:00,0.129,False,False,0.0,0.129
2025-11-26 22:30:00+00:00,3.526,False,True,3.383,0.1429999999999998
2025-11-26 23:00:00+00:00,3.769,True,True,3.6505,0.11850000000000005
2025-11-26 23:30:00+00:00,2.636,True,True,2.532,0.10400000000000009
2025-11-27 00:00:00+00:00,0.087,True,False,0.0,0.087
2025-11-27 00:30:00+00:00,1.398,True,True,1.3079999999999998,0.09000000000000008
2025-11-27 01:00:00+00:00,0.123,True,False,0.0,0.123
2025-11-27 01:30:00+00:00,2.929,True,True,2.843,0.08599999999999985
2025-11-27 02:00:00+00:00,3.433,True,True,3.348,0.08499999999999996
2025-11-27 02:30:00+00:00,3.801,True,True,3.7230000000000003,0.07799999999999985
2025-11-27 03:00:00+00:00,2.247,True,True,2.173,0.07399999999999984
2025-11-27 03:30:00+00:00,2.273,True,True,2.198,0.07500000000000018
2025-11-27 04:00:00+00:00,3.825,True,True,3.7510000000000003,0.07399999999999984
2025-11-27 04:30:00+00:00,3.806,True,True,3.733,0.07299999999999995
2025-11-27 05:00:00+00:00,3.407,False,False,0.0,3.407
2025-11-27 05:30:00+00:00,0.079,False,False,0.0,0.079
2025-11-27 06:00:00+00:00,1.527,False,False,0.0,1.527
2025-11-27 06:30:00+00:00,0.099,False,False,0.0,0.099
2025-11-27 07:00:00+00:00,0.39,False,False,0.0,0.39
2025-11-27 07:30:00+00:00,0.709,False,False,0.0,0.709
2025-11-27 08:00:00+00:00,0.448,False,False,0.0,0.448
2025-11-27 08:30:00+00:00,0.885,False,False,0.0,0.885
2025-11-27 09:00:00+00:00,0.406,False,False,0.0,0.406
2025-11-27 09:30:00+00:00,0.348,False,False,0.0,0.348
2025-11-27 10:00:00+00:00,0.195,False,False,0.0,0.195
2025-11-27 10:30:00+00:00,0.222,False,False,0.0,0.222
2025-11-27 11:00:00+00:00,0.678,False,False,0.0,0.678
2025-11-27 11:30:00+00:00,0.918,False,False,0.0,0.918
2025-11-27 12:00:00+00:00,1.151,False,False,0.0,1.151
2025-11-27 12:30:00+00:00,0.241,False,False,0.0,0.241
2025-11-27 13:00:00+00:00,0.209,False,False,0.0,0.209
2025-11-27 13:30:00+00:00,0.402,False,False,0.0,0.402
2025-11-27 14:00:00+00:00,0.424,False,False,0.0,0.424
2025-11-27 14:30:00+00:00,0.172,False,False,0.0,0.172
2025-11-27 15:00:00+00:00,1.211,False,False,0.0,1.211
2025-11-27 15:30:00+00:00,1.734,False,False,0.0,1.734
2025-11-27 16:00:00+00:00,1.441,False,False,0.0,1.441
2025-11-27 16:30:00+00:00,1.396,False,False,0.0,1.396
2025-11-27 17:00:00+00:00,0.806,False,False,0.0,0.806
2025-11-27 17:30:00+00:00,0.247,False,False,0.0,0.247
2025-11-27 18:00:00+00:00,0.256,False,False,0.0,0.256
2025-11-27 18:30:00+00:00,0.191,False,False,0.0,0.191
2025-11-27 19:00:00+00:00,0.691,False,False,0.0,0.691
2025-11-27 19:30:00+00:00,0.291,False,False,0.0,0.291
2025-11-27 20:00:00+00:00,0.195,False,False,0.0,0.195
2025-11-27 20:30:00+00:00,0.167,False,False,0.0,0.167
2025-11-27 21:00:00+00:00,0.202,False,False,0.0,0.202
2025-11-27 21:30:00+00:00,0.268,False,False,0.0,0.268
2025-11-27 22:00:00+00:00,0.274,False,False,0.0,0.274
2025-11-27 22:30:00+00:00,0.279,False,False,0.0,0.279
2025-11-27 23:00:00+00:00,0.293,True,False,0.0,0.293
2025-11-27 23:30:00+00:00,0.215,True,False,0.0,0.215
2025-11-28 00:00:00+00:00,0.098,True,False,0.0,0.098
2025-11-28 00:30:00+00:00,0.088,True,False,0.0,0.088
2025-11-28 01:00:00+00:00,0.083,True,False,0.0,0.083
2025-11-28 01:30:00+00:00,0.081,True,False,0.0,0.081
2025-11-28 02:00:00+00:00,0.082,True,False,0.0,0.082
2025-11-28 02:30:00+00:00,0.073,True,False,0.0,0.073
2025-11-28 03:00:00+00:00,0.059,True,False,0.0,0.059
2025-11-28 03:30:00+00:00,0.071,True,False,0.0,0.071
2025-11-28 04:00:00+00:00,0.07,True,False,0.0,0.07
2025-11-28 04:30:00+00:00,0.065,True,False,0.0,0.065
2025-11-28 05:00:00+00:00,0.062,False,False,0.0,0.062
2025-11-28 05:30:00+00:00,0.073,False,False,0.0,0.073
2025-11-28 06:00:00+00:00,0.08,False,False,0.0,0.08
2025-11-28 06:30:00+00:00,0.085,False,False,0.0,0.085
2025-11-28 07:00:00+00:00,0.203,False,False,0.0,0.203
2025-11-28 07:30:00+00:00,0.766,False,False,0.0,0.766
2025-11-28 08:00:00+00:00,0.896,False,False,0.0,0.896
2025-11-28 08:30:00+00:00,0.232,False,False,0.0,0.232
2025-11-28 09:00:00+00:00,0.192,False,False,0.0,0.192
2025-11-28 09:30:00+00:00,0.326,False,False,0.0,0.326
2025-11-28 10:00:00+00:00,0.371,False,False,0.0,0.371
2025-11-28 10:30:00+00:00,0.154,False,False,0.0,0.154
2025-11-28 11:00:00+00:00,0.171,False,False,0.0,0.171
2025-11-28 11:30:00+00:00,0.176,False,False,0.0,0.176
2025-11-28 12:00:00+00:00,0.167,False,False,0.0,0.167
2025-11-28 12:30:00+00:00,0.286,False,False,0.0,0.286
2025-11-28 13:00:00+00:00,0.279,False,False,0.0,0.279
2025-11-28 13:30:00+00:00,0.272,False,False,0.0,0.272
2025-11-28 14:00:00+00:00,0.228,False,False,0.0,0.228
2025-11-28 14:30:00+00:00,0.125,False,False,0.0,0.125
2025-11-28 15:00:00+00:00,0.15,False,False,0.0,0.15
2025-11-28 15:30:00+00:00,0.199,False,False,0.0,0.199
2025-11-28 16:00:00+00:00,0.337,False,False,0.0,0.337
2025-11-28 16:30:00+00:00,0.402,False,False,0.0,0.402
2025-11-28 17:00:00+00:00,0.29,False,False,0.0,0.29
2025-11-28 17:30:00+00:00,0.266,False,False,0.0,0.266
2025-11-28 18:00:00+00:00,0.221,False,False,0.0,0.221
2025-11-28 18:30:00+00:00,0.205,False,False,0.0,0.205
2025-11-28 19:00:00+00:00,0.19,False,False,0.0,0.19
2025-11-28 19:30:00+00:00,0.189,False,False,0.0,0.189
2025-11-28 20:00:00+00:00,0.18,False,False,0.0,0.18
2025-11-28 20:30:00+00:00,0.196,False,False,0.0,0.196
2025-11-28 21:00:00+00:00,0.178,False,False,0.0,0.178
2025-11-28 21:30:00+00:00,0.337,False,False,0.0,0.337
2025-11-28 22:00:00+00:00,0.195,False,False,0.0,0.195
2025-11-28 22:30:00+00:00,0.18,False,False,0.0,0.18
2025-11-28 23:00:00+00:00,0.184,True,False,0.0,0.184
2025-11-28 23:30:00+00:00,0.149,True,False,0.0,0.149
2025-11-29 00:00:00+00:00,0.085,True,False,0.0,0.085
2025-11-29 00:30:00+00:00,0.14,True,False,0.0,0.14
2025-11-29 01:00:00+00:00,0.09,True,False,0.0,0.09
2025-11-29 01:30:00+00:00,0.091,True,False,0.0,0.091
2025-11-29 02:00:00+00:00,0.089,True,False,0.0,0.089
2025-11-29 02:30:00+00:00,0.085,True,False,0.0,0.085
2025-11-29 03:00:00+00:00,0.082,True,False,0.0,0.082
2025-11-29 03:30:00+00:00,0.077,True,False,0.0,0.077
2025-11-29 04:00:00+00:00,0.073,True,False,0.0,0.073
2025-11-29 04:30:00+00:00,0.073,True,False,0.0,0.073
2025-11-29 05:00:00+00:00,0.076,False,False,0.0,0.076
2025-11-29 05:30:00+00:00,0.078,False,False,0.0,0.078
2025-11-29 06:00:00+00:00,0.077,False,False,0.0,0.077
2025-11-29 06:30:00+00:00,0.102,False,False,0.0,0.102
2025-11-29 07:00:00+00:00,0.151,False,False,0.0,0.151
2025-11-29 07:30:00+00:00,0.194,False,False,0.0,0.194
2025-11-29 08:00:00+00:00,0.452,False,False,0.0,0.452
2025-11-29 08:30:00+00:00,0.535,False,False,0.0,0.535
2025-11-29 09:00:00+00:00,0.508,False,False,0.0,0.508
2025-11-29 09:30:00+00:00,0.344,False,False,0.0,0.344
2025-11-29 10:00:00+00:00,0.746,False,False,0.0,0.746
2025-11-29 10:30:00+00:00,0.282,False,False,0.0,0.282
2025-11-29 11:00:00+00:00,0.334,False,False,0.0,0.334
2025-11-29 11:30:00+00:00,0.633,False,False,0.0,0.633
2025-11-29 12:00:00+00:00,0.69,False,False,0.0,0.69
2025-11-29 12:30:00+00:00,0.435,False,False,0.0,0.435
2025-11-29 13:00:00+00:00,0.443,False,False,0.0,0.443
2025-11-29 13:30:00+00:00,0.421,False,False,0.0,0.421
2025-11-29 14:00:00+00:00,0.381,False,False,0.0,0.381
2025-11-29 14:30:00+00:00,0.371,False,False,0.0,0.371
2025-11-29 15:00:00+00:00,0.274,False,False,0.0,0.274
2025-11-29 15:30:00+00:00,0.171,False,False,0.0,0.171
2025-11-29 16:00:00+00:00,0.193,False,False,0.0,0.193
2025-11-29 16:30:00+00:00,0.186,False,False,0.0,0.186
2025-11-29 17:00:00+00:00,0.227,False,False,0.0,0.227
2025-11-29 17:30:00+00:00,0.195,False,False,0.0,0.195
2025-11-29 18:00:00+00:00,0.493,False,False,0.0,0.493
2025-11-29 18:30:00+00:00,0.596,False,False,0.0,0.596
2025-11-29 19:00:00+00:00,0.162,False,False,0.0,0.162
2025-11-29 19:30:00+00:00,0.157,False,False,0.0,0.157
2025-11-29 20:00:00+00:00,0.179,False,False,0.0,0.179
2025-11-29 20:30:00+00:00,0.203,False,False,0.0,0.203
2025-11-29 21:00:00+00:00,0.138,False,False,0.0,0.138
2025-11-29 21:30:00+00:00,0.132,False,False,0.0,0.132
2025-11-29 22:00:00+00:00,0.128,False,False,0.0,0.128
2025-11-29 22:30:00+00:00,0.111,False,False,0.0,0.111
2025-11-29 23:00:00+00:00,0.099,True,False,0.0,0.099
2025-11-29 23:30:00+00:00,0.098,True,False,0.0,0.098
2025-11-30 00:00:00+00:00,0.072,True,False,0.0,0.072
2025-11-30 00:30:00+00:00,0.085,True,False,0.0,0.085
2025-11-30 01:00:00+00:00,0.081,True,False,0.0,0.081
2025-11-30 01:30:00+00:00,0.08,True,False,0.0,0.08
2025-11-30 02:00:00+00:00,0.073,True,False,0.0,0.073
2025-11-30 02:30:00+00:00,0.069,True,False,0.0,0.069
2025-11-30 03:00:00+00:00,0.071,True,False,0.0,0.071
2025-11-30 03:30:00+00:00,0.07,True,False,0.0,0.07
2025-11-30 04:00:00+00:00,0.057,True,False,0.0,0.057
2025-11-30 04:30:00+00:00,0.069,True,False,0.0,0.069
2025-11-30 05:00:00+00:00,0.069,False,False,0.0,0.069
2025-11-30 05:30:00+00:00,0.067,False,False,0.0,0.067
2025-11-30 06:00:00+00:00,0.074,False,False,0.0,0.074
2025-11-30 06:30:00+00:00,0.103,False,False,0.0,0.103
2025-11-30 07:00:00+00:00,0.165,False,False,0.0,0.165
2025-11-30 07:30:00+00:00,0.452,False,False,0.0,0.452
2025-11-30 08:00:00+00:00,0.702,False,False,0.0,0.702
2025-11-30 08:30:00+00:00,0.423,False,False,0.0,0.423
2025-11-30 09:00:00+00:00,0.335,False,False,0.0,0.335
2025-11-30 09:30:00+00:00,0.732,False,False,0.0,0.732
2025-11-30 10:00:00+00:00,0.128,False,False,0.0,0.128
2025-11-30 10:30:00+00:00,0.124,False,False,0.0,0.124
2025-11-30 11:00:00+00:00,0.554,False,False,0.0,0.554
2025-11-30 11:30:00+00:00,1.156,False,False,0.0,1.156
2025-11-30 12:00:00+00:00,0.332,False,False,0.0,0.332
2025-11-30 12:30:00+00:00,0.376,False,False,0.0,0.376
2025-11-30 13:00:00+00:00,0.401,False,False,0.0,0.401
2025-11-30 13:30:00+00:00,0.756,False,False,0.0,0.756
2025-11-30 14:00:00+00:00,0.528,False,False,0.0,0.528
2025-11-30 14:30:00+00:00,0.91,False,False,0.0,0.91
2025-11-30 15:00:00+00:00,0.978,False,False,0.0,0.978
2025-11-30 15:30:00+00:00,1.26,False,False,0.0,1.26
2025-11-30 16:00:00+00:00,1.309,False,False,0.0,1.309
2025-11-30 16:30:00+00:00,0.883,False,False,0.0,0.883
2025-11-30 17:00:00+00:00,0.25,False,False,0.0,0.25
2025-11-30 17:30:00+00:00,0.58,False,False,0.0,0.58
2025-11-30 18:00:00+00:00,0.428,False,False,0.0,0.428
2025-11-30 18:30:00+00:00,0.218,False,False,0.0,0.218
2025-11-30 19:00:00+00:00,0.2,False,False,0.0,0.2
2025-11-30 19:30:00+00:00,0.513,False,False,0.0,0.513
2025-11-30 20:00:00+00:00,0.189,False,False,0.0,0.189
2025-11-30 20:30:00+00:00,0.145,False,False,0.0,0.145
2025-11-30 21:00:00+00:00,0.168,False,False,0.0,0.168
2025-11-30 21:30:00+00:00,0.308,False,False,0.0,0.308
2025-11-30 22:00:00+00:00,0.297,False,False,0.0,0.297
2025-11-30 22:30:00+00:00,0.256,False,False,0.0,0.256
2025-11-30 23:00:00+00:00,0.271,True,False,0.0,0.271
2025-11-30 23:30:00+00:00,0.308,True,False,0.0,0.308
2025-12-01 00:00:00+00:00,0.15,True,False,0.0,0.15
2025-12-01 00:30:00+00:00,0.085,True,False,0.0,0.085
2025-12-01 01:00:00+00:00,0.084,True,False,0.0,0.084
2025-12-01 01:30:00+00:00,0.082,True,False,0.0,0.082
2025-12-01 02:00:00+00:00,0.082,True,False,0.0,0.082
2025-12-01 02:30:00+00:00,0.074,True,False,0.0,0.074
2025-12-01 03:00:00+00:00,0.085,True,False,0.0,0.085
2025-12-01 03:30:00+00:00,0.062,True,False,0.0,0.062
2025-12-01 04:00:00+00:00,0.071,True,False,0.0,0.071
2025-12-01 04:30:00+00:00,0.071,True,False,0.0,0.071
2025-12-01 05:00:00+00:00,0.067,False,False,0.0,0.067
2025-12-01 05:30:00+00:00,0.066,False,False,0.0,0.066
2025-12-01 06:00:00+00:00,0.081,False,False,0.0,0.081
2025-12-01 06:30:00+00:00,0.104,False,False,0.0,0.104
2025-12-01 07:00:00+00:00,0.141,False,False,0.0,0.141
2025-12-01 07:30:00+00:00,0.872,False,False,0.0,0.872
2025-12-01 08:00:00+00:00,0.405,False,False,0.0,0.405
2025-12-01 08:30:00+00:00,0.264,False,False,0.0,0.264
2025-12-01 09:00:00+00:00,0.184,False,False,0.0,0.184
2025-12-01 09:30:00+00:00,0.214,False,False,0.0,0.214
2025-12-01 10:00:00+00:00,0.256,False,False,0.0,0.256
2025-12-01 10:30:00+00:00,0.128,False,False,0.0,0.128
2025-12-01 11:00:00+00:00,0.128,False,False,0.0,0.128
2025-12-01 11:30:00+00:00,0.138,False,False,0.0,0.138
2025-12-01 12:00:00+00:00,0.148,False,False,0.0,0.148
2025-12-01 12:30:00+00:00,0.127,False,False,0.0,0.127
2025-12-01 13:00:00+00:00,0.14,False,False,0.0,0.14
2025-12-01 13:30:00+00:00,0.151,False,False,0.0,0.151
2025-12-01 14:00:00+00:00,0.236,False,False,0.0,0.236
2025-12-01 14:30:00+00:00,0.139,False,False,0.0,0.139
2025-12-01 15:00:00+00:00,0.259,False,False,0.0,0.259
2025-12-01 15:30:00+00:00,0.219,False,False,0.0,0.219
2025-12-01 16:00:00+00:00,0.243,False,False,0.0,0.243
2025-12-01 16:30:00+00:00,0.212,False,False,0.0,0.212
2025-12-01 17:00:00+00:00,0.339,False,False,0.0,0.339
2025-12-01 17:30:00+00:00,0.272,False,False,0.0,0.272
2025-12-01 18:00:00+00:00,1.199,False,False,0.0,1.199
2025-12-01 18:30:00+00:00,0.6,False,False,0.0,0.6
2025-12-01 19:00:00+00:00,0.252,False,False,0.0,0.252
2025-12-01 19:30:00+00:00,0.232,False,False,0.0,0.232
2025-12-01 20:00:00+00:00,0.254,False,False,0.0,0.254
2025-12-01 20:30:00+00:00,0.278,False,False,0.0,0.278
2025-12-01 21:00:00+00:00,0.279,False,False,0.0,0.279
2025-12-01 21:30:00+00:00,0.285,False,False,0.0,0.285
2025-12-01 22:00:00+00:00,0.279,False,False,0.0,0.279
2025-12-01 22:30:00+00:00,0.307,False,False,0.0,0.307
2025-12-01 23:00:00+00:00,0.27,True,False,0.0,0.27
2025-12-01 23:30:00+00:00,0.281,True,False,0.0,0.281
2025-12-02 00:00:00+00:00,0.094,True,False,0.0,0.094
2025-12-02 00:30:00+00:00,0.087,True,False,0.0,0.087
2025-12-02 01:00:00+00:00,0.074,True,False,0.0,0.074
2025-12-02 01:30:00+00:00,0.083,True,False,0.0,0.083
2025-12-02 02:00:00+00:00,0.08,True,False,0.0,0.08
2025-12-02 02:30:00+00:00,0.07,True,False,0.0,0.07
2025-12-02 03:00:00+00:00,0.064,True,False,0.0,0.064
2025-12-02 03:30:00+00:00,0.072,True,False,0.0,0.072
2025-12-02 04:00:00+00:00,0.12,True,False,0.0,0.12
2025-12-02 04:30:00+00:00,0.073,True,False,0.0,0.073
2025-12-02 05:00:00+00:00,0.072,False,False,0.0,0.072
2025-12-02 05:30:00+00:00,0.073,False,False,0.0,0.073
2025-12-02 06:00:00+00:00,0.081,False,False,0.0,0.081
2025-12-02 06:30:00+00:00,0.103,False,False,0.0,0.103
2025-12-02 07:00:00+00:00,1.169,False,False,0.0,1.169
2025-12-02 07:30:00+00:00,1.415,False,False,0.0,1.415
2025-12-02 08:00:00+00:00,0.975,False,False,0.0,0.975
2025-12-02 08:30:00+00:00,0.243,False,False,0.0,0.243
2025-12-02 09:00:00+00:00,1.178,False,False,0.0,1.178
2025-12-02 09:30:00+00:00,0.235,False,False,0.0,0.235
2025-12-02 10:00:00+00:00,0.232,False,False,0.0,0.232
2025-12-02 10:30:00+00:00,0.311,False,False,0.0,0.311
2025-12-02 11:00:00+00:00,0.272,False,False,0.0,0.272
2025-12-02 11:30:00+00:00,0.211,False,False,0.0,0.211
2025-12-02 12:00:00+00:00,0.198,False,False,0.0,0.198
2025-12-02 12:30:00+00:00,0.126,False,False,0.0,0.126
2025-12-02 13:00:00+00:00,0.122,False,False,0.0,0.122
2025-12-02 13:30:00+00:00,0.15,False,False,0.0,0.15
2025-12-02 14:00:00+00:00,0.132,False,False,0.0,0.132
2025-12-02 14:30:00+00:00,0.248,False,False,0.0,0.248
2025-12-02 15:00:00+00:00,0.148,False,False,0.0,0.148
2025-12-02 15:30:00+00:00,0.928,False,False,0.0,0.928
2025-12-02 16:00:00+00:00,1.524,False,False,0.0,1.524
2025-12-02 16:30:00+00:00,1.285,False,False,0.0,1.285
2025-12-02 17:00:00+00:00,0.88,False,False,0.0,0.88
2025-12-02 17:30:00+00:00,2.434,False,False,0.0,2.434
2025-12-02 18:00:00+00:00,0.929,False,False,0.0,0.929
2025-12-02 18:30:00+00:00,0.254,False,False,0.0,0.254
2025-12-02 19:00:00+00:00,0.238,False,False,0.0,0.238
2025-12-02 19:30:00+00:00,0.128,False,False,0.0,0.128
2025-12-02 20:00:00+00:00,0.126,False,False,0.0,0.126
2025-12-02 20:30:00+00:00,0.12,False,False,0.0,0.12
2025-12-02 21:00:00+00:00,0.114,False,False,0.0,0.114
2025-12-02 21:30:00+00:00,0.126,False,False,0.0,0.126
2025-12-02 22:00:00+00:00,0.118,False,False,0.0,0.118
2025-12-02 22:30:00+00:00,0.087,False,False,0.0,0.087
2025-12-02 23:00:00+00:00,0.084,True,False,0.0,0.084
2025-12-02 23:30:00+00:00,0.083,True,False,0.0,0.083
2025-12-03 00:00:00+00:00,0.083,True,False,0.0,0.083
2025-12-03 00:30:00+00:00,0.083,True,False,0.0,0.083
2025-12-03 01:00:00+00:00,0.09,True,False,0.0,0.09
2025-12-03 01:30:00+00:00,0.071,True,False,0.0,0.071
2025-12-03 02:00:00+00:00,0.083,True,False,0.0,0.083
2025-12-03 02:30:00+00:00,0.075,True,False,0.0,0.075
2025-12-03 03:00:00+00:00,0.073,True,False,0.0,0.073
2025-12-03 03:30:00+00:00,0.062,True,False,0.0,0.062
2025-12-03 04:00:00+00:00,0.069,True,False,0.0,0.069
2025-12-03 04:30:00+00:00,0.072,True,False,0.0,0.072
2025-12-03 05:00:00+00:00,0.071,False,False,0.0,0.071
2025-12-03 05:30:00+00:00,0.062,False,False,0.0,0.062
2025-12-03 06:00:00+00:00,0.084,False,False,0.0,0.084
2025-12-03 06:30:00+00:00,0.106,False,False,0.0,0.106
2025-12-03 07:00:00+00:00,0.161,False,False,0.0,0.161
2025-12-03 07:30:00+00:00,0.874,False,False,0.0,0.874
2025-12-03 08:00:00+00:00,0.456,False,False,0.0,0.456
2025-12-03 08:30:00+00:00,0.379,False,False,0.0,0.379
2025-12-03 09:00:00+00:00,0.186,False,False,0.0,0.186
2025-12-03 09:30:00+00:00,0.188,False,False,0.0,0.188
2025-12-03 10:00:00+00:00,0.622,False,False,0.0,0.622
2025-12-03 10:30:00+00:00,0.16,False,False,0.0,0.16
2025-12-03 11:00:00+00:00,0.185,False,False,0.0,0.185
2025-12-03 11:30:00+00:00,0.209,False,False,0.0,0.209
2025-12-03 12:00:00+00:00,0.117,False,False,0.0,0.117
2025-12-03 12:30:00+00:00,0.147,False,False,0.0,0.147
2025-12-03 13:00:00+00:00,0.144,False,False,0.0,0.144
2025-12-03 13:30:00+00:00,0.128,False,False,0.0,0.128
2025-12-03 14:00:00+00:00,0.119,False,False,0.0,0.119
2025-12-03 14:30:00+00:00,0.605,False,False,0.0,0.605
2025-12-03 15:00:00+00:00,0.374,False,False,0.0,0.374
2025-12-03 15:30:00+00:00,0.3,False,False,0.0,0.3
2025-12-03 16:00:00+00:00,1.316,False,False,0.0,1.316
2025-12-03 16:30:00+00:00,0.368,False,False,0.0,0.368
2025-12-03 17:00:00+00:00,0.253,False,False,0.0,0.253
2025-12-03 17:30:00+00:00,0.283,False,False,0.0,0.283
2025-12-03 18:00:00+00:00,0.875,False,False,0.0,0.875
2025-12-03 18:30:00+00:00,0.629,False,False,0.0,0.629
2025-12-03 19:00:00+00:00,0.364,False,False,0.0,0.364
2025-12-03 19:30:00+00:00,0.335,False,False,0.0,0.335
2025-12-03 20:00:00+00:00,0.341,False,False,0.0,0.341
2025-12-03 20:30:00+00:00,0.336,False,False,0.0,0.336
2025-12-03 21:00:00+00:00,0.314,False,False,0.0,0.314
2025-12-03 21:30:00+00:00,0.316,False,False,0.0,0.316
2025-12-03 22:00:00+00:00,0.304,False,False,0.0,0.304
2025-12-03 22:30:00+00:00,0.295,False,False,0.0,0.295
2025-12-03 23:00:00+00:00,3.54,True,True,3.4215,0.11850000000000005
2025-12-03 23:30:00+00:00,3.932,True,True,3.828,0.10400000000000009
2025-12-04 00:00:00+00:00,2.313,True,True,2.218,0.0950000000000002
2025-12-04 00:30:00+00:00,1.95,True,True,1.8599999999999999,0.09000000000000008
2025-12-04 01:00:00+00:00,1.394,True,True,1.3059999999999998,0.08800000000000008
2025-12-04 01:30:00+00:00,2.912,True,True,2.826,0.08599999999999985
2025-12-04 02:00:00+00:00,3.835,True,True,3.75,0.08499999999999996
2025-12-04 02:30:00+00:00,3.826,True,True,3.748,0.07799999999999985
2025-12-04 03:00:00+00:00,3.835,True,True,3.761,0.07399999999999984
2025-12-04 03:30:00+00:00,3.838,True,True,3.763,0.07500000000000018
2025-12-04 04:00:00+00:00,3.888,True,True,3.814,0.07399999999999984
2025-12-04 04:30:00+00:00,3.84,True,True,3.767,0.07299999999999995
2025-12-04 05:00:00+00:00,3.835,False,True,3.762,0.07299999999999995
2025-12-04 05:30:00+00:00,3.827,False,True,3.751,0.07600000000000007
2025-12-04 06:00:00+00:00,3.811,False,True,3.7279999999999998,0.08300000000000018
2025-12-04 06:30:00+00:00,3.829,False,True,3.726,0.1030000000000002
2025-12-04 07:00:00+00:00,0.718,False,False,0.0,0.718
2025-12-04 07:30:00+00:00,0.745,False,False,0.0,0.745
2025-12-04 08:00:00+00:00,0.378,False,False,0.0,0.378
2025-12-04 08:30:00+00:00,0.362,False,False,0.0,0.362
2025-12-04 09:00:00+00:00,0.391,False,False,0.0,0.391
2025-12-04 09:30:00+00:00,1.468,False,False,0.0,1.468
2025-12-04 10:00:00+00:00,0.553,False,False,0.0,0.553
2025-12-04 10:30:00+00:00,0.407,False,False,0.0,0.407
2025-12-04 11:00:00+00:00,1.03,False,False,0.0,1.03
2025-12-04 11:30:00+00:00,0.447,False,False,0.0,0.447
2025-12-04 12:00:00+00:00,0.723,False,False,0.0,0.723
2025-12-04 12:30:00+00:00,0.268,False,False,0.0,0.268
2025-12-04 13:00:00+00:00,0.265,False,False,0.0,0.265
2025-12-04 13:30:00+00:00,0.278,False,False,0.0,0.278
2025-12-04 14:00:00+00:00,0.607,False,False,0.0,0.607
2025-12-04 14:30:00+00:00,0.256,False,False,0.0,0.256
2025-12-04 15:00:00+00:00,0.265,False,False,0.0,0.265
2025-12-04 15:30:00+00:00,0.259,False,False,0.0,0.259
2025-12-04 16:00:00+00:00,0.234,False,False,0.0,0.234
2025-12-04 16:30:00+00:00,0.245,False,False,0.0,0.245
2025-12-04 17:00:00+00:00,0.27,False,False,0.0,0.27
2025-12-04 17:30:00+00:00,0.342,False,False,0.0,0.342
2025-12-04 18:00:00+00:00,0.353,False,False,0.0,0.353
2025-12-04 18:30:00+00:00,0.299,False,False,0.0,0.299
2025-12-04 19:00:00+00:00,0.161,False,False,0.0,0.161
2025-12-04 19:30:00+00:00,0.177,False,False,0.0,0.177
2025-12-04 20:00:00+00:00,0.197,False,False,0.0,0.197
2025-12-04 20:30:00+00:00,0.178,False,False,0.0,0.178
2025-12-04 21:00:00+00:00,0.179,False,False,0.0,0.179
2025-12-04 21:30:00+00:00,0.182,False,False,0.0,0.182
2025-12-04 22:00:00+00:00,0.232,False,False,0.0,0.232
2025-12-04 22:30:00+00:00,0.185,False,False,0.0,0.185
2025-12-04 23:00:00+00:00,0.153,True,False,0.0,0.153
2025-12-04 23:30:00+00:00,0.101,True,False,0.0,0.101
2025-12-05 00:00:00+00:00,0.095,True,False,0.0,0.095
2025-12-05 00:30:00+00:00,0.094,True,False,0.0,0.094
2025-12-05 01:00:00+00:00,0.092,True,False,0.0,0.092
2025-12-05 01:30:00+00:00,0.09,True,False,0.0,0.09
2025-12-05 02:00:00+00:00,0.088,True,False,0.0,0.088
2025-12-05 02:30:00+00:00,0.084,True,False,0.0,0.084
2025-12-05 03:00:00+00:00,0.08,True,False,0.0,0.08
2025-12-05 03:30:00+00:00,0.069,True,False,0.0,0.069
2025-12-05 04:00:00+00:00,0.082,True,False,0.0,0.082
2025-12-05 04:30:00+00:00,0.081,True,False,0.0,0.081
2025-12-05 05:00:00+00:00,0.071,False,False,0.0,0.071
2025-12-05 05:30:00+00:00,0.084,False,False,0.0,0.084
2025-12-05 06:00:00+00:00,0.094,False,False,0.0,0.094
2025-12-05 06:30:00+00:00,0.106,False,False,0.0,0.106
2025-12-05 07:00:00+00:00,0.162,False,False,0.0,0.162
2025-12-05 07:30:00+00:00,0.572,False,False,0.0,0.572
2025-12-05 08:00:00+00:00,0.726,False,False,0.0,0.726
2025-12-05 08:30:00+00:00,0.243,False,False,0.0,0.243
2025-12-05 09:00:00+00:00,0.597,False,False,0.0,0.597
2025-12-05 09:30:00+00:00,0.174,False,False,0.0,0.174
2025-12-05 10:00:00+00:00,0.173,False,False,0.0,0.173
2025-12-05 10:30:00+00:00,0.18,False,False,0.0,0.18
2025-12-05 11:00:00+00:00,0.475,False,False,0.0,0.475
2025-12-05 11:30:00+00:00,0.165,False,False,0.0,0.165
2025-12-05 12:00:00+00:00,0.189,False,False,0.0,0.189
2025-12-05 12:30:00+00:00,0.34,False,False,0.0,0.34
2025-12-05 13:00:00+00:00,0.263,False,False,0.0,0.263
2025-12-05 13:30:00+00:00,0.212,False,False,0.0,0.212
2025-12-05 14:00:00+00:00,0.172,False,False,0.0,0.172
2025-12-05 14:30:00+00:00,0.236,False,False,0.0,0.236
2025-12-05 15:00:00+00:00,0.247,False,False,0.0,0.247
2025-12-05 15:30:00+00:00,0.918,False,False,0.0,0.918
2025-12-05 16:00:00+00:00,0.534,False,False,0.0,0.534
2025-12-05 16:30:00+00:00,1.051,False,False,0.0,1.051
2025-12-05 17:00:00+00:00,1.796,False,False,0.0,1.796
2025-12-05 17:30:00+00:00,2.289,False,False,0.0,2.289
2025-12-05 18:00:00+00:00,0.561,False,False,0.0,0.561
2025-12-05 18:30:00+00:00,0.293,False,False,0.0,0.293
2025-12-05 19:00:00+00:00,0.289,False,False,0.0,0.289
2025-12-05 19:30:00+00:00,0.253,False,False,0.0,0.253
2025-12-05 20:00:00+00:00,0.291,False,False,0.0,0.291
2025-12-05 20:30:00+00:00,0.342,False,False,0.0,0.342
2025-12-05 21:00:00+00:00,0.323,False,False,0.0,0.323
2025-12-05 21:30:00+00:00,0.291,False,False,0.0,0.291
2025-12-05 22:00:00+00:00,0.286,False,False,0.0,0.286
2025-12-05 22:30:00+00:00,0.274,False,False,0.0,0.274
2025-12-05 23:00:00+00:00,0.274,True,False,0.0,0.274
2025-12-05 23:30:00+00:00,0.2,True,False,0.0,0.2
2025-12-06 00:00:00+00:00,0.093,True,False,0.0,0.093
2025-12-06 00:30:00+00:00,0.078,True,False,0.0,0.078
2025-12-06 01:00:00+00:00,0.087,True,False,0.0,0.087
2025-12-06 01:30:00+00:00,0.082,True,False,0.0,0.082
2025-12-06 02:00:00+00:00,0.08,True,False,0.0,0.08
2025-12-06 02:30:00+00:00,0.072,True,False,0.0,0.072
2025-12-06 03:00:00+00:00,0.07,True,False,0.0,0.07
2025-12-06 03:30:00+00:00,0.063,True,False,0.0,0.063
2025-12-06 04:00:00+00:00,0.062,True,False,0.0,0.062
2025-12-06 04:30:00+00:00,0.069,True,False,0.0,0.069
2025-12-06 05:00:00+00:00,0.064,False,False,0.0,0.064
2025-12-06 05:30:00+00:00,0.062,False,False,0.0,0.062
2025-12-06 06:00:00+00:00,0.08,False,False,0.0,0.08
2025-12-06 06:30:00+00:00,0.099,False,False,0.0,0.099
2025-12-06 07:00:00+00:00,0.131,False,False,0.0,0.131
2025-12-06 07:30:00+00:00,0.375,False,False,0.0,0.375
2025-12-06 08:00:00+00:00,0.683,False,False,0.0,0.683
2025-12-06 08:30:00+00:00,1.527,False,False,0.0,1.527
2025-12-06 09:00:00+00:00,0.975,False,False,0.0,0.975
2025-12-06 09:30:00+00:00,0.445,False,False,0.0,0.445
2025-12-06 10:00:00+00:00,0.71,False,False,0.0,0.71
2025-12-06 10:30:00+00:00,0.901,False,False,0.0,0.901
2025-12-06 11:00:00+00:00,0.32,False,False,0.0,0.32
2025-12-06 11:30:00+00:00,0.341,False,False,0.0,0.341
2025-12-06 12:00:00+00:00,1.587,False,False,0.0,1.587
2025-12-06 12:30:00+00:00,4.336,False,True,4.074,0.26200000000000045
2025-12-06 13:00:00+00:00,4.004,False,True,3.7649999999999997,0.23899999999999988
2025-12-06 13:30:00+00:00,1.242,False,False,0.0,1.242
2025-12-06 14:00:00+00:00,1.064,False,False,0.0,1.064
2025-12-06 14:30:00+00:00,0.912,False,False,0.0,0.912
2025-12-06 15:00:00+00:00,0.466,False,False,0.0,0.466
2025-12-06 15:30:00+00:00,0.169,False,False,0.0,0.169
2025-12-06 16:00:00+00:00,0.154,False,False,0.0,0.154
2025-12-06 16:30:00+00:00,0.148,False,False,0.0,0.148
2025-12-06 17:00:00+00:00,0.142,False,False,0.0,0.142
2025-12-06 17:30:00+00:00,0.137,False,False,0.0,0.137
2025-12-06 18:00:00+00:00,0.199,False,False,0.0,0.199
2025-12-06 18:30:00+00:00,0.223,False,False,0.0,0.223
2025-12-06 19:00:00+00:00,0.225,False,False,0.0,0.225
2025-12-06 19:30:00+00:00,0.14,False,False,0.0,0.14
2025-12-06 20:00:00+00:00,0.164,False,False,0.0,0.164
2025-12-06 20:30:00+00:00,0.276,False,False,0.0,0.276
2025-12-06 21:00:00+00:00,0.305,False,False,0.0,0.305
2025-12-06 21:30:00+00:00,0.297,False,False,0.0,0.297
2025-12-06 22:00:00+00:00,0.295,False,False,0.0,0.295
2025-12-06 22:30:00+00:00,0.284,False,False,0.0,0.284
2025-12-06 23:00:00+00:00,0.288,True,False,0.0,0.288
2025-12-06 23:30:00+00:00,0.243,True,False,0.0,0.243
2025-12-07 00:00:00+00:00,0.081,True,False,0.0,0.081
2025-12-07 00:30:00+00:00,0.08,True,False,0.0,0.08
2025-12-07 01:00:00+00:00,0.082,True,False,0.0,0.082
2025-12-07 01:30:00+00:00,0.075,True,False,0.0,0.075
2025-12-07 02:00:00+00:00,0.12,True,False,0.0,0.12
2025-12-07 02:30:00+00:00,0.079,True,False,0.0,0.079
2025-12-07 03:00:00+00:00,0.072,True,False,0.0,0.072
2025-12-07 03:30:00+00:00,0.072,True,False,0.0,0.072
2025-12-07 04:00:00+00:00,0.071,True,False,0.0,0.071
2025-12-07 04:30:00+00:00,0.07,True,False,0.0,0.07
2025-12-07 05:00:00+00:00,0.07,False,False,0.0,0.07
2025-12-07 05:30:00+00:00,0.075,False,False,0.0,0.075
2025-12-07 06:00:00+00:00,0.074,False,False,0.0,0.074
2025-12-07 06:30:00+00:00,0.104,False,False,0.0,0.104
2025-12-07 07:00:00+00:00,0.114,False,False,0.0,0.114
2025-12-07 07:30:00+00:00,0.186,False,False,0.0,0.186
2025-12-07 08:00:00+00:00,0.848,False,False,0.0,0.848
2025-12-07 08:30:00+00:00,0.338,False,False,0.0,0.338
2025-12-07 09:00:00+00:00,0.51,False,False,0.0,0.51
2025-12-07 09:30:00+00:00,0.826,False,False,0.0,0.826
2025-12-07 10:00:00+00:00,0.187,False,False,0.0,0.187
2025-12-07 10:30:00+00:00,0.179,False,False,0.0,0.179
2025-12-07 11:00:00+00:00,0.476,False,False,0.0,0.476
2025-12-07 11:30:00+00:00,0.583,False,False,0.0,0.583
2025-12-07 12:00:00+00:00,0.327,False,False,0.0,0.327
2025-12-07 12:30:00+00:00,0.339,False,False,0.0,0.339
2025-12-07 13:00:00+00:00,0.297,False,False,0.0,0.297
2025-12-07 13:30:00+00:00,0.315,False,False,0.0,0.315
2025-12-07 14:00:00+00:00,0.317,False,False,0.0,0.317
2025-12-07 14:30:00+00:00,0.309,False,False,0.0,0.309
2025-12-07 15:00:00+00:00,0.308,False,False,0.0,0.308
2025-12-07 15:30:00+00:00,0.677,False,False,0.0,0.677
2025-12-07 16:00:00+00:00,0.865,False,False,0.0,0.865
2025-12-07 16:30:00+00:00,0.843,False,False,0.0,0.843
2025-12-07 17:00:00+00:00,0.263,False,False,0.0,0.263
2025-12-07 17:30:00+00:00,1.036,False,False,0.0,1.036
2025-12-07 18:00:00+00:00,1.686,False,False,0.0,1.686
2025-12-07 18:30:00+00:00,1.327,False,False,0.0,1.327
2025-12-07 19:00:00+00:00,0.97,False,False,0.0,0.97
2025-12-07 19:30:00+00:00,0.502,False,False,0.0,0.502
2025-12-07 20:00:00+00:00,0.188,False,False,0.0,0.188
2025-12-07 20:30:00+00:00,0.305,False,False,0.0,0.305
2025-12-07 21:00:00+00:00,0.332,False,False,0.0,0.332
2025-12-07 21:30:00+00:00,0.323,False,False,0.0,0.323
2025-12-07 22:00:00+00:00,0.293,False,False,0.0,0.293
2025-12-07 22:30:00+00:00,0.294,False,False,0.0,0.294
2025-12-07 23:00:00+00:00,0.292,True,False,0.0,0.292
2025-12-07 23:30:00+00:00,0.413,True,False,0.0,0.413
2025-12-08 00:00:00+00:00,3.446,True,True,3.351,0.0950000000000002
2025-12-08 00:30:00+00:00,1.904,True,True,1.8139999999999998,0.09000000000000008
2025-12-08 01:00:00+00:00,0.071,True,False,0.0,0.071
2025-12-08 01:30:00+00:00,0.417,True,False,0.0,0.417
2025-12-08 02:00:00+00:00,3.463,True,True,3.378,0.08499999999999996
2025-12-08 02:30:00+00:00,0.121,True,False,0.0,0.121
2025-12-08 03:00:00+00:00,3.607,True,True,3.5330000000000004,0.07399999999999984
2025-12-08 03:30:00+00:00,3.777,True,True,3.702,0.07500000000000018
2025-12-08 04:00:00+00:00,3.811,True,True,3.737,0.07399999999999984
2025-12-08 04:30:00+00:00,3.794,True,True,3.721,0.07299999999999995
2025-12-08 05:00:00+00:00,0.068,False,False,0.0,0.068
2025-12-08 05:30:00+00:00,0.074,False,False,0.0,0.074
2025-12-08 06:00:00+00:00,0.395,False,False,0.0,0.395
2025-12-08 06:30:00+00:00,0.087,False,False,0.0,0.087
2025-12-08 07:00:00+00:00,0.176,False,False,0.0,0.176
2025-12-08 07:30:00+00:00,0.745,False,False,0.0,0.745
2025-12-08 08:00:00+00:00,0.476,False,False,0.0,0.476
2025-12-08 08:30:00+00:00,0.312,False,False,0.0,0.312
2025-12-08 09:00:00+00:00,0.538,False,False,0.0,0.538
2025-12-08 09:30:00+00:00,0.208,False,False,0.0,0.208
2025-12-08 10:00:00+00:00,0.273,False,False,0.0,0.273
2025-12-08 10:30:00+00:00,0.169,False,False,0.0,0.169
2025-12-08 11:00:00+00:00,0.221,False,False,0.0,0.221
2025-12-08 11:30:00+00:00,0.232,False,False,0.0,0.232
2025-12-08 12:00:00+00:00,0.22,False,False,0.0,0.22
2025-12-08 12:30:00+00:00,0.158,False,False,0.0,0.158
2025-12-08 13:00:00+00:00,0.171,False,False,0.0,0.171
2025-12-08 13:30:00+00:00,0.177,False,False,0.0,0.177
2025-12-08 14:00:00+00:00,0.16,False,False,0.0,0.16
2025-12-08 14:30:00+00:00,0.319,False,False,0.0,0.319
2025-12-08 15:00:00+00:00,0.922,False,False,0.0,0.922
2025-12-08 15:30:00+00:00,1.477,False,False,0.0,1.477
2025-12-08 16:00:00+00:00,1.536,False,False,0.0,1.536
2025-12-08 16:30:00+00:00,0.503,False,False,0.0,0.503
2025-12-08 17:00:00+00:00,0.249,False,False,0.0,0.249
2025-12-08 17:30:00+00:00,0.397,False,False,0.0,0.397
2025-12-08 18:00:00+00:00,0.284,False,False,0.0,0.284
2025-12-08 18:30:00+00:00,0.188,False,False,0.0,0.188
2025-12-08 19:00:00+00:00,0.226,False,False,0.0,0.226
2025-12-08 19:30:00+00:00,0.182,False,False,0.0,0.182
2025-12-08 20:00:00+00:00,0.171,False,False,0.0,0.171
2025-12-08 20:30:00+00:00,0.136,False,False,0.0,0.136
2025-12-08 21:00:00+00:00,0.11,False,False,0.0,0.11
2025-12-08 21:30:00+00:00,0.09,False,False,0.0,0.09
2025-12-08 22:00:00+00:00,0.085,False,False,0.0,0.085
2025-12-08 22:30:00+00:00,0.079,False,False,0.0,0.079
2025-12-08 23:00:00+00:00,0.097,True,False,0.0,0.097
2025-12-08 23:30:00+00:00,0.313,True,False,0.0,0.313
2025-12-09 00:00:00+00:00,0.083,True,False,0.0,0.083
2025-12-09 00:30:00+00:00,0.081,True,False,0.0,0.081
2025-12-09 01:00:00+00:00,1.874,True,True,1.786,0.08800000000000008
2025-12-09 01:30:00+00:00,0.835,True,False,0.0,0.835
2025-12-09 02:00:00+00:00,0.079,True,False,0.0,0.079
2025-12-09 02:30:00+00:00,0.078,True,False,0.0,0.078
2025-12-09 03:00:00+00:00,0.055,True,False,0.0,0.055
2025-12-09 03:30:00+00:00,0.07,True,False,0.0,0.07
2025-12-09 04:00:00+00:00,0.068,True,False,0.0,0.068
2025-12-09 04:30:00+00:00,0.067,True,False,0.0,0.067
2025-12-09 05:00:00+00:00,2.265,False,True,2.192,0.07299999999999995
2025-12-09 05:30:00+00:00,3.794,False,True,3.718,0.07600000000000007
2025-12-09 06:00:00+00:00,3.802,False,True,3.719,0.08300000000000018
2025-12-09 06:30:00+00:00,2.837,False,True,2.734,0.1030000000000002
2025-12-09 07:00:00+00:00,0.216,False,False,0.0,0.216
2025-12-09 07:30:00+00:00,1.077,False,False,0.0,1.077
2025-12-09 08:00:00+00:00,0.298,False,False,0.0,0.298
2025-12-09 08:30:00+00:00,0.283,False,False,0.0,0.283
2025-12-09 09:00:00+00:00,0.338,False,False,0.0,0.338
2025-12-09 09:30:00+00:00,0.391,False,False,0.0,0.391
2025-12-09 10:00:00+00:00,0.341,False,False,0.0,0.341
2025-12-09 10:30:00+00:00,0.297,False,False,0.0,0.297
2025-12-09 11:00:00+00:00,0.3,False,False,0.0,0.3
2025-12-09 11:30:00+00:00,0.359,False,False,0.0,0.359
2025-12-09 12:00:00+00:00,0.34,False,False,0.0,0.34
2025-12-09 12:30:00+00:00,0.833,False,False,0.0,0.833
2025-12-09 13:00:00+00:00,0.303,False,False,0.0,0.303
2025-12-09 13:30:00+00:00,1.211,False,False,0.0,1.211
2025-12-09 14:00:00+00:00,1.333,False,False,0.0,1.333
2025-12-09 14:30:00+00:00,0.494,False,False,0.0,0.494
2025-12-09 15:00:00+00:00,0.324,False,False,0.0,0.324
2025-12-09 15:30:00+00:00,0.296,False,False,0.0,0.296
2025-12-09 16:00:00+00:00,0.255,False,False,0.0,0.255
2025-12-09 16:30:00+00:00,0.449,False,False,0.0,0.449
2025-12-09 17:00:00+00:00,0.305,False,False,0.0,0.305
2025-12-09 17:30:00+00:00,0.435,False,False,0.0,0.435
2025-12-09 18:00:00+00:00,0.292,False,False,0.0,0.292
2025-12-09 18:30:00+00:00,0.269,False,False,0.0,0.269
2025-12-09 19:00:00+00:00,0.178,False,False,0.0,0.178
2025-12-09 19:30:00+00:00,0.282,False,False,0.0,0.282
2025-12-09 20:00:00+00:00,3.849,False,True,3.6310000000000002,0.21799999999999997
2025-12-09 20:30:00+00:00,2.301,False,True,2.091,0.20999999999999996
2025-12-09 21:00:00+00:00,0.11,False,False,0.0,0.11
2025-12-09 21:30:00+00:00,2.288,False,True,2.0999999999999996,0.18800000000000017
2025-12-09 22:00:00+00:00,3.465,False,True,3.2969999999999997,0.16800000000000015
2025-12-09 22:30:00+00:00,0.085,False,False,0.0,0.085
2025-12-09 23:00:00+00:00,2.155,True,True,2.0364999999999998,0.11850000000000005
2025-12-09 23:30:00+00:00,2.962,True,True,2.858,0.10400000000000009
2025-12-10 00:00:00+00:00,1.575,True,True,1.48,0.09499999999999997
2025-12-10 00:30:00+00:00,2.952,True,True,2.862,0.08999999999999986
2025-12-10 01:00:00+00:00,1.901,True,True,1.813,0.08800000000000008
2025-12-10 01:30:00+00:00,2.133,True,True,2.047,0.08599999999999985
2025-12-10 02:00:00+00:00,1.94,True,True,1.855,0.08499999999999996
2025-12-10 02:30:00+00:00,3.768,True,True,3.69,0.07799999999999985
2025-12-10 03:00:00+00:00,2.976,True,True,2.902,0.07399999999999984
2025-12-10 03:30:00+00:00,3.823,True,True,3.7479999999999998,0.07500000000000018
2025-12-10 04:00:00+00:00,3.807,True,True,3.733,0.07399999999999984
2025-12-10 04:30:00+00:00,1.779,True,True,1.706,0.07299999999999995
2025-12-10 05:00:00+00:00,1.938,False,False,0.0,1.938
2025-12-10 05:30:00+00:00,0.073,False,False,0.0,0.073
2025-12-10 06:00:00+00:00,3.766,False,True,3.683,0.08300000000000018
2025-12-10 06:30:00+00:00,0.104,False,False,0.0,0.104
2025-12-10 07:00:00+00:00,4.125,False,True,3.897,0.2280000000000002
2025-12-10 07:30:00+00:00,4.505,False,True,4.011,0.4939999999999998
2025-12-10 08:00:00+00:00,1.159,False,False,0.0,1.159
2025-12-10 08:30:00+00:00,0.23,False,False,0.0,0.23
2025-12-10 09:00:00+00:00,0.104,False,False,0.0,0.104
2025-12-10 09:30:00+00:00,0.101,False,False,0.0,0.101
2025-12-10 10:00:00+00:00,0.4,False,False,0.0,0.4
2025-12-10 10:30:00+00:00,0.095,False,False,0.0,0.095
2025-12-10 11:00:00+00:00,0.109,False,False,0.0,0.109
2025-12-10 11:30:00+00:00,0.082,False,False,0.0,0.082
2025-12-10 12:00:00+00:00,0.088,False,False,0.0,0.088
2025-12-10 12:30:00+00:00,0.088,False,False,0.0,0.088
2025-12-10 13:00:00+00:00,0.081,False,False,0.0,0.081
2025-12-10 13:30:00+00:00,0.079,False,False,0.0,0.079
2025-12-10 14:00:00+00:00,0.087,False,False,0.0,0.087
2025-12-10 14:30:00+00:00,0.087,False,False,0.0,0.087
2025-12-10 15:00:00+00:00,0.074,False,False,0.0,0.074
2025-12-10 15:30:00+00:00,0.097,False,False,0.0,0.097
2025-12-10 16:00:00+00:00,0.316,False,False,0.0,0.316
2025-12-10 16:30:00+00:00,0.204,False,False,0.0,0.204
2025-12-10 17:00:00+00:00,0.263,False,False,0.0,0.263
2025-12-10 17:30:00+00:00,0.203,False,False,0.0,0.203
2025-12-10 18:00:00+00:00,0.182,False,False,0.0,0.182
2025-12-10 18:30:00+00:00,0.174,False,False,0.0,0.174
2025-12-10 19:00:00+00:00,0.14,False,False,0.0,0.14
2025-12-10 19:30:00+00:00,0.13,False,False,0.0,0.13
2025-12-10 20:00:00+00:00,0.124,False,False,0.0,0.124
2025-12-10 20:30:00+00:00,0.098,False,False,0.0,0.098
2025-12-10 21:00:00+00:00,0.101,False,False,0.0,0.101
2025-12-10 21:30:00+00:00,0.084,False,False,0.0,0.084
2025-12-10 22:00:00+00:00,0.08,False,False,0.0,0.08
2025-12-10 22:30:00+00:00,0.085,False,False,0.0,0.085
2025-12-10 23:00:00+00:00,0.079,True,False,0.0,0.079
2025-12-10 23:30:00+00:00,0.081,True,False,0.0,0.081
2025-12-11 00:00:00+00:00,0.084,True,False,0.0,0.084
2025-12-11 00:30:00+00:00,0.074,True,False,0.0,0.074
2025-12-11 01:00:00+00:00,0.076,True,False,0.0,0.076
2025-12-11 01:30:00+00:00,0.081,True,False,0.0,0.081
2025-12-11 02:00:00+00:00,0.074,True,False,0.0,0.074
2025-12-11 02:30:00+00:00,0.069,True,False,0.0,0.069
2025-12-11 03:00:00+00:00,0.071,True,False,0.0,0.071
2025-12-11 03:30:00+00:00,0.062,True,False,0.0,0.062
2025-12-11 04:00:00+00:00,0.067,True,False,0.0,0.067
2025-12-11 04:30:00+00:00,0.07,True,False,0.0,0.07
2025-12-11 05:00:00+00:00,0.058,False,False,0.0,0.058
2025-12-11 05:30:00+00:00,0.074,False,False,0.0,0.074
2025-12-11 06:00:00+00:00,0.081,False,False,0.0,0.081
2025-12-11 06:30:00+00:00,0.093,False,False,0.0,0.093
2025-12-11 07:00:00+00:00,0.148,False,False,0.0,0.148
2025-12-11 07:30:00+00:00,0.539,False,False,0.0,0.539
2025-12-11 08:00:00+00:00,0.611,False,False,0.0,0.611
2025-12-11 08:30:00+00:00,0.462,False,False,0.0,0.462
2025-12-11 09:00:00+00:00,0.289,False,False,0.0,0.289
2025-12-11 09:30:00+00:00,0.737,False,False,0.0,0.737
2025-12-11 10:00:00+00:00,0.286,False,False,0.0,0.286
2025-12-11 10:30:00+00:00,0.372,False,False,0.0,0.372
2025-12-11 11:00:00+00:00,0.319,False,False,0.0,0.319
2025-12-11 11:30:00+00:00,0.272,False,False,0.0,0.272
2025-12-11 12:00:00+00:00,0.783,False,False,0.0,0.783
2025-12-11 12:30:00+00:00,0.245,False,False,0.0,0.245
2025-12-11 13:00:00+00:00,0.241,False,False,0.0,0.241
2025-12-11 13:30:00+00:00,0.381,False,False,0.0,0.381
2025-12-11 14:00:00+00:00,0.574,False,False,0.0,0.574
2025-12-11 14:30:00+00:00,0.223,False,False,0.0,0.223
2025-12-11 15:00:00+00:00,0.228,False,False,0.0,0.228
2025-12-11 15:30:00+00:00,0.284,False,False,0.0,0.284
2025-12-11 16:00:00+00:00,1.663,False,False,0.0,1.663
2025-12-11 16:30:00+00:00,1.58,False,False,0.0,1.58
2025-12-11 17:00:00+00:00,0.81,False,False,0.0,0.81
2025-12-11 17:30:00+00:00,0.251,False,False,0.0,0.251
2025-12-11 18:00:00+00:00,0.281,False,False,0.0,0.281
2025-12-11 18:30:00+00:00,0.226,False,False,0.0,0.226
2025-12-11 19:00:00+00:00,0.923,False,False,0.0,0.923
2025-12-11 19:30:00+00:00,0.447,False,False,0.0,0.447
2025-12-11 20:00:00+00:00,0.219,False,False,0.0,0.219
2025-12-11 20:30:00+00:00,0.116,False,False,0.0,0.116
2025-12-11 21:00:00+00:00,0.101,False,False,0.0,0.101
2025-12-11 21:30:00+00:00,0.097,False,False,0.0,0.097
2025-12-11 22:00:00+00:00,0.094,False,False,0.0,0.094
2025-12-11 22:30:00+00:00,0.105,False,False,0.0,0.105
2025-12-11 23:00:00+00:00,0.129,True,False,0.0,0.129
2025-12-11 23:30:00+00:00,0.085,True,False,0.0,0.085
2025-12-12 00:00:00+00:00,0.086,True,False,0.0,0.086
2025-12-12 00:30:00+00:00,0.083,True,False,0.0,0.083
2025-12-12 01:00:00+00:00,0.082,True,False,0.0,0.082
2025-12-12 01:30:00+00:00,0.082,True,False,0.0,0.082
2025-12-12 02:00:00+00:00,0.091,True,False,0.0,0.091
2025-12-12 02:30:00+00:00,0.076,True,False,0.0,0.076
2025-12-12 03:00:00+00:00,0.068,True,False,0.0,0.068
2025-12-12 03:30:00+00:00,0.072,True,False,0.0,0.072
2025-12-12 04:00:00+00:00,0.072,True,False,0.0,0.072
2025-12-12 04:30:00+00:00,0.07,True,False,0.0,0.07
2025-12-12 05:00:00+00:00,0.059,False,False,0.0,0.059
2025-12-12 05:30:00+00:00,0.075,False,False,0.0,0.075
2025-12-12 06:00:00+00:00,0.081,False,False,0.0,0.081
2025-12-12 06:30:00+00:00,0.102,False,False,0.0,0.102
2025-12-12 07:00:00+00:00,0.13,False,False,0.0,0.13
2025-12-12 07:30:00+00:00,0.851,False,False,0.0,0.851
2025-12-12 08:00:00+00:00,0.41,False,False,0.0,0.41
2025-12-12 08:30:00+00:00,0.354,False,False,0.0,0.354
2025-12-12 09:00:00+00:00,0.638,False,False,0.0,0.638
2025-12-12 09:30:00+00:00,0.195,False,False,0.0,0.195
2025-12-12 10:00:00+00:00,0.249,False,False,0.0,0.249
2025-12-12 10:30:00+00:00,0.169,False,False,0.0,0.169
2025-12-12 11:00:00+00:00,0.544,False,False,0.0,0.544
2025-12-12 11:30:00+00:00,0.293,False,False,0.0,0.293
2025-12-12 12:00:00+00:00,0.282,False,False,0.0,0.282
2025-12-12 12:30:00+00:00,0.261,False,False,0.0,0.261
2025-12-12 13:00:00+00:00,0.169,False,False,0.0,0.169
2025-12-12 13:30:00+00:00,0.166,False,False,0.0,0.166
2025-12-12 14:00:00+00:00,0.167,False,False,0.0,0.167
2025-12-12 14:30:00+00:00,0.162,False,False,0.0,0.162
2025-12-12 15:00:00+00:00,0.232,False,False,0.0,0.232
2025-12-12 15:30:00+00:00,0.251,False,False,0.0,0.251
2025-12-12 16:00:00+00:00,0.293,False,False,0.0,0.293
2025-12-12 16:30:00+00:00,0.374,False,False,0.0,0.374
2025-12-12 17:00:00+00:00,0.521,False,False,0.0,0.521
2025-12-12 17:30:00+00:00,0.793,False,False,0.0,0.793
2025-12-12 18:00:00+00:00,0.196,False,False,0.0,0.196
2025-12-12 18:30:00+00:00,0.206,False,False,0.0,0.206
2025-12-12 19:00:00+00:00,0.171,False,False,0.0,0.171
2025-12-12 19:30:00+00:00,0.172,False,False,0.0,0.172
2025-12-12 20:00:00+00:00,0.168,False,False,0.0,0.168
2025-12-12 20:30:00+00:00,0.155,False,False,0.0,0.155
2025-12-12 21:00:00+00:00,0.295,False,False,0.0,0.295
2025-12-12 21:30:00+00:00,0.317,False,False,0.0,0.317
2025-12-12 22:00:00+00:00,0.29,False,False,0.0,0.29
2025-12-12 22:30:00+00:00,0.294,False,False,0.0,0.294
2025-12-12 23:00:00+00:00,0.295,True,False,0.0,0.295
2025-12-12 23:30:00+00:00,0.292,True,False,0.0,0.292
2025-12-13 00:00:00+00:00,0.262,True,False,0.0,0.262
2025-12-13 00:30:00+00:00,0.112,True,False,0.0,0.112
2025-12-13 01:00:00+00:00,0.102,True,False,0.0,0.102
2025-12-13 01:30:00+00:00,0.084,True,False,0.0,0.084
2025-12-13 02:00:00+00:00,0.083,True,False,0.0,0.083
2025-12-13 02:30:00+00:00,0.079,True,False,0.0,0.079
2025-12-13 03:00:00+00:00,0.071,True,False,0.0,0.071
2025-12-13 03:30:00+00:00,0.072,True,False,0.0,0.072
2025-12-13 04:00:00+00:00,0.082,True,False,0.0,0.082
2025-12-13 04:30:00+00:00,0.062,True,False,0.0,0.062
2025-12-13 05:00:00+00:00,0.07,False,False,0.0,0.07
2025-12-13 05:30:00+00:00,0.073,False,False,0.0,0.073
2025-12-13 06:00:00+00:00,0.079,False,False,0.0,0.079
2025-12-13 06:30:00+00:00,0.092,False,False,0.0,0.092
2025-12-13 07:00:00+00:00,0.138,False,False,0.0,0.138
2025-12-13 07:30:00+00:00,0.616,False,False,0.0,0.616
2025-12-13 08:00:00+00:00,0.64,False,False,0.0,0.64
2025-12-13 08:30:00+00:00,0.491,False,False,0.0,0.491
2025-12-13 09:00:00+00:00,0.246,False,False,0.0,0.246
2025-12-13 09:30:00+00:00,0.865,False,False,0.0,0.865
2025-12-13 10:00:00+00:00,0.645,False,False,0.0,0.645
2025-12-13 10:30:00+00:00,0.346,False,False,0.0,0.346
2025-12-13 11:00:00+00:00,1.076,False,False,0.0,1.076
2025-12-13 11:30:00+00:00,2.216,False,False,0.0,2.216
2025-12-13 12:00:00+00:00,1.46,False,False,0.0,1.46
2025-12-13 12:30:00+00:00,0.246,False,False,0.0,0.246
2025-12-13 13:00:00+00:00,0.193,False,False,0.0,0.193
2025-12-13 13:30:00+00:00,0.312,False,False,0.0,0.312
2025-12-13 14:00:00+00:00,0.487,False,False,0.0,0.487
2025-12-13 14:30:00+00:00,0.282,False,False,0.0,0.282
2025-12-13 15:00:00+00:00,0.344,False,False,0.0,0.344
2025-12-13 15:30:00+00:00,0.336,False,False,0.0,0.336
2025-12-13 16:00:00+00:00,0.282,False,False,0.0,0.282
2025-12-13 16:30:00+00:00,0.324,False,False,0.0,0.324
2025-12-13 17:00:00+00:00,0.287,False,False,0.0,0.287
2025-12-13 17:30:00+00:00,0.26,False,False,0.0,0.26
2025-12-13 18:00:00+00:00,0.216,False,False,0.0,0.216
2025-12-13 18:30:00+00:00,0.238,False,False,0.0,0.238
2025-12-13 19:00:00+00:00,0.181,False,False,0.0,0.181
2025-12-13 19:30:00+00:00,0.22,False,False,0.0,0.22
2025-12-13 20:00:00+00:00,0.174,False,False,0.0,0.174
2025-12-13 20:30:00+00:00,0.18,False,False,0.0,0.18
2025-12-13 21:00:00+00:00,0.167,False,False,0.0,0.167
2025-12-13 21:30:00+00:00,0.163,False,False,0.0,0.163
2025-12-13 22:00:00+00:00,0.147,False,False,0.0,0.147
2025-12-13 22:30:00+00:00,0.125,False,False,0.0,0.125
2025-12-13 23:00:00+00:00,0.139,True,False,0.0,0.139
2025-12-13 23:30:00+00:00,0.107,True,False,0.0,0.107
2025-12-14 00:00:00+00:00,0.094,True,False,0.0,0.094
2025-12-14 00:30:00+00:00,0.089,True,False,0.0,0.089
2025-12-14 01:00:00+00:00,0.085,True,False,0.0,0.085
2025-12-14 01:30:00+00:00,0.07,True,False,0.0,0.07
2025-12-14 02:00:00+00:00,0.082,True,False,0.0,0.082
2025-12-14 02:30:00+00:00,0.074,True,False,0.0,0.074
2025-12-14 03:00:00+00:00,0.066,True,False,0.0,0.066
2025-12-14 03:30:00+00:00,0.062,True,False,0.0,0.062
2025-12-14 04:00:00+00:00,0.071,True,False,0.0,0.071
2025-12-14 04:30:00+00:00,0.069,True,False,0.0,0.069
2025-12-14 05:00:00+00:00,0.056,False,False,0.0,0.056
2025-12-14 05:30:00+00:00,0.073,False,False,0.0,0.073
2025-12-14 06:00:00+00:00,0.079,False,False,0.0,0.079
2025-12-14 06:30:00+00:00,0.09,False,False,0.0,0.09
2025-12-14 07:00:00+00:00,0.415,False,False,0.0,0.415
2025-12-14 07:30:00+00:00,0.726,False,False,0.0,0.726
2025-12-14 08:00:00+00:00,0.327,False,False,0.0,0.327
2025-12-14 08:30:00+00:00,0.274,False,False,0.0,0.274
2025-12-14 09:00:00+00:00,1.145,False,False,0.0,1.145
2025-12-14 09:30:00+00:00,1.23,False,False,0.0,1.23
2025-12-14 10:00:00+00:00,0.196,False,False,0.0,0.196
2025-12-14 10:30:00+00:00,0.158,False,False,0.0,0.158
2025-12-14 11:00:00+00:00,0.152,False,False,0.0,0.152
2025-12-14 11:30:00+00:00,2.525,False,False,0.0,2.525
2025-12-14 12:00:00+00:00,0.242,False,False,0.0,0.242
2025-12-14 12:30:00+00:00,0.345,False,False,0.0,0.345
2025-12-14 13:00:00+00:00,2.444,False,False,0.0,2.444
2025-12-14 13:30:00+00:00,0.905,False,False,0.0,0.905
2025-12-14 14:00:00+00:00,0.346,False,False,0.0,0.346
2025-12-14 14:30:00+00:00,2.777,False,False,0.0,2.777
2025-12-14 15:00:00+00:00,1.067,False,False,0.0,1.067
2025-12-14 15:30:00+00:00,0.115,False,False,0.0,0.115
2025-12-14 16:00:00+00:00,0.132,False,False,0.0,0.132
2025-12-14 16:30:00+00:00,0.143,False,False,0.0,0.143
2025-12-14 17:00:00+00:00,0.141,False,False,0.0,0.141
2025-12-14 17:30:00+00:00,1.018,False,False,0.0,1.018
2025-12-14 18:00:00+00:00,0.347,False,False,0.0,0.347
2025-12-14 18:30:00+00:00,2.007,False,False,0.0,2.007
2025-12-14 19:00:00+00:00,0.158,False,False,0.0,0.158
2025-12-14 19:30:00+00:00,0.16,False,False,0.0,0.16
2025-12-14 20:00:00+00:00,0.264,False,False,0.0,0.264
2025-12-14 20:30:00+00:00,1.311,False,False,0.0,1.311
2025-12-14 21:00:00+00:00,0.312,False,False,0.0,0.312
2025-12-14 21:30:00+00:00,2.884,False,False,0.0,2.884
2025-12-14 22:00:00+00:00,0.255,False,False,0.0,0.255
2025-12-14 22:30:00+00:00,0.255,False,False,0.0,0.255
2025-12-14 23:00:00+00:00,3.531,True,True,3.4125,0.11850000000000005
2025-12-14 23:30:00+00:00,0.273,True,False,0.0,0.273
2025-12-15 00:00:00+00:00,2.043,True,True,1.9480000000000002,0.09499999999999997
2025-12-15 00:30:00+00:00,2.014,True,True,1.9239999999999997,0.09000000000000008
2025-12-15 01:00:00+00:00,1.146,True,True,1.0579999999999998,0.08800000000000008
2025-12-15 01:30:00+00:00,3.785,True,True,3.6990000000000003,0.08599999999999985
2025-12-15 02:00:00+00:00,1.439,True,True,1.354,0.08499999999999996
2025-12-15 02:30:00+00:00,2.228,True,True,2.1500000000000004,0.07799999999999985
2025-12-15 03:00:00+00:00,2.097,True,True,2.023,0.07399999999999984
2025-12-15 03:30:00+00:00,2.95,True,True,2.875,0.07500000000000018
2025-12-15 04:00:00+00:00,3.808,True,True,3.734,0.07399999999999984
2025-12-15 04:30:00+00:00,3.62,True,True,3.547,0.07299999999999995
2025-12-15 05:00:00+00:00,0.06,False,False,0.0,0.06
2025-12-15 05:30:00+00:00,2.25,False,True,2.174,0.07600000000000007
2025-12-15 06:00:00+00:00,3.797,False,True,3.714,0.08300000000000018
2025-12-15 06:30:00+00:00,3.794,False,True,3.691,0.1030000000000002
2025-12-15 07:00:00+00:00,3.447,False,True,3.219,0.2280000000000002
2025-12-15 07:30:00+00:00,4.689,False,True,4.195,0.4939999999999998
2025-12-15 08:00:00+00:00,1.888,False,False,0.0,1.888
2025-12-15 08:30:00+00:00,0.189,False,False,0.0,0.189
2025-12-15 09:00:00+00:00,0.168,False,False,0.0,0.168
2025-12-15 09:30:00+00:00,0.543,False,False,0.0,0.543
2025-12-15 10:00:00+00:00,0.202,False,False,0.0,0.202
2025-12-15 10:30:00+00:00,0.287,False,False,0.0,0.287
2025-12-15 11:00:00+00:00,0.321,False,False,0.0,0.321
2025-12-15 11:30:00+00:00,0.175,False,False,0.0,0.175
2025-12-15 12:00:00+00:00,0.655,False,False,0.0,0.655
2025-12-15 12:30:00+00:00,0.241,False,False,0.0,0.241
2025-12-15 13:00:00+00:00,0.362,False,False,0.0,0.362
2025-12-15 13:30:00+00:00,0.265,False,False,0.0,0.265
2025-12-15 14:00:00+00:00,0.122,False,False,0.0,0.122
2025-12-15 14:30:00+00:00,0.16,False,False,0.0,0.16
2025-12-15 15:00:00+00:00,0.161,False,False,0.0,0.161
2025-12-15 15:30:00+00:00,0.154,False,False,0.0,0.154
2025-12-15 16:00:00+00:00,0.199,False,False,0.0,0.199
2025-12-15 16:30:00+00:00,0.839,False,False,0.0,0.839
2025-12-15 17:00:00+00:00,0.607,False,False,0.0,0.607
2025-12-15 17:30:00+00:00,0.26,False,False,0.0,0.26
2025-12-15 18:00:00+00:00,0.245,False,False,0.0,0.245
2025-12-15 18:30:00+00:00,0.352,False,False,0.0,0.352
2025-12-15 19:00:00+00:00,0.196,False,False,0.0,0.196
2025-12-15 19:30:00+00:00,0.183,False,False,0.0,0.183
2025-12-15 20:00:00+00:00,0.314,False,False,0.0,0.314
2025-12-15 20:30:00+00:00,0.321,False,False,0.0,0.321
2025-12-15 21:00:00+00:00,0.337,False,False,0.0,0.337
2025-12-15 21:30:00+00:00,0.342,False,False,0.0,0.342
2025-12-15 22:00:00+00:00,0.318,False,False,0.0,0.318
2025-12-15 22:30:00+00:00,0.27,False,False,0.0,0.27
2025-12-15 23:00:00+00:00,0.188,True,False,0.0,0.188
2025-12-15 23:30:00+00:00,0.098,True,False,0.0,0.098
2025-12-16 00:00:00+00:00,0.089,True,False,0.0,0.089
2025-12-16 00:30:00+00:00,0.096,True,False,0.0,0.096
2025-12-16 01:00:00+00:00,0.071,True,False,0.0,0.071
2025-12-16 01:30:00+00:00,0.082,True,False,0.0,0.082
2025-12-16 02:00:00+00:00,0.08,True,False,0.0,0.08
2025-12-16 02:30:00+00:00,0.072,True,False,0.0,0.072
2025-12-16 03:00:00+00:00,0.057,True,False,0.0,0.057
2025-12-16 03:30:00+00:00,0.069,True,False,0.0,0.069
2025-12-16 04:00:00+00:00,0.069,True,False,0.0,0.069
2025-12-16 04:30:00+00:00,0.062,True,False,0.0,0.062
2025-12-16 05:00:00+00:00,0.062,False,False,0.0,0.062
2025-12-16 05:30:00+00:00,0.072,False,False,0.0,0.072
2025-12-16 06:00:00+00:00,0.079,False,False,0.0,0.079
2025-12-16 06:30:00+00:00,0.09,False,False,0.0,0.09
2025-12-16 07:00:00+00:00,0.379,False,False,0.0,0.379
2025-12-16 07:30:00+00:00,0.636,False,False,0.0,0.636
2025-12-16 08:00:00+00:00,0.338,False,False,0.0,0.338
2025-12-16 08:30:00+00:00,0.204,False,False,0.0,0.204
2025-12-16 09:00:00+00:00,0.186,False,False,0.0,0.186
2025-12-16 09:30:00+00:00,0.245,False,False,0.0,0.245
2025-12-16 10:00:00+00:00,0.355,False,False,0.0,0.355
2025-12-16 10:30:00+00:00,0.317,False,False,0.0,0.317
2025-12-16 11:00:00+00:00,0.421,False,False,0.0,0.421
2025-12-16 11:30:00+00:00,0.351,False,False,0.0,0.351
2025-12-16 12:00:00+00:00,0.285,False,False,0.0,0.285
2025-12-16 12:30:00+00:00,0.472,False,False,0.0,0.472
2025-12-16 13:00:00+00:00,0.472,False,False,0.0,0.472
2025-12-16 13:30:00+00:00,0.34,False,False,0.0,0.34
2025-12-16 14:00:00+00:00,1.043,False,False,0.0,1.043
2025-12-16 14:30:00+00:00,0.285,False,False,0.0,0.285
2025-12-16 15:00:00+00:00,0.269,False,False,0.0,0.269
2025-12-16 15:30:00+00:00,0.537,False,False,0.0,0.537
2025-12-16 16:00:00+00:00,0.776,False,False,0.0,0.776
2025-12-16 16:30:00+00:00,0.299,False,False,0.0,0.299
2025-12-16 17:00:00+00:00,0.264,False,False,0.0,0.264
2025-12-16 17:30:00+00:00,0.552,False,False,0.0,0.552
2025-12-16 18:00:00+00:00,2.169,False,False,0.0,2.169
2025-12-16 18:30:00+00:00,1.462,False,False,0.0,1.462
2025-12-16 19:00:00+00:00,0.835,False,False,0.0,0.835
2025-12-16 19:30:00+00:00,0.279,False,False,0.0,0.279
2025-12-16 20:00:00+00:00,0.536,False,False,0.0,0.536
2025-12-16 20:30:00+00:00,0.422,False,False,0.0,0.422
2025-12-16 21:00:00+00:00,0.307,False,False,0.0,0.307
2025-12-16 21:30:00+00:00,0.329,False,False,0.0,0.329
2025-12-16 22:00:00+00:00,0.287,False,False,0.0,0.287
2025-12-16 22:30:00+00:00,0.282,False,False,0.0,0.282
2025-12-16 23:00:00+00:00,0.281,True,False,0.0,0.281
2025-12-16 23:30:00+00:00,0.212,True,False,0.0,0.212
2025-12-17 00:00:00+00:00,0.081,True,False,0.0,0.081
2025-12-17 00:30:00+00:00,0.08,True,False,0.0,0.08
2025-12-17 01:00:00+00:00,0.069,True,False,0.0,0.069
2025-12-17 01:30:00+00:00,0.079,True,False,0.0,0.079
2025-12-17 02:00:00+00:00,0.08,True,False,0.0,0.08
2025-12-17 02:30:00+00:00,0.07,True,False,0.0,0.07
2025-12-17 03:00:00+00:00,0.059,True,False,0.0,0.059
2025-12-17 03:30:00+00:00,0.07,True,False,0.0,0.07
2025-12-17 04:00:00+00:00,0.069,True,False,0.0,0.069
2025-12-17 04:30:00+00:00,0.057,True,False,0.0,0.057
2025-12-17 05:00:00+00:00,0.069,False,False,0.0,0.069
2025-12-17 05:30:00+00:00,0.073,False,False,0.0,0.073
2025-12-17 06:00:00+00:00,0.073,False,False,0.0,0.073
2025-12-17 06:30:00+00:00,0.097,False,False,0.0,0.097
2025-12-17 07:00:00+00:00,0.37,False,False,0.0,0.37
2025-12-17 07:30:00+00:00,0.583,False,False,0.0,0.583
2025-12-17 08:00:00+00:00,0.502,False,False,0.0,0.502
2025-12-17 08:30:00+00:00,0.231,False,False,0.0,0.231
2025-12-17 09:00:00+00:00,0.184,False,False,0.0,0.184
2025-12-17 09:30:00+00:00,0.161,False,False,0.0,0.161
2025-12-17 10:00:00+00:00,0.151,False,False,0.0,0.151
2025-12-17 10:30:00+00:00,0.296,False,False,0.0,0.296
2025-12-17 11:00:00+00:00,0.284,False,False,0.0,0.284
2025-12-17 11:30:00+00:00,0.271,False,False,0.0,0.271
2025-12-17 12:00:00+00:00,0.187,False,False,0.0,0.187
2025-12-17 12:30:00+00:00,0.176,False,False,0.0,0.176
2025-12-17 13:00:00+00:00,0.186,False,False,0.0,0.186
2025-12-17 13:30:00+00:00,0.18,False,False,0.0,0.18
2025-12-17 14:00:00+00:00,0.172,False,False,0.0,0.172
2025-12-17 14:30:00+00:00,0.164,False,False,0.0,0.164
2025-12-17 15:00:00+00:00,0.275,False,False,0.0,0.275
2025-12-17 15:30:00+00:00,0.226,False,False,0.0,0.226
2025-12-17 16:00:00+00:00,0.339,False,False,0.0,0.339
2025-12-17 16:30:00+00:00,0.293,False,False,0.0,0.293
2025-12-17 17:00:00+00:00,0.317,False,False,0.0,0.317
2025-12-17 17:30:00+00:00,0.326,False,False,0.0,0.326
2025-12-17 18:00:00+00:00,0.236,False,False,0.0,0.236
2025-12-17 18:30:00+00:00,0.413,False,False,0.0,0.413
2025-12-17 19:00:00+00:00,0.211,False,False,0.0,0.211
2025-12-17 19:30:00+00:00,0.208,False,False,0.0,0.208
2025-12-17 20:00:00+00:00,0.185,False,False,0.0,0.185
2025-12-17 20:30:00+00:00,0.171,False,False,0.0,0.171
2025-12-17 21:00:00+00:00,0.164,False,False,0.0,0.164
2025-12-17 21:30:00+00:00,0.142,False,False,0.0,0.142
2025-12-17 22:00:00+00:00,0.096,False,False,0.0,0.096
2025-12-17 22:30:00+00:00,0.087,False,False,0.0,0.087
2025-12-17 23:00:00+00:00,0.084,True,False,0.0,0.084
2025-12-17 23:30:00+00:00,0.075,True,False,0.0,0.075
2025-12-18 00:00:00+00:00,0.084,True,False,0.0,0.084
2025-12-18 00:30:00+00:00,0.085,True,False,0.0,0.085
2025-12-18 01:00:00+00:00,0.079,True,False,0.0,0.079
2025-12-18 01:30:00+00:00,0.079,True,False,0.0,0.079
2025-12-18 02:00:00+00:00,0.086,True,False,0.0,0.086
2025-12-18 02:30:00+00:00,0.073,True,False,0.0,0.073
2025-12-18 03:00:00+00:00,0.067,True,False,0.0,0.067
2025-12-18 03:30:00+00:00,0.075,True,False,0.0,0.075
2025-12-18 04:00:00+00:00,0.072,True,False,0.0,0.072
2025-12-18 04:30:00+00:00,0.075,True,False,0.0,0.075
2025-12-18 05:00:00+00:00,0.077,False,False,0.0,0.077
2025-12-18 05:30:00+00:00,0.072,False,False,0.0,0.072
2025-12-18 06:00:00+00:00,0.08,False,False,0.0,0.08
2025-12-18 06:30:00+00:00,0.108,False,False,0.0,0.108
2025-12-18 07:00:00+00:00,0.415,False,False,0.0,0.415
2025-12-18 07:30:00+00:00,0.749,False,False,0.0,0.749
2025-12-18 08:00:00+00:00,0.399,False,False,0.0,0.399
2025-12-18 08:30:00+00:00,0.234,False,False,0.0,0.234
2025-12-18 09:00:00+00:00,0.41,False,False,0.0,0.41
2025-12-18 09:30:00+00:00,0.612,False,False,0.0,0.612
2025-12-18 10:00:00+00:00,0.285,False,False,0.0,0.285
2025-12-18 10:30:00+00:00,1.305,False,False,0.0,1.305
2025-12-18 11:00:00+00:00,0.411,False,False,0.0,0.411
2025-12-18 11:30:00+00:00,0.353,False,False,0.0,0.353
2025-12-18 12:00:00+00:00,0.217,False,False,0.0,0.217
2025-12-18 12:30:00+00:00,0.285,False,False,0.0,0.285
2025-12-18 13:00:00+00:00,0.211,False,False,0.0,0.211
2025-12-18 13:30:00+00:00,0.806,False,False,0.0,0.806
2025-12-18 14:00:00+00:00,0.862,False,False,0.0,0.862
2025-12-18 14:30:00+00:00,0.471,False,False,0.0,0.471
2025-12-18 15:00:00+00:00,0.299,False,False,0.0,0.299
2025-12-18 15:30:00+00:00,0.289,False,False,0.0,0.289
2025-12-18 16:00:00+00:00,1.067,False,False,0.0,1.067
2025-12-18 16:30:00+00:00,0.329,False,False,0.0,0.329
2025-12-18 17:00:00+00:00,0.336,False,False,0.0,0.336
2025-12-18 17:30:00+00:00,0.698,False,False,0.0,0.698
2025-12-18 18:00:00+00:00,1.422,False,False,0.0,1.422
2025-12-18 18:30:00+00:00,0.5,False,False,0.0,0.5
2025-12-18 19:00:00+00:00,0.02,False,False,0.0,0.02
2025-12-18 19:30:00+00:00,0.167,False,False,0.0,0.167
2025-12-18 20:00:00+00:00,0.199,False,False,0.0,0.199
2025-12-18 20:30:00+00:00,0.155,False,False,0.0,0.155
2025-12-18 21:00:00+00:00,0.148,False,False,0.0,0.148
2025-12-18 21:30:00+00:00,0.132,False,False,0.0,0.132
2025-12-18 22:00:00+00:00,0.133,False,False,0.0,0.133
2025-12-18 22:30:00+00:00,0.113,False,False,0.0,0.113
2025-12-18 23:00:00+00:00,0.084,True,False,0.0,0.084
2025-12-18 23:30:00+00:00,0.139,True,False,0.0,0.139
2025-12-19 00:00:00+00:00,0.095,True,False,0.0,0.095
2025-12-19 00:30:00+00:00,0.086,True,False,0.0,0.086
2025-12-19 01:00:00+00:00,0.082,True,False,0.0,0.082
2025-12-19 01:30:00+00:00,0.081,True,False,0.0,0.081
2025-12-19 02:00:00+00:00,0.082,True,False,0.0,0.082
2025-12-19 02:30:00+00:00,0.073,True,False,0.0,0.073
2025-12-19 03:00:00+00:00,0.071,True,False,0.0,0.071
2025-12-19 03:30:00+00:00,0.066,True,False,0.0,0.066
2025-12-19 04:00:00+00:00,0.072,True,False,0.0,0.072
2025-12-19 04:30:00+00:00,0.07,True,False,0.0,0.07
2025-12-19 05:00:00+00:00,0.062,False,False,0.0,0.062
2025-12-19 05:30:00+00:00,0.071,False,False,0.0,0.071
2025-12-19 06:00:00+00:00,0.082,False,False,0.0,0.082
2025-12-19 06:30:00+00:00,0.098,False,False,0.0,0.098
2025-12-19 07:00:00+00:00,0.202,False,False,0.0,0.202
2025-12-19 07:30:00+00:00,0.525,False,False,0.0,0.525
2025-12-19 08:00:00+00:00,0.501,False,False,0.0,0.501
2025-12-19 08:30:00+00:00,0.211,False,False,0.0,0.211
2025-12-19 09:00:00+00:00,0.229,False,False,0.0,0.229
2025-12-19 09:30:00+00:00,0.236,False,False,0.0,0.236
2025-12-19 10:00:00+00:00,0.226,False,False,0.0,0.226
2025-12-19 10:30:00+00:00,0.343,False,False,0.0,0.343
2025-12-19 11:00:00+00:00,0.286,False,False,0.0,0.286
2025-12-19 11:30:00+00:00,0.283,False,False,0.0,0.283
2025-12-19 12:00:00+00:00,0.291,False,False,0.0,0.291
2025-12-19 12:30:00+00:00,0.288,False,False,0.0,0.288
2025-12-19 13:00:00+00:00,0.293,False,False,0.0,0.293
2025-12-19 13:30:00+00:00,0.284,False,False,0.0,0.284
2025-12-19 14:00:00+00:00,0.295,False,False,0.0,0.295
2025-12-19 14:30:00+00:00,0.156,False,False,0.0,0.156
2025-12-19 15:00:00+00:00,0.191,False,False,0.0,0.191
2025-12-19 15:30:00+00:00,0.706,False,False,0.0,0.706
2025-12-19 16:00:00+00:00,0.917,False,False,0.0,0.917
2025-12-19 16:30:00+00:00,0.378,False,False,0.0,0.378
2025-12-19 17:00:00+00:00,0.939,False,False,0.0,0.939
2025-12-19 17:30:00+00:00,0.544,False,False,0.0,0.544
2025-12-19 18:00:00+00:00,0.896,False,False,0.0,0.896
2025-12-19 18:30:00+00:00,0.701,False,False,0.0,0.701
2025-12-19 19:00:00+00:00,0.197,False,False,0.0,0.197
2025-12-19 19:30:00+00:00,0.184,False,False,0.0,0.184
2025-12-19 20:00:00+00:00,0.182,False,False,0.0,0.182
2025-12-19 20:30:00+00:00,0.183,False,False,0.0,0.183
2025-12-19 21:00:00+00:00,0.178,False,False,0.0,0.178
2025-12-19 21:30:00+00:00,0.204,False,False,0.0,0.204
2025-12-19 22:00:00+00:00,0.2,False,False,0.0,0.2
2025-12-19 22:30:00+00:00,0.181,False,False,0.0,0.181
2025-12-19 23:00:00+00:00,0.169,True,False,0.0,0.169
2025-12-19 23:30:00+00:00,0.126,True,False,0.0,0.126
2025-12-20 00:00:00+00:00,0.078,True,False,0.0,0.078
2025-12-20 00:30:00+00:00,0.088,True,False,0.0,0.088
2025-12-20 01:00:00+00:00,0.087,True,False,0.0,0.087
2025-12-20 01:30:00+00:00,0.077,True,False,0.0,0.077
2025-12-20 02:00:00+00:00,0.089,True,False,0.0,0.089
2025-12-20 02:30:00+00:00,0.077,True,False,0.0,0.077
2025-12-20 03:00:00+00:00,0.061,True,False,0.0,0.061
2025-12-20 03:30:00+00:00,0.073,True,False,0.0,0.073
2025-12-20 04:00:00+00:00,0.073,True,False,0.0,0.073
2025-12-20 04:30:00+00:00,0.06,True,False,0.0,0.06
2025-12-20 05:00:00+00:00,0.073,False,False,0.0,0.073
2025-12-20 05:30:00+00:00,0.077,False,False,0.0,0.077
2025-12-20 06:00:00+00:00,0.071,False,False,0.0,0.071
2025-12-20 06:30:00+00:00,0.108,False,False,0.0,0.108
2025-12-20 07:00:00+00:00,0.16,False,False,0.0,0.16
2025-12-20 07:30:00+00:00,0.375,False,False,0.0,0.375
2025-12-20 08:00:00+00:00,0.236,False,False,0.0,0.236
2025-12-20 08:30:00+00:00,0.382,False,False,0.0,0.382
2025-12-20 09:00:00+00:00,0.318,False,False,0.0,0.318
2025-12-20 09:30:00+00:00,0.244,False,False,0.0,0.244
2025-12-20 10:00:00+00:00,1.22,False,False,0.0,1.22
2025-12-20 10:30:00+00:00,1.533,False,False,0.0,1.533
2025-12-20 11:00:00+00:00,1.444,False,False,0.0,1.444
2025-12-20 11:30:00+00:00,0.663,False,False,0.0,0.663
2025-12-20 12:00:00+00:00,0.699,False,False,0.0,0.699
2025-12-20 12:30:00+00:00,0.236,False,False,0.0,0.236
2025-12-20 13:00:00+00:00,0.239,False,False,0.0,0.239
2025-12-20 13:30:00+00:00,0.397,False,False,0.0,0.397
2025-12-20 14:00:00+00:00,0.372,False,False,0.0,0.372
2025-12-20 14:30:00+00:00,0.273,False,False,0.0,0.273
2025-12-20 15:00:00+00:00,0.148,False,False,0.0,0.148
2025-12-20 15:30:00+00:00,0.136,False,False,0.0,0.136
2025-12-20 16:00:00+00:00,0.147,False,False,0.0,0.147
2025-12-20 16:30:00+00:00,0.173,False,False,0.0,0.173
2025-12-20 17:00:00+00:00,0.199,False,False,0.0,0.199
2025-12-20 17:30:00+00:00,0.159,False,False,0.0,0.159
2025-12-20 18:00:00+00:00,0.278,False,False,0.0,0.278
2025-12-20 18:30:00+00:00,0.198,False,False,0.0,0.198
2025-12-20 19:00:00+00:00,0.948,False,False,0.0,0.948
2025-12-20 19:30:00+00:00,0.16,False,False,0.0,0.16
2025-12-20 20:00:00+00:00,3.78,False,True,3.562,0.21799999999999997
2025-12-20 20:30:00+00:00,0.14,False,False,0.0,0.14
2025-12-20 21:00:00+00:00,0.133,False,False,0.0,0.133
2025-12-20 21:30:00+00:00,0.127,False,False,0.0,0.127
2025-12-20 22:00:00+00:00,0.116,False,False,0.0,0.116
2025-12-20 22:30:00+00:00,2.684,False,False,0.0,2.684
2025-12-20 23:00:00+00:00,2.801,True,True,2.6825,0.11850000000000005
2025-12-20 23:30:00+00:00,3.567,True,True,3.463,0.10400000000000009
2025-12-21 00:00:00+00:00,0.08,True,False,0.0,0.08
2025-12-21 00:30:00+00:00,0.068,True,False,0.0,0.068
2025-12-21 01:00:00+00:00,0.08,True,False,0.0,0.08
2025-12-21 01:30:00+00:00,0.08,True,False,0.0,0.08
2025-12-21 02:00:00+00:00,0.306,True,False,0.0,0.306
2025-12-21 02:30:00+00:00,0.119,True,False,0.0,0.119
2025-12-21 03:00:00+00:00,3.389,True,True,3.315,0.07399999999999984
2025-12-21 03:30:00+00:00,1.892,True,True,1.817,0.07499999999999996
2025-12-21 04:00:00+00:00,1.917,True,True,1.843,0.07400000000000007
2025-12-21 04:30:00+00:00,3.831,True,True,3.758,0.07299999999999995
2025-12-21 05:00:00+00:00,3.182,False,False,0.0,3.182
2025-12-21 05:30:00+00:00,1.72,False,False,0.0,1.72
2025-12-21 06:00:00+00:00,3.844,False,True,3.7609999999999997,0.08300000000000018
2025-12-21 06:30:00+00:00,3.852,False,True,3.7489999999999997,0.1030000000000002
2025-12-21 07:00:00+00:00,3.957,False,True,3.7289999999999996,0.2280000000000002
2025-12-21 07:30:00+00:00,0.226,False,False,0.0,0.226
2025-12-21 08:00:00+00:00,1.925,False,False,0.0,1.925
2025-12-21 08:30:00+00:00,0.615,False,False,0.0,0.615
2025-12-21 09:00:00+00:00,0.296,False,False,0.0,0.296
2025-12-21 09:30:00+00:00,0.43,False,False,0.0,0.43
2025-12-21 10:00:00+00:00,0.908,False,False,0.0,0.908
2025-12-21 10:30:00+00:00,0.394,False,False,0.0,0.394
2025-12-21 11:00:00+00:00,0.165,False,False,0.0,0.165
2025-12-21 11:30:00+00:00,0.558,False,False,0.0,0.558
2025-12-21 12:00:00+00:00,0.438,False,False,0.0,0.438
2025-12-21 12:30:00+00:00,0.425,False,False,0.0,0.425
2025-12-21 13:00:00+00:00,0.428,False,False,0.0,0.428
2025-12-21 13:30:00+00:00,1.383,False,False,0.0,1.383
2025-12-21 14:00:00+00:00,0.469,False,False,0.0,0.469
2025-12-21 14:30:00+00:00,0.408,False,False,0.0,0.408
2025-12-21 15:00:00+00:00,0.3,False,False,0.0,0.3
2025-12-21 15:30:00+00:00,1.348,False,False,0.0,1.348
2025-12-21 16:00:00+00:00,1.517,False,False,0.0,1.517
2025-12-21 16:30:00+00:00,0.805,False,False,0.0,0.805
2025-12-21 17:00:00+00:00,0.269,False,False,0.0,0.269
2025-12-21 17:30:00+00:00,1.201,False,False,0.0,1.201
2025-12-21 18:00:00+00:00,0.245,False,False,0.0,0.245
2025-12-21 18:30:00+00:00,0.259,False,False,0.0,0.259
2025-12-21 19:00:00+00:00,0.418,False,False,0.0,0.418
2025-12-21 19:30:00+00:00,0.451,False,False,0.0,0.451
2025-12-21 20:00:00+00:00,0.241,False,False,0.0,0.241
2025-12-21 20:30:00+00:00,0.334,False,False,0.0,0.334
2025-12-21 21:00:00+00:00,0.317,False,False,0.0,0.317
2025-12-21 21:30:00+00:00,0.27,False,False,0.0,0.27
2025-12-21 22:00:00+00:00,0.312,False,False,0.0,0.312
2025-12-21 22:30:00+00:00,0.295,False,False,0.0,0.295
2025-12-21 23:00:00+00:00,0.294,True,False,0.0,0.294
2025-12-21 23:30:00+00:00,0.172,True,False,0.0,0.172
2025-12-22 00:00:00+00:00,0.084,True,False,0.0,0.084
2025-12-22 00:30:00+00:00,0.083,True,False,0.0,0.083
2025-12-22 01:00:00+00:00,0.07,True,False,0.0,0.07
2025-12-22 01:30:00+00:00,0.083,True,False,0.0,0.083
2025-12-22 02:00:00+00:00,0.082,True,False,0.0,0.082
2025-12-22 02:30:00+00:00,0.07,True,False,0.0,0.07
2025-12-22 03:00:00+00:00,0.062,True,False,0.0,0.062
2025-12-22 03:30:00+00:00,0.07,True,False,0.0,0.07
2025-12-22 04:00:00+00:00,0.069,True,False,0.0,0.069
2025-12-22 04:30:00+00:00,0.057,True,False,0.0,0.057
2025-12-22 05:00:00+00:00,0.069,False,False,0.0,0.069
2025-12-22 05:30:00+00:00,0.072,False,False,0.0,0.072
2025-12-22 06:00:00+00:00,0.07,False,False,0.0,0.07
2025-12-22 06:30:00+00:00,0.095,False,False,0.0,0.095
2025-12-22 07:00:00+00:00,0.397,False,False,0.0,0.397
2025-12-22 07:30:00+00:00,0.265,False,False,0.0,0.265
2025-12-22 08:00:00+00:00,0.56,False,False,0.0,0.56
2025-12-22 08:30:00+00:00,0.367,False,False,0.0,0.367
2025-12-22 09:00:00+00:00,0.793,False,False,0.0,0.793
2025-12-22 09:30:00+00:00,0.342,False,False,0.0,0.342
2025-12-22 10:00:00+00:00,0.104,False,False,0.0,0.104
2025-12-22 10:30:00+00:00,0.087,False,False,0.0,0.087
2025-12-22 11:00:00+00:00,0.086,False,False,0.0,0.086
2025-12-22 11:30:00+00:00,0.096,False,False,0.0,0.096
2025-12-22 12:00:00+00:00,0.073,False,False,0.0,0.073
2025-12-22 12:30:00+00:00,0.086,False,False,0.0,0.086
2025-12-22 13:00:00+00:00,0.084,False,False,0.0,0.084
2025-12-22 13:30:00+00:00,0.085,False,False,0.0,0.085
2025-12-22 14:00:00+00:00,0.353,False,False,0.0,0.353
2025-12-22 14:30:00+00:00,1.208,False,False,0.0,1.208
2025-12-22 15:00:00+00:00,0.831,False,False,0.0,0.831
2025-12-22 15:30:00+00:00,0.866,False,False,0.0,0.866
2025-12-22 16:00:00+00:00,0.858,False,False,0.0,0.858
2025-12-22 16:30:00+00:00,0.39,False,False,0.0,0.39
2025-12-22 17:00:00+00:00,0.317,False,False,0.0,0.317
2025-12-22 17:30:00+00:00,0.421,False,False,0.0,0.421
2025-12-22 18:00:00+00:00,0.283,False,False,0.0,0.283
2025-12-22 18:30:00+00:00,0.224,False,False,0.0,0.224
2025-12-22 19:00:00+00:00,0.198,False,False,0.0,0.198
2025-12-22 19:30:00+00:00,0.182,False,False,0.0,0.182
2025-12-22 20:00:00+00:00,0.355,False,False,0.0,0.355
2025-12-22 20:30:00+00:00,0.354,False,False,0.0,0.354
2025-12-22 21:00:00+00:00,0.326,False,False,0.0,0.326
2025-12-22 21:30:00+00:00,0.333,False,False,0.0,0.333
2025-12-22 22:00:00+00:00,0.322,False,False,0.0,0.322
2025-12-22 22:30:00+00:00,0.305,False,False,0.0,0.305
2025-12-22 23:00:00+00:00,0.316,True,False,0.0,0.316
2025-12-22 23:30:00+00:00,0.304,True,False,0.0,0.304
2025-12-23 00:00:00+00:00,0.126,True,False,0.0,0.126
2025-12-23 00:30:00+00:00,0.083,True,False,0.0,0.083
2025-12-23 01:00:00+00:00,0.138,True,False,0.0,0.138
2025-12-23 01:30:00+00:00,0.081,True,False,0.0,0.081
2025-12-23 02:00:00+00:00,0.081,True,False,0.0,0.081
2025-12-23 02:30:00+00:00,0.072,True,False,0.0,0.072
2025-12-23 03:00:00+00:00,0.069,True,False,0.0,0.069
2025-12-23 03:30:00+00:00,0.068,True,False,0.0,0.068
2025-12-23 04:00:00+00:00,0.068,True,False,0.0,0.068
2025-12-23 04:30:00+00:00,0.057,True,False,0.0,0.057
2025-12-23 05:00:00+00:00,0.068,False,False,0.0,0.068
2025-12-23 05:30:00+00:00,0.072,False,False,0.0,0.072
2025-12-23 06:00:00+00:00,0.078,False,False,0.0,0.078
2025-12-23 06:30:00+00:00,0.1,False,False,0.0,0.1
2025-12-23 07:00:00+00:00,0.381,False,False,0.0,0.381
2025-12-23 07:30:00+00:00,1.024,False,False,0.0,1.024
2025-12-23 08:00:00+00:00,1.502,False,False,0.0,1.502
2025-12-23 08:30:00+00:00,0.953,False,False,0.0,0.953
2025-12-23 09:00:00+00:00,0.583,False,False,0.0,0.583
2025-12-23 09:30:00+00:00,0.261,False,False,0.0,0.261
2025-12-23 10:00:00+00:00,0.328,False,False,0.0,0.328
2025-12-23 10:30:00+00:00,0.33,False,False,0.0,0.33
2025-12-23 11:00:00+00:00,0.358,False,False,0.0,0.358
2025-12-23 11:30:00+00:00,0.322,False,False,0.0,0.322
2025-12-23 12:00:00+00:00,0.83,False,False,0.0,0.83
2025-12-23 12:30:00+00:00,1.396,False,False,0.0,1.396
2025-12-23 13:00:00+00:00,0.652,False,False,0.0,0.652
2025-12-23 13:30:00+00:00,0.242,False,False,0.0,0.242
2025-12-23 14:00:00+00:00,0.2,False,False,0.0,0.2
2025-12-23 14:30:00+00:00,0.256,False,False,0.0,0.256
2025-12-23 15:00:00+00:00,0.953,False,False,0.0,0.953
2025-12-23 15:30:00+00:00,0.264,False,False,0.0,0.264
2025-12-23 16:00:00+00:00,1.041,False,False,0.0,1.041
2025-12-23 16:30:00+00:00,2.416,False,True,2.048,0.3679999999999999
2025-12-23 17:00:00+00:00,3.867,False,True,3.5435,0.3235000000000001
2025-12-23 17:30:00+00:00,0.329,False,False,0.0,0.329
2025-12-23 18:00:00+00:00,0.28,False,False,0.0,0.28
2025-12-23 18:30:00+00:00,2.032,False,False,0.0,2.032
2025-12-23 19:00:00+00:00,0.223,False,False,0.0,0.223
2025-12-23 19:30:00+00:00,3.452,False,True,3.2235,0.22849999999999993
2025-12-23 20:00:00+00:00,3.671,False,True,3.453,0.21799999999999997
2025-12-23 20:30:00+00:00,0.222,False,False,0.0,0.222
2025-12-23 21:00:00+00:00,0.259,False,False,0.0,0.259
2025-12-23 21:30:00+00:00,0.312,False,False,0.0,0.312
2025-12-23 22:00:00+00:00,0.3,False,False,0.0,0.3
2025-12-23 22:30:00+00:00,0.268,False,False,0.0,0.268
2025-12-23 23:00:00+00:00,0.28,True,False,0.0,0.28
2025-12-23 23:30:00+00:00,3.661,True,True,3.557,0.10400000000000009
2025-12-24 00:00:00+00:00,0.173,True,False,0.0,0.173
2025-12-24 00:30:00+00:00,0.099,True,False,0.0,0.099
2025-12-24 01:00:00+00:00,0.085,True,False,0.0,0.085
2025-12-24 01:30:00+00:00,0.081,True,False,0.0,0.081
2025-12-24 02:00:00+00:00,0.26,True,False,0.0,0.26
2025-12-24 02:30:00+00:00,0.072,True,False,0.0,0.072
2025-12-24 03:00:00+00:00,3.753,True,True,3.6790000000000003,0.07399999999999984
2025-12-24 03:30:00+00:00,3.807,True,True,3.7319999999999998,0.07500000000000018
2025-12-24 04:00:00+00:00,3.811,True,True,3.737,0.07399999999999984
2025-12-24 04:30:00+00:00,3.826,True,True,3.753,0.07299999999999995
2025-12-24 05:00:00+00:00,3.807,False,True,3.734,0.07299999999999995
2025-12-24 05:30:00+00:00,0.392,False,False,0.0,0.392
2025-12-24 06:00:00+00:00,3.809,False,True,3.726,0.08300000000000018
2025-12-24 06:30:00+00:00,1.192,False,False,0.0,1.192
2025-12-24 07:00:00+00:00,0.191,False,False,0.0,0.191
2025-12-24 07:30:00+00:00,0.749,False,False,0.0,0.749
2025-12-24 08:00:00+00:00,0.916,False,False,0.0,0.916
2025-12-24 08:30:00+00:00,0.634,False,False,0.0,0.634
2025-12-24 09:00:00+00:00,0.735,False,False,0.0,0.735
2025-12-24 09:30:00+00:00,0.269,False,False,0.0,0.269
2025-12-24 10:00:00+00:00,0.274,False,False,0.0,0.274
2025-12-24 10:30:00+00:00,0.136,False,False,0.0,0.136
2025-12-24 11:00:00+00:00,0.13,False,False,0.0,0.13
2025-12-24 11:30:00+00:00,0.161,False,False,0.0,0.161
2025-12-24 12:00:00+00:00,0.106,False,False,0.0,0.106
2025-12-24 12:30:00+00:00,0.099,False,False,0.0,0.099
2025-12-24 13:00:00+00:00,0.074,False,False,0.0,0.074
2025-12-24 13:30:00+00:00,0.088,False,False,0.0,0.088
2025-12-24 14:00:00+00:00,0.087,False,False,0.0,0.087
2025-12-24 14:30:00+00:00,0.075,False,False,0.0,0.075
2025-12-24 15:00:00+00:00,0.086,False,False,0.0,0.086
2025-12-24 15:30:00+00:00,0.083,False,False,0.0,0.083
2025-12-24 16:00:00+00:00,0.589,False,False,0.0,0.589
2025-12-24 16:30:00+00:00,1.518,False,False,0.0,1.518
2025-12-24 17:00:00+00:00,1.137,False,False,0.0,1.137
2025-12-24 17:30:00+00:00,0.337,False,False,0.0,0.337
2025-12-24 18:00:00+00:00,0.203,False,False,0.0,0.203
2025-12-24 18:30:00+00:00,0.187,False,False,0.0,0.187
2025-12-24 19:00:00+00:00,0.18,False,False,0.0,0.18
2025-12-24 19:30:00+00:00,0.173,False,False,0.0,0.173
2025-12-24 20:00:00+00:00,0.18,False,False,0.0,0.18
2025-12-24 20:30:00+00:00,0.19,False,False,0.0,0.19
2025-12-24 21:00:00+00:00,0.18,False,False,0.0,0.18
2025-12-24 21:30:00+00:00,0.142,False,False,0.0,0.142
2025-12-24 22:00:00+00:00,0.116,False,False,0.0,0.116
2025-12-24 22:30:00+00:00,0.089,False,False,0.0,0.089
2025-12-24 23:00:00+00:00,0.079,True,False,0.0,0.079
2025-12-24 23:30:00+00:00,0.078,True,False,0.0,0.078
2025-12-25 00:00:00+00:00,0.081,True,False,0.0,0.081
2025-12-25 00:30:00+00:00,0.077,True,False,0.0,0.077
2025-12-25 01:00:00+00:00,0.069,True,False,0.0,0.069
2025-12-25 01:30:00+00:00,0.079,True,False,0.0,0.079
2025-12-25 02:00:00+00:00,0.078,True,False,0.0,0.078
2025-12-25 02:30:00+00:00,0.059,True,False,0.0,0.059
2025-12-25 03:00:00+00:00,0.069,True,False,0.0,0.069
2025-12-25 03:30:00+00:00,0.103,True,False,0.0,0.103
2025-12-25 04:00:00+00:00,0.088,True,False,0.0,0.088
2025-12-25 04:30:00+00:00,0.071,True,False,0.0,0.071
2025-12-25 05:00:00+00:00,0.071,False,False,0.0,0.071
2025-12-25 05:30:00+00:00,0.072,False,False,0.0,0.072
2025-12-25 06:00:00+00:00,0.08,False,False,0.0,0.08
2025-12-25 06:30:00+00:00,0.108,False,False,0.0,0.108
2025-12-25 07:00:00+00:00,0.177,False,False,0.0,0.177
2025-12-25 07:30:00+00:00,0.197,False,False,0.0,0.197
2025-12-25 08:00:00+00:00,0.431,False,False,0.0,0.431
2025-12-25 08:30:00+00:00,0.907,False,False,0.0,0.907
2025-12-25 09:00:00+00:00,0.459,False,False,0.0,0.459
2025-12-25 09:30:00+00:00,0.398,False,False,0.0,0.398
2025-12-25 10:00:00+00:00,0.645,False,False,0.0,0.645
2025-12-25 10:30:00+00:00,0.343,False,False,0.0,0.343
2025-12-25 11:00:00+00:00,0.335,False,False,0.0,0.335
2025-12-25 11:30:00+00:00,0.766,False,False,0.0,0.766
2025-12-25 12:00:00+00:00,0.672,False,False,0.0,0.672
2025-12-25 12:30:00+00:00,1.316,False,False,0.0,1.316
2025-12-25 13:00:00+00:00,1.746,False,False,0.0,1.746
2025-12-25 13:30:00+00:00,1.122,False,False,0.0,1.122
2025-12-25 14:00:00+00:00,0.227,False,False,0.0,0.227
2025-12-25 14:30:00+00:00,0.497,False,False,0.0,0.497
2025-12-25 15:00:00+00:00,0.199,False,False,0.0,0.199
2025-12-25 15:30:00+00:00,0.219,False,False,0.0,0.219
2025-12-25 16:00:00+00:00,0.659,False,False,0.0,0.659
2025-12-25 16:30:00+00:00,0.444,False,False,0.0,0.444
2025-12-25 17:00:00+00:00,0.891,False,False,0.0,0.891
2025-12-25 17:30:00+00:00,0.873,False,False,0.0,0.873
2025-12-25 18:00:00+00:00,0.684,False,False,0.0,0.684
2025-12-25 18:30:00+00:00,0.233,False,False,0.0,0.233
2025-12-25 19:00:00+00:00,0.194,False,False,0.0,0.194
2025-12-25 19:30:00+00:00,0.219,False,False,0.0,0.219
2025-12-25 20:00:00+00:00,0.169,False,False,0.0,0.169
2025-12-25 20:30:00+00:00,0.195,False,False,0.0,0.195
2025-12-25 21:00:00+00:00,0.172,False,False,0.0,0.172
2025-12-25 21:30:00+00:00,0.222,False,False,0.0,0.222
2025-12-25 22:00:00+00:00,0.144,False,False,0.0,0.144
2025-12-25 22:30:00+00:00,0.09,False,False,0.0,0.09
2025-12-25 23:00:00+00:00,0.083,True,False,0.0,0.083
2025-12-25 23:30:00+00:00,0.082,True,False,0.0,0.082
2025-12-26 00:00:00+00:00,0.083,True,False,0.0,0.083
2025-12-26 00:30:00+00:00,0.08,True,False,0.0,0.08
2025-12-26 01:00:00+00:00,0.095,True,False,0.0,0.095
2025-12-26 01:30:00+00:00,0.066,True,False,0.0,0.066
2025-12-26 02:00:00+00:00,0.08,True,False,0.0,0.08
2025-12-26 02:30:00+00:00,0.071,True,False,0.0,0.071
2025-12-26 03:00:00+00:00,0.063,True,False,0.0,0.063
2025-12-26 03:30:00+00:00,0.061,True,False,0.0,0.061
2025-12-26 04:00:00+00:00,0.071,True,False,0.0,0.071
2025-12-26 04:30:00+00:00,0.068,True,False,0.0,0.068
2025-12-26 05:00:00+00:00,0.057,False,False,0.0,0.057
2025-12-26 05:30:00+00:00,0.074,False,False,0.0,0.074
2025-12-26 06:00:00+00:00,0.081,False,False,0.0,0.081
2025-12-26 06:30:00+00:00,0.088,False,False,0.0,0.088
2025-12-26 07:00:00+00:00,0.189,False,False,0.0,0.189
2025-12-26 07:30:00+00:00,0.179,False,False,0.0,0.179
2025-12-26 08:00:00+00:00,0.927,False,False,0.0,0.927
2025-12-26 08:30:00+00:00,0.775,False,False,0.0,0.775
2025-12-26 09:00:00+00:00,0.636,False,False,0.0,0.636
2025-12-26 09:30:00+00:00,0.604,False,False,0.0,0.604
2025-12-26 10:00:00+00:00,0.543,False,False,0.0,0.543
2025-12-26 10:30:00+00:00,0.403,False,False,0.0,0.403
2025-12-26 11:00:00+00:00,0.325,False,False,0.0,0.325
2025-12-26 11:30:00+00:00,0.329,False,False,0.0,0.329
2025-12-26 12:00:00+00:00,1.529,False,False,0.0,1.529
2025-12-26 12:30:00+00:00,1.586,False,False,0.0,1.586
2025-12-26 13:00:00+00:00,0.217,False,False,0.0,0.217
2025-12-26 13:30:00+00:00,0.254,False,False,0.0,0.254
2025-12-26 14:00:00+00:00,0.729,False,False,0.0,0.729
2025-12-26 14:30:00+00:00,0.257,False,False,0.0,0.257
2025-12-26 15:00:00+00:00,0.33,False,False,0.0,0.33
2025-12-26 15:30:00+00:00,0.426,False,False,0.0,0.426
2025-12-26 16:00:00+00:00,0.566,False,False,0.0,0.566
2025-12-26 16:30:00+00:00,0.278,False,False,0.0,0.278
2025-12-26 17:00:00+00:00,0.228,False,False,0.0,0.228
2025-12-26 17:30:00+00:00,0.236,False,False,0.0,0.236
2025-12-26 18:00:00+00:00,0.206,False,False,0.0,0.206
2025-12-26 18:30:00+00:00,0.201,False,False,0.0,0.201
2025-12-26 19:00:00+00:00,0.201,False,False,0.0,0.201
2025-12-26 19:30:00+00:00,0.18,False,False,0.0,0.18
2025-12-26 20:00:00+00:00,0.186,False,False,0.0,0.186
2025-12-26 20:30:00+00:00,0.184,False,False,0.0,0.184
2025-12-26 21:00:00+00:00,0.178,False,False,0.0,0.178
2025-12-26 21:30:00+00:00,0.279,False,False,0.0,0.279
2025-12-26 22:00:00+00:00,0.31,False,False,0.0,0.31
2025-12-26 22:30:00+00:00,0.269,False,False,0.0,0.269
2025-12-26 23:00:00+00:00,0.267,True,False,0.0,0.267
2025-12-26 23:30:00+00:00,0.284,True,False,0.0,0.284
2025-12-27 00:00:00+00:00,0.122,True,False,0.0,0.122
2025-12-27 00:30:00+00:00,0.079,True,False,0.0,0.079
2025-12-27 01:00:00+00:00,0.085,True,False,0.0,0.085
2025-12-27 01:30:00+00:00,0.082,True,False,0.0,0.082
2025-12-27 02:00:00+00:00,0.067,True,False,0.0,0.067
2025-12-27 02:30:00+00:00,0.088,True,False,0.0,0.088
2025-12-27 03:00:00+00:00,0.102,True,False,0.0,0.102
2025-12-27 03:30:00+00:00,0.072,True,False,0.0,0.072
2025-12-27 04:00:00+00:00,0.069,True,False,0.0,0.069
2025-12-27 04:30:00+00:00,0.068,True,False,0.0,0.068
2025-12-27 05:00:00+00:00,0.069,False,False,0.0,0.069
2025-12-27 05:30:00+00:00,0.073,False,False,0.0,0.073
2025-12-27 06:00:00+00:00,0.087,False,False,0.0,0.087
2025-12-27 06:30:00+00:00,0.087,False,False,0.0,0.087
2025-12-27 07:00:00+00:00,0.149,False,False,0.0,0.149
2025-12-27 07:30:00+00:00,0.476,False,False,0.0,0.476
2025-12-27 08:00:00+00:00,1.262,False,False,0.0,1.262
2025-12-27 08:30:00+00:00,1.482,False,False,0.0,1.482
2025-12-27 09:00:00+00:00,0.285,False,False,0.0,0.285
2025-12-27 09:30:00+00:00,0.443,False,False,0.0,0.443
2025-12-27 10:00:00+00:00,0.797,False,False,0.0,0.797
2025-12-27 10:30:00+00:00,0.946,False,False,0.0,0.946
2025-12-27 11:00:00+00:00,1.131,False,False,0.0,1.131
2025-12-27 11:30:00+00:00,0.619,False,False,0.0,0.619
2025-12-27 12:00:00+00:00,0.525,False,False,0.0,0.525
2025-12-27 12:30:00+00:00,0.418,False,False,0.0,0.418
2025-12-27 13:00:00+00:00,0.368,False,False,0.0,0.368
2025-12-27 13:30:00+00:00,0.278,False,False,0.0,0.278
2025-12-27 14:00:00+00:00,0.195,False,False,0.0,0.195
2025-12-27 14:30:00+00:00,0.222,False,False,0.0,0.222
2025-12-27 15:00:00+00:00,0.198,False,False,0.0,0.198
2025-12-27 15:30:00+00:00,0.278,False,False,0.0,0.278
2025-12-27 16:00:00+00:00,0.457,False,False,0.0,0.457
2025-12-27 16:30:00+00:00,1.374,False,False,0.0,1.374
2025-12-27 17:00:00+00:00,0.756,False,False,0.0,0.756
2025-12-27 17:30:00+00:00,0.335,False,False,0.0,0.335
2025-12-27 18:00:00+00:00,0.233,False,False,0.0,0.233
2025-12-27 18:30:00+00:00,0.211,False,False,0.0,0.211
2025-12-27 19:00:00+00:00,0.183,False,False,0.0,0.183
2025-12-27 19:30:00+00:00,0.166,False,False,0.0,0.166
2025-12-27 20:00:00+00:00,0.167,False,False,0.0,0.167
2025-12-27 20:30:00+00:00,0.173,False,False,0.0,0.173
2025-12-27 21:00:00+00:00,0.186,False,False,0.0,0.186
2025-12-27 21:30:00+00:00,0.335,False,False,0.0,0.335
2025-12-27 22:00:00+00:00,0.337,False,False,0.0,0.337
2025-12-27 22:30:00+00:00,0.296,False,False,0.0,0.296
2025-12-27 23:00:00+00:00,0.298,True,False,0.0,0.298
2025-12-27 23:30:00+00:00,0.227,True,False,0.0,0.227
2025-12-28 00:00:00+00:00,0.087,True,False,0.0,0.087
2025-12-28 00:30:00+00:00,0.088,True,False,0.0,0.088
2025-12-28 01:00:00+00:00,0.083,True,False,0.0,0.083
2025-12-28 01:30:00+00:00,0.078,True,False,0.0,0.078
2025-12-28 02:00:00+00:00,0.069,True,False,0.0,0.069
2025-12-28 02:30:00+00:00,0.073,True,False,0.0,0.073
2025-12-28 03:00:00+00:00,0.068,True,False,0.0,0.068
2025-12-28 03:30:00+00:00,0.059,True,False,0.0,0.059
2025-12-28 04:00:00+00:00,0.066,True,False,0.0,0.066
2025-12-28 04:30:00+00:00,0.069,True,False,0.0,0.069
2025-12-28 05:00:00+00:00,0.064,False,False,0.0,0.064
2025-12-28 05:30:00+00:00,0.064,False,False,0.0,0.064
2025-12-28 06:00:00+00:00,0.079,False,False,0.0,0.079
2025-12-28 06:30:00+00:00,0.099,False,False,0.0,0.099
2025-12-28 07:00:00+00:00,0.272,False,False,0.0,0.272
2025-12-28 07:30:00+00:00,0.396,False,False,0.0,0.396
2025-12-28 08:00:00+00:00,0.769,False,False,0.0,0.769
2025-12-28 08:30:00+00:00,0.597,False,False,0.0,0.597
2025-12-28 09:00:00+00:00,0.246,False,False,0.0,0.246
2025-12-28 09:30:00+00:00,0.474,False,False,0.0,0.474
2025-12-28 10:00:00+00:00,0.536,False,False,0.0,0.536
2025-12-28 10:30:00+00:00,0.188,False,False,0.0,0.188
2025-12-28 11:00:00+00:00,0.175,False,False,0.0,0.175
2025-12-28 11:30:00+00:00,0.439,False,False,0.0,0.439
2025-12-28 12:00:00+00:00,0.164,False,False,0.0,0.164
2025-12-28 12:30:00+00:00,0.118,False,False,0.0,0.118
2025-12-28 13:00:00+00:00,0.243,False,False,0.0,0.243
2025-12-28 13:30:00+00:00,0.249,False,False,0.0,0.249
2025-12-28 14:00:00+00:00,0.214,False,False,0.0,0.214
2025-12-28 14:30:00+00:00,0.257,False,False,0.0,0.257
2025-12-28 15:00:00+00:00,0.898,False,False,0.0,0.898
2025-12-28 15:30:00+00:00,2.372,False,True,2.073,0.29899999999999993
2025-12-28 16:00:00+00:00,4.449,False,True,3.964,0.4849999999999999
2025-12-28 16:30:00+00:00,0.343,False,False,0.0,0.343
2025-12-28 17:00:00+00:00,0.997,False,False,0.0,0.997
2025-12-28 17:30:00+00:00,0.817,False,False,0.0,0.817
2025-12-28 18:00:00+00:00,0.694,False,False,0.0,0.694
2025-12-28 18:30:00+00:00,0.326,False,False,0.0,0.326
2025-12-28 19:00:00+00:00,3.798,False,True,3.555,0.24299999999999988
2025-12-28 19:30:00+00:00,0.378,False,False,0.0,0.378
2025-12-28 20:00:00+00:00,0.354,False,False,0.0,0.354
2025-12-28 20:30:00+00:00,0.73,False,False,0.0,0.73
2025-12-28 21:00:00+00:00,1.38,False,False,0.0,1.38
2025-12-28 21:30:00+00:00,0.71,False,False,0.0,0.71
2025-12-28 22:00:00+00:00,0.294,False,False,0.0,0.294
2025-12-28 22:30:00+00:00,0.269,False,False,0.0,0.269
2025-12-28 23:00:00+00:00,0.264,True,False,0.0,0.264
2025-12-28 23:30:00+00:00,0.198,True,False,0.0,0.198
2025-12-29 00:00:00+00:00,3.444,True,True,3.3489999999999998,0.0950000000000002
2025-12-29 00:30:00+00:00,1.945,True,True,1.855,0.09000000000000008
2025-12-29 01:00:00+00:00,0.089,True,False,0.0,0.089
2025-12-29 01:30:00+00:00,3.717,True,True,3.6310000000000002,0.08599999999999985
2025-12-29 02:00:00+00:00,3.819,True,True,3.734,0.08499999999999996
2025-12-29 02:30:00+00:00,3.816,True,True,3.738,0.07799999999999985
2025-12-29 03:00:00+00:00,3.812,True,True,3.738,0.07399999999999984
2025-12-29 03:30:00+00:00,0.065,True,False,0.0,0.065
2025-12-29 04:00:00+00:00,3.752,True,True,3.678,0.07399999999999984
2025-12-29 04:30:00+00:00,3.828,True,True,3.755,0.07299999999999995
2025-12-29 05:00:00+00:00,0.069,False,False,0.0,0.069
2025-12-29 05:30:00+00:00,0.391,False,False,0.0,0.391
2025-12-29 06:00:00+00:00,0.423,False,False,0.0,0.423
2025-12-29 06:30:00+00:00,0.103,False,False,0.0,0.103
2025-12-29 07:00:00+00:00,0.491,False,False,0.0,0.491
2025-12-29 07:30:00+00:00,0.297,False,False,0.0,0.297
2025-12-29 08:00:00+00:00,1.016,False,False,0.0,1.016
2025-12-29 08:30:00+00:00,0.287,False,False,0.0,0.287
2025-12-29 09:00:00+00:00,1.03,False,False,0.0,1.03
2025-12-29 09:30:00+00:00,0.674,False,False,0.0,0.674
2025-12-29 10:00:00+00:00,0.304,False,False,0.0,0.304
2025-12-29 10:30:00+00:00,0.352,False,False,0.0,0.352
2025-12-29 11:00:00+00:00,0.3,False,False,0.0,0.3
2025-12-29 11:30:00+00:00,0.397,False,False,0.0,0.397
2025-12-29 12:00:00+00:00,0.706,False,False,0.0,0.706
2025-12-29 12:30:00+00:00,0.406,False,False,0.0,0.406
2025-12-29 13:00:00+00:00,0.148,False,False,0.0,0.148
2025-12-29 13:30:00+00:00,0.329,False,False,0.0,0.329
2025-12-29 14:00:00+00:00,0.433,False,False,0.0,0.433
2025-12-29 14:30:00+00:00,0.126,False,False,0.0,0.126
2025-12-29 15:00:00+00:00,0.122,False,False,0.0,0.122
2025-12-29 15:30:00+00:00,0.127,False,False,0.0,0.127
2025-12-29 16:00:00+00:00,0.155,False,False,0.0,0.155
2025-12-29 16:30:00+00:00,0.16,False,False,0.0,0.16
2025-12-29 17:00:00+00:00,0.221,False,False,0.0,0.221
2025-12-29 17:30:00+00:00,0.301,False,False,0.0,0.301
2025-12-29 18:00:00+00:00,0.318,False,False,0.0,0.318
2025-12-29 18:30:00+00:00,0.34,False,False,0.0,0.34
2025-12-29 19:00:00+00:00,0.289,False,False,0.0,0.289
2025-12-29 19:30:00+00:00,0.202,False,False,0.0,0.202
2025-12-29 20:00:00+00:00,0.181,False,False,0.0,0.181
2025-12-29 20:30:00+00:00,0.157,False,False,0.0,0.157
2025-12-29 21:00:00+00:00,0.157,False,False,0.0,0.157
2025-12-29 21:30:00+00:00,0.148,False,False,0.0,0.148
2025-12-29 22:00:00+00:00,0.109,False,False,0.0,0.109
2025-12-29 22:30:00+00:00,0.08,False,False,0.0,0.08
2025-12-29 23:00:00+00:00,0.086,True,False,0.0,0.086
2025-12-29 23:30:00+00:00,0.067,True,False,0.0,0.067
2025-12-30 00:00:00+00:00,0.08,True,False,0.0,0.08
2025-12-30 00:30:00+00:00,0.078,True,False,0.0,0.078
2025-12-30 01:00:00+00:00,0.078,True,False,0.0,0.078
2025-12-30 01:30:00+00:00,0.066,True,False,0.0,0.066
2025-12-30 02:00:00+00:00,0.079,True,False,0.0,0.079
2025-12-30 02:30:00+00:00,0.071,True,False,0.0,0.071
2025-12-30 03:00:00+00:00,0.057,True,False,0.0,0.057
2025-12-30 03:30:00+00:00,0.069,True,False,0.0,0.069
2025-12-30 04:00:00+00:00,0.068,True,False,0.0,0.068
2025-12-30 04:30:00+00:00,0.059,True,False,0.0,0.059
2025-12-30 05:00:00+00:00,0.065,False,False,0.0,0.065
2025-12-30 05:30:00+00:00,0.072,False,False,0.0,0.072
2025-12-30 06:00:00+00:00,0.069,False,False,0.0,0.069
2025-12-30 06:30:00+00:00,0.098,False,False,0.0,0.098
2025-12-30 07:00:00+00:00,0.111,False,False,0.0,0.111
2025-12-30 07:30:00+00:00,0.118,False,False,0.0,0.118
2025-12-30 08:00:00+00:00,0.446,False,False,0.0,0.446
2025-12-30 08:30:00+00:00,0.233,False,False,0.0,0.233
2025-12-30 09:00:00+00:00,0.61,False,False,0.0,0.61
2025-12-30 09:30:00+00:00,0.627,False,False,0.0,0.627
2025-12-30 10:00:00+00:00,0.347,False,False,0.0,0.347
2025-12-30 10:30:00+00:00,0.834,False,False,0.0,0.834
2025-12-30 11:00:00+00:00,0.409,False,False,0.0,0.409
2025-12-30 11:30:00+00:00,0.289,False,False,0.0,0.289
2025-12-30 12:00:00+00:00,1.351,False,False,0.0,1.351
2025-12-30 12:30:00+00:00,1.394,False,False,0.0,1.394
2025-12-30 13:00:00+00:00,0.411,False,False,0.0,0.411
2025-12-30 13:30:00+00:00,0.285,False,False,0.0,0.285
2025-12-30 14:00:00+00:00,0.4,False,False,0.0,0.4
2025-12-30 14:30:00+00:00,0.403,False,False,0.0,0.403
2025-12-30 15:00:00+00:00,0.269,False,False,0.0,0.269
2025-12-30 15:30:00+00:00,0.223,False,False,0.0,0.223
2025-12-30 16:00:00+00:00,0.218,False,False,0.0,0.218
2025-12-30 16:30:00+00:00,0.313,False,False,0.0,0.313
2025-12-30 17:00:00+00:00,0.357,False,False,0.0,0.357
2025-12-30 17:30:00+00:00,0.338,False,False,0.0,0.338
2025-12-30 18:00:00+00:00,0.233,False,False,0.0,0.233
2025-12-30 18:30:00+00:00,0.273,False,False,0.0,0.273
2025-12-30 19:00:00+00:00,0.518,False,False,0.0,0.518
2025-12-30 19:30:00+00:00,0.278,False,False,0.0,0.278
2025-12-30 20:00:00+00:00,0.233,False,False,0.0,0.233
2025-12-30 20:30:00+00:00,0.374,False,False,0.0,0.374
2025-12-30 21:00:00+00:00,0.33,False,False,0.0,0.33
2025-12-30 21:30:00+00:00,0.305,False,False,0.0,0.305
2025-12-30 22:00:00+00:00,0.3,False,False,0.0,0.3
2025-12-30 22:30:00+00:00,0.277,False,False,0.0,0.277
2025-12-30 23:00:00+00:00,0.279,True,False,0.0,0.279
2025-12-30 23:30:00+00:00,0.278,True,False,0.0,0.278
2025-12-31 00:00:00+00:00,0.105,True,False,0.0,0.105
2025-12-31 00:30:00+00:00,0.072,True,False,0.0,0.072
2025-12-31 01:00:00+00:00,0.083,True,False,0.0,0.083
2025-12-31 01:30:00+00:00,0.078,True,False,0.0,0.078
2025-12-31 02:00:00+00:00,0.073,True,False,0.0,0.073
2025-12-31 02:30:00+00:00,0.063,True,False,0.0,0.063
2025-12-31 03:00:00+00:00,0.069,True,False,0.0,0.069
2025-12-31 03:30:00+00:00,0.064,True,False,0.0,0.064
2025-12-31 04:00:00+00:00,0.058,True,False,0.0,0.058
2025-12-31 04:30:00+00:00,0.067,True,False,0.0,0.067
2025-12-31 05:00:00+00:00,0.062,False,False,0.0,0.062
2025-12-31 05:30:00+00:00,0.061,False,False,0.0,0.061
2025-12-31 06:00:00+00:00,0.079,False,False,0.0,0.079
2025-12-31 06:30:00+00:00,0.09,False,False,0.0,0.09
2025-12-31 07:00:00+00:00,0.708,False,False,0.0,0.708
2025-12-31 07:30:00+00:00,1.333,False,False,0.0,1.333
2025-12-31 08:00:00+00:00,1.727,False,False,0.0,1.727
2025-12-31 08:30:00+00:00,0.396,False,False,0.0,0.396
2025-12-31 09:00:00+00:00,0.453,False,False,0.0,0.453
2025-12-31 09:30:00+00:00,0.896,False,False,0.0,0.896
2025-12-31 10:00:00+00:00,0.513,False,False,0.0,0.513
2025-12-31 10:30:00+00:00,0.718,False,False,0.0,0.718
2025-12-31 11:00:00+00:00,0.496,False,False,0.0,0.496
2025-12-31 11:30:00+00:00,0.284,False,False,0.0,0.284
2025-12-31 12:00:00+00:00,0.466,False,False,0.0,0.466
2025-12-31 12:30:00+00:00,0.473,False,False,0.0,0.473
2025-12-31 13:00:00+00:00,0.379,False,False,0.0,0.379
2025-12-31 13:30:00+00:00,0.28,False,False,0.0,0.28
2025-12-31 14:00:00+00:00,0.278,False,False,0.0,0.278
2025-12-31 14:30:00+00:00,0.704,False,False,0.0,0.704
2025-12-31 15:00:00+00:00,0.622,False,False,0.0,0.622
2025-12-31 15:30:00+00:00,0.357,False,False,0.0,0.357
2025-12-31 16:00:00+00:00,0.271,False,False,0.0,0.271
2025-12-31 16:30:00+00:00,0.877,False,False,0.0,0.877
2025-12-31 17:00:00+00:00,1.386,False,False,0.0,1.386
2025-12-31 17:30:00+00:00,0.945,False,False,0.0,0.945
2025-12-31 18:00:00+00:00,0.28,False,False,0.0,0.28
2025-12-31 18:30:00+00:00,0.279,False,False,0.0,0.279
2025-12-31 19:00:00+00:00,0.358,False,False,0.0,0.358
2025-12-31 19:30:00+00:00,0.214,False,False,0.0,0.214
2025-12-31 20:00:00+00:00,0.193,False,False,0.0,0.193
2025-12-31 20:30:00+00:00,0.207,False,False,0.0,0.207
2025-12-31 21:00:00+00:00,0.202,False,False,0.0,0.202
2025-12-31 21:30:00+00:00,0.338,False,False,0.0,0.338
2025-12-31 22:00:00+00:00,0.225,False,False,0.0,0.225
2025-12-31 22:30:00+00:00,0.207,False,False,0.0,0.207
2025-12-31 23:00:00+00:00,0.205,True,False,0.0,0.205
2025-12-31 23:30:00+00:00,0.202,True,False,0.0,0.202
2026-01-01 00:00:00+00:00,0.211,True,False,0.0,0.211
2026-01-01 00:30:00+00:00,0.546,True,False,0.0,0.546
2026-01-01 01:00:00+00:00,0.099,True,False,0.0,0.099
2026-01-01 01:30:00+00:00,0.097,True,False,0.0,0.097
2026-01-01 02:00:00+00:00,0.119,True,False,0.0,0.119
2026-01-01 02:30:00+00:00,0.385,True,False,0.0,0.385
2026-01-01 03:00:00+00:00,0.082,True,False,0.0,0.082
2026-01-01 03:30:00+00:00,0.075,True,False,0.0,0.075
2026-01-01 04:00:00+00:00,0.078,True,False,0.0,0.078
2026-01-01 04:30:00+00:00,0.074,True,False,0.0,0.074
2026-01-01 05:00:00+00:00,0.074,False,False,0.0,0.074
2026-01-01 05:30:00+00:00,0.068,False,False,0.0,0.068
2026-01-01 06:00:00+00:00,0.085,False,False,0.0,0.085
2026-01-01 06:30:00+00:00,0.097,False,False,0.0,0.097
2026-01-01 07:00:00+00:00,0.105,False,False,0.0,0.105
2026-01-01 07:30:00+00:00,0.167,False,False,0.0,0.167
2026-01-01 08:00:00+00:00,0.178,False,False,0.0,0.178
2026-01-01 08:30:00+00:00,0.421,False,False,0.0,0.421
2026-01-01 09:00:00+00:00,1.27,False,False,0.0,1.27
2026-01-01 09:30:00+00:00,1.472,False,False,0.0,1.472
2026-01-01 10:00:00+00:00,0.949,False,False,0.0,0.949
2026-01-01 10:30:00+00:00,0.24,False,False,0.0,0.24
2026-01-01 11:00:00+00:00,0.688,False,False,0.0,0.688
2026-01-01 11:30:00+00:00,0.428,False,False,0.0,0.428
2026-01-01 12:00:00+00:00,0.721,False,False,0.0,0.721
2026-01-01 12:30:00+00:00,0.223,False,False,0.0,0.223
2026-01-01 13:00:00+00:00,0.145,False,False,0.0,0.145
2026-01-01 13:30:00+00:00,0.145,False,False,0.0,0.145
2026-01-01 14:00:00+00:00,0.987,False,False,0.0,0.987
2026-01-01 14:30:00+00:00,0.474,False,False,0.0,0.474
2026-01-01 15:00:00+00:00,0.372,False,False,0.0,0.372
2026-01-01 15:30:00+00:00,0.86,False,False,0.0,0.86
2026-01-01 16:00:00+00:00,0.253,False,False,0.0,0.253
2026-01-01 16:30:00+00:00,0.346,False,False,0.0,0.346
2026-01-01 17:00:00+00:00,0.26,False,False,0.0,0.26
2026-01-01 17:30:00+00:00,0.276,False,False,0.0,0.276
2026-01-01 18:00:00+00:00,0.284,False,False,0.0,0.284
2026-01-01 18:30:00+00:00,0.284,False,False,0.0,0.284
2026-01-01 19:00:00+00:00,0.189,False,False,0.0,0.189
2026-01-01 19:30:00+00:00,0.208,False,False,0.0,0.208
2026-01-01 20:00:00+00:00,0.258,False,False,0.0,0.258
2026-01-01 20:30:00+00:00,0.322,False,False,0.0,0.322
2026-01-01 21:00:00+00:00,0.309,False,False,0.0,0.309
2026-01-01 21:30:00+00:00,0.302,False,False,0.0,0.302
2026-01-01 22:00:00+00:00,0.295,False,False,0.0,0.295
2026-01-01 22:30:00+00:00,0.275,False,False,0.0,0.275
2026-01-01 23:00:00+00:00,0.285,True,False,0.0,0.285
2026-01-01 23:30:00+00:00,0.221,True,False,0.0,0.221
2026-01-02 00:00:00+00:00,0.082,True,False,0.0,0.082
2026-01-02 00:30:00+00:00,0.081,True,False,0.0,0.081
2026-01-02 01:00:00+00:00,0.08,True,False,0.0,0.08
2026-01-02 01:30:00+00:00,0.078,True,False,0.0,0.078
2026-01-02 02:00:00+00:00,0.071,True,False,0.0,0.071
2026-01-02 02:30:00+00:00,0.073,True,False,0.0,0.073
2026-01-02 03:00:00+00:00,0.063,True,False,0.0,0.063
2026-01-02 03:30:00+00:00,0.069,True,False,0.0,0.069
2026-01-02 04:00:00+00:00,0.073,True,False,0.0,0.073
2026-01-02 04:30:00+00:00,0.061,True,False,0.0,0.061
2026-01-02 05:00:00+00:00,0.072,False,False,0.0,0.072
2026-01-02 05:30:00+00:00,0.07,False,False,0.0,0.07
2026-01-02 06:00:00+00:00,0.078,False,False,0.0,0.078
2026-01-02 06:30:00+00:00,0.097,False,False,0.0,0.097
2026-01-02 07:00:00+00:00,0.157,False,False,0.0,0.157
2026-01-02 07:30:00+00:00,0.656,False,False,0.0,0.656
2026-01-02 08:00:00+00:00,0.923,False,False,0.0,0.923
2026-01-02 08:30:00+00:00,0.252,False,False,0.0,0.252
2026-01-02 09:00:00+00:00,0.42,False,False,0.0,0.42
2026-01-02 09:30:00+00:00,0.569,False,False,0.0,0.569
2026-01-02 10:00:00+00:00,0.55,False,False,0.0,0.55
2026-01-02 10:30:00+00:00,0.593,False,False,0.0,0.593
2026-01-02 11:00:00+00:00,0.166,False,False,0.0,0.166
2026-01-02 11:30:00+00:00,0.14,False,False,0.0,0.14
2026-01-02 12:00:00+00:00,0.116,False,False,0.0,0.116
2026-01-02 12:30:00+00:00,0.113,False,False,0.0,0.113
2026-01-02 13:00:00+00:00,0.102,False,False,0.0,0.102
2026-01-02 13:30:00+00:00,0.093,False,False,0.0,0.093
2026-01-02 14:00:00+00:00,0.177,False,False,0.0,0.177
2026-01-02 14:30:00+00:00,0.253,False,False,0.0,0.253
2026-01-02 15:00:00+00:00,0.327,False,False,0.0,0.327
2026-01-02 15:30:00+00:00,0.398,False,False,0.0,0.398
2026-01-02 16:00:00+00:00,0.315,False,False,0.0,0.315
2026-01-02 16:30:00+00:00,0.235,False,False,0.0,0.235
2026-01-02 17:00:00+00:00,0.515,False,False,0.0,0.515
2026-01-02 17:30:00+00:00,0.753,False,False,0.0,0.753
2026-01-02 18:00:00+00:00,0.249,False,False,0.0,0.249
2026-01-02 18:30:00+00:00,0.203,False,False,0.0,0.203
2026-01-02 19:00:00+00:00,0.257,False,False,0.0,0.257
2026-01-02 19:30:00+00:00,0.217,False,False,0.0,0.217
2026-01-02 20:00:00+00:00,0.218,False,False,0.0,0.218
2026-01-02 20:30:00+00:00,2.152,False,False,0.0,2.152
2026-01-02 21:00:00+00:00,0.21,False,False,0.0,0.21
2026-01-02 21:30:00+00:00,2.941,False,True,2.7529999999999997,0.18800000000000017
2026-01-02 22:00:00+00:00,3.568,False,True,3.4,0.16800000000000015
2026-01-02 22:30:00+00:00,0.254,False,False,0.0,0.254
2026-01-02 23:00:00+00:00,0.253,True,False,0.0,0.253
2026-01-02 23:30:00+00:00,0.189,True,False,0.0,0.189
2026-01-03 00:00:00+00:00,0.086,True,False,0.0,0.086
2026-01-03 00:30:00+00:00,0.084,True,False,0.0,0.084
2026-01-03 01:00:00+00:00,1.728,True,True,1.64,0.08800000000000008
2026-01-03 01:30:00+00:00,0.087,True,False,0.0,0.087
2026-01-03 02:00:00+00:00,3.774,True,True,3.689,0.08499999999999996
2026-01-03 02:30:00+00:00,3.801,True,True,3.7230000000000003,0.07799999999999985
2026-01-03 03:00:00+00:00,3.819,True,True,3.745,0.07399999999999984
2026-01-03 03:30:00+00:00,3.808,True,True,3.7329999999999997,0.07500000000000018
2026-01-03 04:00:00+00:00,3.457,True,True,3.383,0.07399999999999984
2026-01-03 04:30:00+00:00,1.935,True,True,1.862,0.07299999999999995
2026-01-03 05:00:00+00:00,3.807,False,True,3.734,0.07299999999999995
2026-01-03 05:30:00+00:00,3.813,False,True,3.737,0.07600000000000007
2026-01-03 06:00:00+00:00,3.804,False,True,3.7209999999999996,0.08300000000000018
2026-01-03 06:30:00+00:00,0.102,False,False,0.0,0.102
2026-01-03 07:00:00+00:00,1.392,False,False,0.0,1.392
2026-01-03 07:30:00+00:00,0.177,False,False,0.0,0.177
2026-01-03 08:00:00+00:00,1.828,False,False,0.0,1.828
2026-01-03 08:30:00+00:00,1.211,False,False,0.0,1.211
2026-01-03 09:00:00+00:00,1.544,False,False,0.0,1.544
2026-01-03 09:30:00+00:00,0.901,False,False,0.0,0.901
2026-01-03 10:00:00+00:00,0.667,False,False,0.0,0.667
2026-01-03 10:30:00+00:00,0.127,False,False,0.0,0.127
2026-01-03 11:00:00+00:00,0.104,False,False,0.0,0.104
2026-01-03 11:30:00+00:00,0.108,False,False,0.0,0.108
2026-01-03 12:00:00+00:00,0.421,False,False,0.0,0.421
2026-01-03 12:30:00+00:00,0.109,False,False,0.0,0.109
2026-01-03 13:00:00+00:00,0.092,False,False,0.0,0.092
2026-01-03 13:30:00+00:00,0.166,False,False,0.0,0.166
2026-01-03 14:00:00+00:00,0.197,False,False,0.0,0.197
2026-01-03 14:30:00+00:00,0.174,False,False,0.0,0.174
2026-01-03 15:00:00+00:00,0.144,False,False,0.0,0.144
2026-01-03 15:30:00+00:00,0.223,False,False,0.0,0.223
2026-01-03 16:00:00+00:00,0.563,False,False,0.0,0.563
2026-01-03 16:30:00+00:00,0.259,False,False,0.0,0.259
2026-01-03 17:00:00+00:00,0.256,False,False,0.0,0.256
2026-01-03 17:30:00+00:00,0.531,False,False,0.0,0.531
2026-01-03 18:00:00+00:00,0.252,False,False,0.0,0.252
2026-01-03 18:30:00+00:00,0.193,False,False,0.0,0.193
2026-01-03 19:00:00+00:00,0.162,False,False,0.0,0.162
2026-01-03 19:30:00+00:00,0.143,False,False,0.0,0.143
2026-01-03 20:00:00+00:00,0.142,False,False,0.0,0.142
2026-01-03 20:30:00+00:00,0.144,False,False,0.0,0.144
2026-01-03 21:00:00+00:00,0.268,False,False,0.0,0.268
2026-01-03 21:30:00+00:00,0.289,False,False,0.0,0.289
2026-01-03 22:00:00+00:00,0.289,False,False,0.0,0.289
2026-01-03 22:30:00+00:00,0.284,False,False,0.0,0.284
2026-01-03 23:00:00+00:00,0.217,True,False,0.0,0.217
2026-01-03 23:30:00+00:00,0.087,True,False,0.0,0.087
2026-01-04 00:00:00+00:00,0.094,True,False,0.0,0.094
2026-01-04 00:30:00+00:00,0.127,True,False,0.0,0.127
2026-01-04 01:00:00+00:00,0.088,True,False,0.0,0.088
2026-01-04 01:30:00+00:00,0.086,True,False,0.0,0.086
2026-01-04 02:00:00+00:00,0.085,True,False,0.0,0.085
2026-01-04 02:30:00+00:00,0.078,True,False,0.0,0.078
2026-01-04 03:00:00+00:00,0.073,True,False,0.0,0.073
2026-01-04 03:30:00+00:00,0.079,True,False,0.0,0.079
2026-01-04 04:00:00+00:00,0.062,True,False,0.0,0.062
2026-01-04 04:30:00+00:00,0.074,True,False,0.0,0.074
2026-01-04 05:00:00+00:00,0.074,False,False,0.0,0.074
2026-01-04 05:30:00+00:00,0.064,False,False,0.0,0.064
2026-01-04 06:00:00+00:00,0.085,False,False,0.0,0.085
2026-01-04 06:30:00+00:00,0.099,False,False,0.0,0.099
2026-01-04 07:00:00+00:00,0.153,False,False,0.0,0.153
2026-01-04 07:30:00+00:00,0.224,False,False,0.0,0.224
2026-01-04 08:00:00+00:00,0.922,False,False,0.0,0.922
2026-01-04 08:30:00+00:00,1.03,False,False,0.0,1.03
2026-01-04 09:00:00+00:00,0.559,False,False,0.0,0.559
2026-01-04 09:30:00+00:00,0.19,False,False,0.0,0.19
2026-01-04 10:00:00+00:00,0.092,False,False,0.0,0.092
2026-01-04 10:30:00+00:00,0.436,False,False,0.0,0.436
2026-01-04 11:00:00+00:00,0.077,False,False,0.0,0.077
2026-01-04 11:30:00+00:00,0.08,False,False,0.0,0.08
2026-01-04 12:00:00+00:00,0.106,False,False,0.0,0.106
2026-01-04 12:30:00+00:00,0.089,False,False,0.0,0.089
2026-01-04 13:00:00+00:00,0.08,False,False,0.0,0.08
2026-01-04 13:30:00+00:00,0.075,False,False,0.0,0.075
2026-01-04 14:00:00+00:00,0.069,False,False,0.0,0.069
2026-01-04 14:30:00+00:00,0.078,False,False,0.0,0.078
2026-01-04 15:00:00+00:00,0.202,False,False,0.0,0.202
2026-01-04 15:30:00+00:00,0.3,False,False,0.0,0.3
2026-01-04 16:00:00+00:00,0.271,False,False,0.0,0.271
2026-01-04 16:30:00+00:00,0.255,False,False,0.0,0.255
2026-01-04 17:00:00+00:00,0.344,False,False,0.0,0.344
2026-01-04 17:30:00+00:00,0.308,False,False,0.0,0.308
2026-01-04 18:00:00+00:00,0.24,False,False,0.0,0.24
2026-01-04 18:30:00+00:00,0.223,False,False,0.0,0.223
2026-01-04 19:00:00+00:00,0.239,False,False,0.0,0.239
2026-01-04 19:30:00+00:00,0.224,False,False,0.0,0.224
2026-01-04 20:00:00+00:00,0.224,False,False,0.0,0.224
2026-01-04 20:30:00+00:00,0.191,False,False,0.0,0.191
2026-01-04 21:00:00+00:00,0.191,False,False,0.0,0.191
2026-01-04 21:30:00+00:00,0.184,False,False,0.0,0.184
2026-01-04 22:00:00+00:00,0.165,False,False,0.0,0.165
2026-01-04 22:30:00+00:00,0.094,False,False,0.0,0.094
2026-01-04 23:00:00+00:00,0.075,True,False,0.0,0.075
2026-01-04 23:30:00+00:00,0.108,True,False,0.0,0.108
2026-01-05 00:00:00+00:00,0.103,True,False,0.0,0.103
2026-01-05 00:30:00+00:00,0.086,True,False,0.0,0.086
2026-01-05 01:00:00+00:00,0.083,True,False,0.0,0.083
2026-01-05 01:30:00+00:00,0.082,True,False,0.0,0.082
2026-01-05 02:00:00+00:00,0.082,True,False,0.0,0.082
2026-01-05 02:30:00+00:00,0.072,True,False,0.0,0.072
2026-01-05 03:00:00+00:00,0.073,True,False,0.0,0.073
2026-01-05 03:30:00+00:00,0.076,True,False,0.0,0.076
2026-01-05 04:00:00+00:00,0.071,True,False,0.0,0.071
2026-01-05 04:30:00+00:00,0.073,True,False,0.0,0.073
2026-01-05 05:00:00+00:00,0.078,False,False,0.0,0.078
2026-01-05 05:30:00+00:00,0.065,False,False,0.0,0.065
2026-01-05 06:00:00+00:00,0.083,False,False,0.0,0.083
2026-01-05 06:30:00+00:00,0.097,False,False,0.0,0.097
2026-01-05 07:00:00+00:00,0.34,False,False,0.0,0.34
2026-01-05 07:30:00+00:00,0.434,False,False,0.0,0.434
2026-01-05 08:00:00+00:00,0.45,False,False,0.0,0.45
2026-01-05 08:30:00+00:00,0.266,False,False,0.0,0.266
2026-01-05 09:00:00+00:00,0.671,False,False,0.0,0.671
2026-01-05 09:30:00+00:00,0.189,False,False,0.0,0.189
2026-01-05 10:00:00+00:00,0.144,False,False,0.0,0.144
2026-01-05 10:30:00+00:00,0.112,False,False,0.0,0.112
2026-01-05 11:00:00+00:00,0.241,False,False,0.0,0.241
2026-01-05 11:30:00+00:00,0.36,False,False,0.0,0.36
2026-01-05 12:00:00+00:00,0.182,False,False,0.0,0.182
2026-01-05 12:30:00+00:00,0.147,False,False,0.0,0.147
2026-01-05 13:00:00+00:00,0.121,False,False,0.0,0.121
2026-01-05 13:30:00+00:00,0.713,False,False,0.0,0.713
2026-01-05 14:00:00+00:00,0.215,False,False,0.0,0.215
2026-01-05 14:30:00+00:00,0.156,False,False,0.0,0.156
2026-01-05 15:00:00+00:00,0.323,False,False,0.0,0.323
2026-01-05 15:30:00+00:00,0.584,False,False,0.0,0.584
2026-01-05 16:00:00+00:00,0.751,False,False,0.0,0.751
2026-01-05 16:30:00+00:00,0.261,False,False,0.0,0.261
2026-01-05 17:00:00+00:00,0.472,False,False,0.0,0.472
2026-01-05 17:30:00+00:00,1.195,False,False,0.0,1.195
2026-01-05 18:00:00+00:00,0.392,False,False,0.0,0.392
2026-01-05 18:30:00+00:00,0.262,False,False,0.0,0.262
2026-01-05 19:00:00+00:00,0.247,False,False,0.0,0.247
2026-01-05 19:30:00+00:00,0.231,False,False,0.0,0.231
2026-01-05 20:00:00+00:00,0.199,False,False,0.0,0.199
2026-01-05 20:30:00+00:00,0.175,False,False,0.0,0.175
2026-01-05 21:00:00+00:00,0.12,False,False,0.0,0.12
2026-01-05 21:30:00+00:00,0.091,False,False,0.0,0.091
2026-01-05 22:00:00+00:00,0.084,False,False,0.0,0.084
2026-01-05 22:30:00+00:00,0.089,False,False,0.0,0.089
2026-01-05 23:00:00+00:00,0.087,True,False,0.0,0.087
2026-01-05 23:30:00+00:00,0.083,True,False,0.0,0.083
2026-01-06 00:00:00+00:00,0.075,True,False,0.0,0.075
2026-01-06 00:30:00+00:00,0.086,True,False,0.0,0.086
2026-01-06 01:00:00+00:00,0.083,True,False,0.0,0.083
2026-01-06 01:30:00+00:00,0.072,True,False,0.0,0.072
2026-01-06 02:00:00+00:00,0.085,True,False,0.0,0.085
2026-01-06 02:30:00+00:00,0.077,True,False,0.0,0.077
2026-01-06 03:00:00+00:00,0.124,True,False,0.0,0.124
2026-01-06 03:30:00+00:00,0.081,True,False,0.0,0.081
2026-01-06 04:00:00+00:00,0.077,True,False,0.0,0.077
2026-01-06 04:30:00+00:00,0.075,True,False,0.0,0.075
2026-01-06 05:00:00+00:00,0.073,False,False,0.0,0.073
2026-01-06 05:30:00+00:00,0.077,False,False,0.0,0.077
2026-01-06 06:00:00+00:00,0.077,False,False,0.0,0.077
2026-01-06 06:30:00+00:00,0.102,False,False,0.0,0.102
2026-01-06 07:00:00+00:00,0.72,False,False,0.0,0.72
2026-01-06 07:30:00+00:00,2.526,False,False,0.0,2.526
2026-01-06 08:00:00+00:00,1.361,False,False,0.0,1.361
2026-01-06 08:30:00+00:00,0.253,False,False,0.0,0.253
2026-01-06 09:00:00+00:00,0.263,False,False,0.0,0.263
2026-01-06 09:30:00+00:00,0.64,False,False,0.0,0.64
2026-01-06 10:00:00+00:00,0.331,False,False,0.0,0.331
2026-01-06 10:30:00+00:00,0.436,False,False,0.0,0.436
2026-01-06 11:00:00+00:00,0.284,False,False,0.0,0.284
2026-01-06 11:30:00+00:00,0.269,False,False,0.0,0.269
2026-01-06 12:00:00+00:00,0.311,False,False,0.0,0.311
2026-01-06 12:30:00+00:00,0.403,False,False,0.0,0.403
2026-01-06 13:00:00+00:00,0.257,False,False,0.0,0.257
2026-01-06 13:30:00+00:00,0.317,False,False,0.0,0.317
2026-01-06 14:00:00+00:00,0.337,False,False,0.0,0.337
2026-01-06 14:30:00+00:00,0.287,False,False,0.0,0.287
2026-01-06 15:00:00+00:00,0.289,False,False,0.0,0.289
2026-01-06 15:30:00+00:00,0.264,False,False,0.0,0.264
2026-01-06 16:00:00+00:00,0.356,False,False,0.0,0.356
2026-01-06 16:30:00+00:00,0.284,False,False,0.0,0.284
2026-01-06 17:00:00+00:00,0.501,False,False,0.0,0.501
2026-01-06 17:30:00+00:00,1.822,False,False,0.0,1.822
2026-01-06 18:00:00+00:00,0.961,False,False,0.0,0.961
2026-01-06 18:30:00+00:00,0.415,False,False,0.0,0.415
2026-01-06 19:00:00+00:00,0.296,False,False,0.0,0.296
2026-01-06 19:30:00+00:00,0.261,False,False,0.0,0.261
2026-01-06 20:00:00+00:00,0.253,False,False,0.0,0.253
2026-01-06 20:30:00+00:00,0.227,False,False,0.0,0.227
2026-01-06 21:00:00+00:00,0.216,False,False,0.0,0.216
2026-01-06 21:30:00+00:00,0.203,False,False,0.0,0.203
2026-01-06 22:00:00+00:00,0.659,False,False,0.0,0.659
2026-01-06 22:30:00+00:00,1.246,False,False,0.0,1.246
2026-01-06 23:00:00+00:00,1.245,True,True,1.1265,0.11850000000000005
2026-01-06 23:30:00+00:00,1.242,True,True,1.138,0.10400000000000009
2026-01-07 00:00:00+00:00,0.94,True,False,0.0,0.94
2026-01-07 00:30:00+00:00,0.087,True,False,0.0,0.087
2026-01-07 01:00:00+00:00,0.091,True,False,0.0,0.091
2026-01-07 01:30:00+00:00,0.087,True,False,0.0,0.087
2026-01-07 02:00:00+00:00,0.082,True,False,0.0,0.082
2026-01-07 02:30:00+00:00,0.078,True,False,0.0,0.078
2026-01-07 03:00:00+00:00,0.088,True,False,0.0,0.088
2026-01-07 03:30:00+00:00,0.078,True,False,0.0,0.078
2026-01-07 04:00:00+00:00,0.072,True,False,0.0,0.072
2026-01-07 04:30:00+00:00,0.082,True,False,0.0,0.082
2026-01-07 05:00:00+00:00,0.078,False,False,0.0,0.078
2026-01-07 05:30:00+00:00,0.078,False,False,0.0,0.078
2026-01-07 06:00:00+00:00,0.092,False,False,0.0,0.092
2026-01-07 06:30:00+00:00,0.106,False,False,0.0,0.106
2026-01-07 07:00:00+00:00,0.159,False,False,0.0,0.159
2026-01-07 07:30:00+00:00,0.494,False,False,0.0,0.494
2026-01-07 08:00:00+00:00,0.391,False,False,0.0,0.391
2026-01-07 08:30:00+00:00,0.237,False,False,0.0,0.237
2026-01-07 09:00:00+00:00,0.659,False,False,0.0,0.659
2026-01-07 09:30:00+00:00,0.136,False,False,0.0,0.136
2026-01-07 10:00:00+00:00,0.136,False,False,0.0,0.136
2026-01-07 10:30:00+00:00,0.154,False,False,0.0,0.154
2026-01-07 11:00:00+00:00,0.655,False,False,0.0,0.655
2026-01-07 11:30:00+00:00,0.154,False,False,0.0,0.154
2026-01-07 12:00:00+00:00,0.157,False,False,0.0,0.157
2026-01-07 12:30:00+00:00,0.182,False,False,0.0,0.182
2026-01-07 13:00:00+00:00,0.187,False,False,0.0,0.187
2026-01-07 13:30:00+00:00,0.151,False,False,0.0,0.151
2026-01-07 14:00:00+00:00,0.133,False,False,0.0,0.133
2026-01-07 14:30:00+00:00,0.148,False,False,0.0,0.148
2026-01-07 15:00:00+00:00,0.158,False,False,0.0,0.158
2026-01-07 15:30:00+00:00,0.184,False,False,0.0,0.184
2026-01-07 16:00:00+00:00,1.213,False,False,0.0,1.213
2026-01-07 16:30:00+00:00,0.286,False,False,0.0,0.286
2026-01-07 17:00:00+00:00,0.253,False,False,0.0,0.253
2026-01-07 17:30:00+00:00,0.67,False,False,0.0,0.67
2026-01-07 18:00:00+00:00,0.682,False,False,0.0,0.682
2026-01-07 18:30:00+00:00,0.163,False,False,0.0,0.163
2026-01-07 19:00:00+00:00,0.168,False,False,0.0,0.168
2026-01-07 19:30:00+00:00,0.166,False,False,0.0,0.166
2026-01-07 20:00:00+00:00,0.156,False,False,0.0,0.156
2026-01-07 20:30:00+00:00,0.149,False,False,0.0,0.149
2026-01-07 21:00:00+00:00,0.13,False,False,0.0,0.13
2026-01-07 21:30:00+00:00,0.081,False,False,0.0,0.081
2026-01-07 22:00:00+00:00,0.074,False,False,0.0,0.074
2026-01-07 22:30:00+00:00,0.071,False,False,0.0,0.071
2026-01-07 23:00:00+00:00,0.116,True,False,0.0,0.116
2026-01-07 23:30:00+00:00,0.091,True,False,0.0,0.091
2026-01-08 00:00:00+00:00,0.081,True,False,0.0,0.081
2026-01-08 00:30:00+00:00,0.079,True,False,0.0,0.079
2026-01-08 01:00:00+00:00,0.077,True,False,0.0,0.077
2026-01-08 01:30:00+00:00,0.078,True,False,0.0,0.078
2026-01-08 02:00:00+00:00,0.077,True,False,0.0,0.077
2026-01-08 02:30:00+00:00,0.077,True,False,0.0,0.077
2026-01-08 03:00:00+00:00,0.065,True,False,0.0,0.065
2026-01-08 03:30:00+00:00,0.074,True,False,0.0,0.074
2026-01-08 04:00:00+00:00,0.071,True,False,0.0,0.071
2026-01-08 04:30:00+00:00,0.059,True,False,0.0,0.059
2026-01-08 05:00:00+00:00,0.071,False,False,0.0,0.071
2026-01-08 05:30:00+00:00,0.074,False,False,0.0,0.074
2026-01-08 06:00:00+00:00,0.068,False,False,0.0,0.068
2026-01-08 06:30:00+00:00,0.105,False,False,0.0,0.105
2026-01-08 07:00:00+00:00,0.146,False,False,0.0,0.146
2026-01-08 07:30:00+00:00,0.858,False,False,0.0,0.858
2026-01-08 08:00:00+00:00,0.451,False,False,0.0,0.451
2026-01-08 08:30:00+00:00,0.21,False,False,0.0,0.21
2026-01-08 09:00:00+00:00,0.185,False,False,0.0,0.185
2026-01-08 09:30:00+00:00,0.347,False,False,0.0,0.347
2026-01-08 10:00:00+00:00,1.144,False,False,0.0,1.144
2026-01-08 10:30:00+00:00,0.5,False,False,0.0,0.5
2026-01-08 11:00:00+00:00,1.744,False,False,0.0,1.744
2026-01-08 11:30:00+00:00,1.507,False,False,0.0,1.507
2026-01-08 12:00:00+00:00,0.739,False,False,0.0,0.739
2026-01-08 12:30:00+00:00,0.23,False,False,0.0,0.23
2026-01-08 13:00:00+00:00,0.365,False,False,0.0,0.365
2026-01-08 13:30:00+00:00,0.18,False,False,0.0,0.18
2026-01-08 14:00:00+00:00,0.17,False,False,0.0,0.17
2026-01-08 14:30:00+00:00,0.17,False,False,0.0,0.17
2026-01-08 15:00:00+00:00,0.174,False,False,0.0,0.174
2026-01-08 15:30:00+00:00,0.224,False,False,0.0,0.224
2026-01-08 16:00:00+00:00,0.707,False,False,0.0,0.707
2026-01-08 16:30:00+00:00,0.729,False,False,0.0,0.729
2026-01-08 17:00:00+00:00,0.222,False,False,0.0,0.222
2026-01-08 17:30:00+00:00,0.299,False,False,0.0,0.299
2026-01-08 18:00:00+00:00,0.266,False,False,0.0,0.266
2026-01-08 18:30:00+00:00,0.343,False,False,0.0,0.343
2026-01-08 19:00:00+00:00,0.209,False,False,0.0,0.209
2026-01-08 19:30:00+00:00,0.678,False,False,0.0,0.678
2026-01-08 20:00:00+00:00,0.448,False,False,0.0,0.448
2026-01-08 20:30:00+00:00,0.255,False,False,0.0,0.255
2026-01-08 21:00:00+00:00,0.573,False,False,0.0,0.573
2026-01-08 21:30:00+00:00,0.434,False,False,0.0,0.434
2026-01-08 22:00:00+00:00,0.249,False,False,0.0,0.249
2026-01-08 22:30:00+00:00,0.278,False,False,0.0,0.278
2026-01-08 23:00:00+00:00,0.281,True,False,0.0,0.281
2026-01-08 23:30:00+00:00,0.227,True,False,0.0,0.227
2026-01-09 00:00:00+00:00,0.085,True,False,0.0,0.085
2026-01-09 00:30:00+00:00,0.084,True,False,0.0,0.084
2026-01-09 01:00:00+00:00,0.082,True,False,0.0,0.082
2026-01-09 01:30:00+00:00,0.081,True,False,0.0,0.081
2026-01-09 02:00:00+00:00,0.081,True,False,0.0,0.081
2026-01-09 02:30:00+00:00,0.076,True,False,0.0,0.076
2026-01-09 03:00:00+00:00,0.068,True,False,0.0,0.068
2026-01-09 03:30:00+00:00,0.067,True,False,0.0,0.067
2026-01-09 04:00:00+00:00,0.07,True,False,0.0,0.07
2026-01-09 04:30:00+00:00,0.069,True,False,0.0,0.069
2026-01-09 05:00:00+00:00,0.061,False,False,0.0,0.061
2026-01-09 05:30:00+00:00,0.067,False,False,0.0,0.067
2026-01-09 06:00:00+00:00,0.079,False,False,0.0,0.079
2026-01-09 06:30:00+00:00,0.106,False,False,0.0,0.106
2026-01-09 07:00:00+00:00,0.28,False,False,0.0,0.28
2026-01-09 07:30:00+00:00,0.572,False,False,0.0,0.572
2026-01-09 08:00:00+00:00,0.377,False,False,0.0,0.377
2026-01-09 08:30:00+00:00,0.897,False,False,0.0,0.897
2026-01-09 09:00:00+00:00,1.266,False,False,0.0,1.266
2026-01-09 09:30:00+00:00,0.625,False,False,0.0,0.625
2026-01-09 10:00:00+00:00,0.173,False,False,0.0,0.173
2026-01-09 10:30:00+00:00,0.18,False,False,0.0,0.18
2026-01-09 11:00:00+00:00,0.251,False,False,0.0,0.251
2026-01-09 11:30:00+00:00,0.263,False,False,0.0,0.263
2026-01-09 12:00:00+00:00,0.287,False,False,0.0,0.287
2026-01-09 12:30:00+00:00,0.283,False,False,0.0,0.283
2026-01-09 13:00:00+00:00,0.274,False,False,0.0,0.274
2026-01-09 13:30:00+00:00,0.25,False,False,0.0,0.25
2026-01-09 14:00:00+00:00,0.123,False,False,0.0,0.123
2026-01-09 14:30:00+00:00,0.245,False,False,0.0,0.245
2026-01-09 15:00:00+00:00,0.159,False,False,0.0,0.159
2026-01-09 15:30:00+00:00,0.913,False,False,0.0,0.913
2026-01-09 16:00:00+00:00,0.386,False,False,0.0,0.386
2026-01-09 16:30:00+00:00,0.32,False,False,0.0,0.32
2026-01-09 17:00:00+00:00,0.269,False,False,0.0,0.269
2026-01-09 17:30:00+00:00,0.323,False,False,0.0,0.323
2026-01-09 18:00:00+00:00,0.495,False,False,0.0,0.495
2026-01-09 18:30:00+00:00,0.196,False,False,0.0,0.196
2026-01-09 19:00:00+00:00,1.981,False,False,0.0,1.981
2026-01-09 19:30:00+00:00,0.228,False,False,0.0,0.228
2026-01-09 20:00:00+00:00,1.285,False,False,0.0,1.285
2026-01-09 20:30:00+00:00,2.017,False,True,1.807,0.20999999999999996
2026-01-09 21:00:00+00:00,3.79,False,True,3.588,0.20199999999999996
2026-01-09 21:30:00+00:00,0.125,False,False,0.0,0.125
2026-01-09 22:00:00+00:00,3.354,False,False,0.0,3.354
2026-01-09 22:30:00+00:00,0.114,False,False,0.0,0.114
2026-01-09 23:00:00+00:00,3.736,True,True,3.6175,0.11850000000000005
2026-01-09 23:30:00+00:00,1.557,True,True,1.4529999999999998,0.10400000000000009
2026-01-10 00:00:00+00:00,1.943,True,True,1.848,0.09499999999999997
2026-01-10 00:30:00+00:00,3.764,True,True,3.674,0.08999999999999986
2026-01-10 01:00:00+00:00,3.765,True,True,3.677,0.08800000000000008
2026-01-10 01:30:00+00:00,3.793,True,True,3.7070000000000003,0.08599999999999985
2026-01-10 02:00:00+00:00,3.789,True,True,3.704,0.08499999999999996
2026-01-10 02:30:00+00:00,3.802,True,True,3.724,0.07799999999999985
2026-01-10 03:00:00+00:00,3.814,True,True,3.74,0.07399999999999984
2026-01-10 03:30:00+00:00,3.827,True,True,3.752,0.07500000000000018
2026-01-10 04:00:00+00:00,3.83,True,True,3.7560000000000002,0.07399999999999984
2026-01-10 04:30:00+00:00,3.827,True,True,3.754,0.07299999999999995
2026-01-10 05:00:00+00:00,3.837,False,True,3.7640000000000002,0.07299999999999995
2026-01-10 05:30:00+00:00,2.357,False,True,2.281,0.07600000000000007
2026-01-10 06:00:00+00:00,0.11,False,False,0.0,0.11
2026-01-10 06:30:00+00:00,0.146,False,False,0.0,0.146
2026-01-10 07:00:00+00:00,0.26,False,False,0.0,0.26
2026-01-10 07:30:00+00:00,0.461,False,False,0.0,0.461
2026-01-10 08:00:00+00:00,0.235,False,False,0.0,0.235
2026-01-10 08:30:00+00:00,0.344,False,False,0.0,0.344
2026-01-10 09:00:00+00:00,0.715,False,False,0.0,0.715
2026-01-10 09:30:00+00:00,0.328,False,False,0.0,0.328
2026-01-10 10:00:00+00:00,0.679,False,False,0.0,0.679
2026-01-10 10:30:00+00:00,0.968,False,False,0.0,0.968
2026-01-10 11:00:00+00:00,0.463,False,False,0.0,0.463
2026-01-10 11:30:00+00:00,0.468,False,False,0.0,0.468
2026-01-10 12:00:00+00:00,0.336,False,False,0.0,0.336
2026-01-10 12:30:00+00:00,0.218,False,False,0.0,0.218
2026-01-10 13:00:00+00:00,0.219,False,False,0.0,0.219
2026-01-10 13:30:00+00:00,0.271,False,False,0.0,0.271
2026-01-10 14:00:00+00:00,0.996,False,False,0.0,0.996
2026-01-10 14:30:00+00:00,0.72,False,False,0.0,0.72
2026-01-10 15:00:00+00:00,0.646,False,False,0.0,0.646
2026-01-10 15:30:00+00:00,1.358,False,False,0.0,1.358
2026-01-10 16:00:00+00:00,1.349,False,False,0.0,1.349
2026-01-10 16:30:00+00:00,0.251,False,False,0.0,0.251
2026-01-10 17:00:00+00:00,0.72,False,False,0.0,0.72
2026-01-10 17:30:00+00:00,0.532,False,False,0.0,0.532
2026-01-10 18:00:00+00:00,0.315,False,False,0.0,0.315
2026-01-10 18:30:00+00:00,0.316,False,False,0.0,0.316
2026-01-10 19:00:00+00:00,0.82,False,False,0.0,0.82
2026-01-10 19:30:00+00:00,0.319,False,False,0.0,0.319
2026-01-10 20:00:00+00:00,0.3,False,False,0.0,0.3
2026-01-10 20:30:00+00:00,0.3,False,False,0.0,0.3
2026-01-10 21:00:00+00:00,0.262,False,False,0.0,0.262
2026-01-10 21:30:00+00:00,0.228,False,False,0.0,0.228
2026-01-10 22:00:00+00:00,0.231,False,False,0.0,0.231
2026-01-10 22:30:00+00:00,0.296,False,False,0.0,0.296
2026-01-10 23:00:00+00:00,0.296,True,False,0.0,0.296
2026-01-10 23:30:00+00:00,0.182,True,False,0.0,0.182
2026-01-11 00:00:00+00:00,0.076,True,False,0.0,0.076
2026-01-11 00:30:00+00:00,0.078,True,False,0.0,0.078
2026-01-11 01:00:00+00:00,0.081,True,False,0.0,0.081
2026-01-11 01:30:00+00:00,0.133,True,False,0.0,0.133
2026-01-11 02:00:00+00:00,0.081,True,False,0.0,0.081
2026-01-11 02:30:00+00:00,0.075,True,False,0.0,0.075
2026-01-11 03:00:00+00:00,0.07,True,False,0.0,0.07
2026-01-11 03:30:00+00:00,0.071,True,False,0.0,0.071
2026-01-11 04:00:00+00:00,0.069,True,False,0.0,0.069
2026-01-11 04:30:00+00:00,0.071,True,False,0.0,0.071
2026-01-11 05:00:00+00:00,0.061,False,False,0.0,0.061
2026-01-11 05:30:00+00:00,0.075,False,False,0.0,0.075
2026-01-11 06:00:00+00:00,0.085,False,False,0.0,0.085
2026-01-11 06:30:00+00:00,0.106,False,False,0.0,0.106
2026-01-11 07:00:00+00:00,0.135,False,False,0.0,0.135
2026-01-11 07:30:00+00:00,0.181,False,False,0.0,0.181
2026-01-11 08:00:00+00:00,0.352,False,False,0.0,0.352
2026-01-11 08:30:00+00:00,0.678,False,False,0.0,0.678
2026-01-11 09:00:00+00:00,0.316,False,False,0.0,0.316
2026-01-11 09:30:00+00:00,0.573,False,False,0.0,0.573
2026-01-11 10:00:00+00:00,0.398,False,False,0.0,0.398
2026-01-11 10:30:00+00:00,0.145,False,False,0.0,0.145
2026-01-11 11:00:00+00:00,0.109,False,False,0.0,0.109
2026-01-11 11:30:00+00:00,0.11,False,False,0.0,0.11
2026-01-11 12:00:00+00:00,0.95,False,False,0.0,0.95
2026-01-11 12:30:00+00:00,3.569,False,True,3.307,0.262
2026-01-11 13:00:00+00:00,0.195,False,False,0.0,0.195
2026-01-11 13:30:00+00:00,3.418,False,False,0.0,3.418
2026-01-11 14:00:00+00:00,0.179,False,False,0.0,0.179
2026-01-11 14:30:00+00:00,3.652,False,True,3.4330000000000003,0.21899999999999986
2026-01-11 15:00:00+00:00,1.28,False,False,0.0,1.28
2026-01-11 15:30:00+00:00,1.313,False,False,0.0,1.313
2026-01-11 16:00:00+00:00,0.38,False,False,0.0,0.38
2026-01-11 16:30:00+00:00,0.347,False,False,0.0,0.347
2026-01-11 17:00:00+00:00,4.068,False,True,3.7444999999999995,0.3235000000000001
2026-01-11 17:30:00+00:00,0.88,False,False,0.0,0.88
2026-01-11 18:00:00+00:00,0.469,False,False,0.0,0.469
2026-01-11 18:30:00+00:00,3.919,False,True,3.64,0.2789999999999999
2026-01-11 19:00:00+00:00,0.551,False,False,0.0,0.551
2026-01-11 19:30:00+00:00,3.547,False,True,3.3185000000000002,0.22849999999999993
2026-01-11 20:00:00+00:00,3.708,False,True,3.49,0.21799999999999997
2026-01-11 20:30:00+00:00,0.429,False,False,0.0,0.429
2026-01-11 21:00:00+00:00,0.247,False,False,0.0,0.247
2026-01-11 21:30:00+00:00,3.756,False,True,3.5679999999999996,0.18800000000000017
2026-01-11 22:00:00+00:00,0.151,False,False,0.0,0.151
2026-01-11 22:30:00+00:00,0.265,False,False,0.0,0.265
2026-01-11 23:00:00+00:00,0.092,True,False,0.0,0.092
2026-01-11 23:30:00+00:00,0.088,True,False,0.0,0.088
2026-01-12 00:00:00+00:00,0.088,True,False,0.0,0.088
2026-01-12 00:30:00+00:00,0.091,True,False,0.0,0.091
2026-01-12 01:00:00+00:00,0.122,True,False,0.0,0.122
2026-01-12 01:30:00+00:00,0.083,True,False,0.0,0.083
2026-01-12 02:00:00+00:00,0.081,True,False,0.0,0.081
2026-01-12 02:30:00+00:00,0.072,True,False,0.0,0.072
2026-01-12 03:00:00+00:00,0.07,True,False,0.0,0.07
2026-01-12 03:30:00+00:00,0.069,True,False,0.0,0.069
2026-01-12 04:00:00+00:00,0.076,True,False,0.0,0.076
2026-01-12 04:30:00+00:00,0.066,True,False,0.0,0.066
2026-01-12 05:00:00+00:00,0.068,False,False,0.0,0.068
2026-01-12 05:30:00+00:00,0.074,False,False,0.0,0.074
2026-01-12 06:00:00+00:00,0.078,False,False,0.0,0.078
2026-01-12 06:30:00+00:00,0.098,False,False,0.0,0.098
2026-01-12 07:00:00+00:00,0.186,False,False,0.0,0.186
2026-01-12 07:30:00+00:00,0.756,False,False,0.0,0.756
2026-01-12 08:00:00+00:00,0.445,False,False,0.0,0.445
2026-01-12 08:30:00+00:00,0.429,False,False,0.0,0.429
2026-01-12 09:00:00+00:00,0.285,False,False,0.0,0.285
2026-01-12 09:30:00+00:00,0.157,False,False,0.0,0.157
2026-01-12 10:00:00+00:00,0.132,False,False,0.0,0.132
2026-01-12 10:30:00+00:00,1.118,False,False,0.0,1.118
2026-01-12 11:00:00+00:00,0.311,False,False,0.0,0.311
2026-01-12 11:30:00+00:00,0.279,False,False,0.0,0.279
2026-01-12 12:00:00+00:00,0.212,False,False,0.0,0.212
2026-01-12 12:30:00+00:00,0.21,False,False,0.0,0.21
2026-01-12 13:00:00+00:00,0.157,False,False,0.0,0.157
2026-01-12 13:30:00+00:00,0.141,False,False,0.0,0.141
2026-01-12 14:00:00+00:00,0.346,False,False,0.0,0.346
2026-01-12 14:30:00+00:00,0.177,False,False,0.0,0.177
2026-01-12 15:00:00+00:00,0.168,False,False,0.0,0.168
2026-01-12 15:30:00+00:00,0.483,False,False,0.0,0.483
2026-01-12 16:00:00+00:00,2.035,False,False,0.0,2.035
2026-01-12 16:30:00+00:00,1.542,False,False,0.0,1.542
2026-01-12 17:00:00+00:00,0.382,False,False,0.0,0.382
2026-01-12 17:30:00+00:00,0.834,False,False,0.0,0.834
2026-01-12 18:00:00+00:00,0.565,False,False,0.0,0.565
2026-01-12 18:30:00+00:00,0.291,False,False,0.0,0.291
2026-01-12 19:00:00+00:00,1.032,False,False,0.0,1.032
2026-01-12 19:30:00+00:00,0.173,False,False,0.0,0.173
2026-01-12 20:00:00+00:00,0.181,False,False,0.0,0.181
2026-01-12 20:30:00+00:00,0.171,False,False,0.0,0.171
2026-01-12 21:00:00+00:00,0.17,False,False,0.0,0.17
2026-01-12 21:30:00+00:00,0.152,False,False,0.0,0.152
2026-01-12 22:00:00+00:00,0.14,False,False,0.0,0.14
2026-01-12 22:30:00+00:00,0.137,False,False,0.0,0.137
2026-01-12 23:00:00+00:00,0.111,True,False,0.0,0.111
2026-01-12 23:30:00+00:00,0.081,True,False,0.0,0.081
2026-01-13 00:00:00+00:00,0.088,True,False,0.0,0.088
2026-01-13 00:30:00+00:00,0.085,True,False,0.0,0.085
2026-01-13 01:00:00+00:00,0.072,True,False,0.0,0.072
2026-01-13 01:30:00+00:00,0.081,True,False,0.0,0.081
2026-01-13 02:00:00+00:00,0.08,True,False,0.0,0.08
2026-01-13 02:30:00+00:00,0.061,True,False,0.0,0.061
2026-01-13 03:00:00+00:00,0.069,True,False,0.0,0.069
2026-01-13 03:30:00+00:00,0.071,True,False,0.0,0.071
2026-01-13 04:00:00+00:00,0.057,True,False,0.0,0.057
2026-01-13 04:30:00+00:00,0.07,True,False,0.0,0.07
2026-01-13 05:00:00+00:00,0.069,False,False,0.0,0.069
2026-01-13 05:30:00+00:00,0.06,False,False,0.0,0.06
2026-01-13 06:00:00+00:00,0.08,False,False,0.0,0.08
2026-01-13 06:30:00+00:00,0.102,False,False,0.0,0.102
2026-01-13 07:00:00+00:00,0.151,False,False,0.0,0.151
2026-01-13 07:30:00+00:00,0.854,False,False,0.0,0.854
2026-01-13 08:00:00+00:00,0.394,False,False,0.0,0.394
2026-01-13 08:30:00+00:00,0.247,False,False,0.0,0.247
2026-01-13 09:00:00+00:00,0.184,False,False,0.0,0.184
2026-01-13 09:30:00+00:00,0.182,False,False,0.0,0.182
2026-01-13 10:00:00+00:00,0.182,False,False,0.0,0.182
2026-01-13 10:30:00+00:00,0.225,False,False,0.0,0.225
2026-01-13 11:00:00+00:00,0.147,False,False,0.0,0.147
2026-01-13 11:30:00+00:00,0.141,False,False,0.0,0.141
2026-01-13 12:00:00+00:00,0.198,False,False,0.0,0.198
2026-01-13 12:30:00+00:00,0.289,False,False,0.0,0.289
2026-01-13 13:00:00+00:00,0.185,False,False,0.0,0.185
2026-01-13 13:30:00+00:00,0.187,False,False,0.0,0.187
2026-01-13 14:00:00+00:00,0.185,False,False,0.0,0.185
2026-01-13 14:30:00+00:00,0.258,False,False,0.0,0.258
2026-01-13 15:00:00+00:00,0.19,False,False,0.0,0.19
2026-01-13 15:30:00+00:00,0.917,False,False,0.0,0.917
2026-01-13 16:00:00+00:00,1.65,False,False,0.0,1.65
2026-01-13 16:30:00+00:00,0.418,False,False,0.0,0.418
2026-01-13 17:00:00+00:00,1.123,False,False,0.0,1.123
2026-01-13 17:30:00+00:00,1.217,False,False,0.0,1.217
2026-01-13 18:00:00+00:00,0.487,False,False,0.0,0.487
2026-01-13 18:30:00+00:00,0.286,False,False,0.0,0.286
2026-01-13 19:00:00+00:00,0.331,False,False,0.0,0.331
2026-01-13 19:30:00+00:00,0.299,False,False,0.0,0.299
2026-01-13 20:00:00+00:00,0.171,False,False,0.0,0.171
2026-01-13 20:30:00+00:00,0.182,False,False,0.0,0.182
2026-01-13 21:00:00+00:00,0.142,False,False,0.0,0.142
2026-01-13 21:30:00+00:00,0.124,False,False,0.0,0.124
2026-01-13 22:00:00+00:00,0.08,False,False,0.0,0.08
2026-01-13 22:30:00+00:00,0.091,False,False,0.0,0.091
2026-01-13 23:00:00+00:00,0.088,True,False,0.0,0.088
2026-01-13 23:30:00+00:00,0.08,True,False,0.0,0.08
2026-01-14 00:00:00+00:00,0.087,True,False,0.0,0.087
2026-01-14 00:30:00+00:00,0.088,True,False,0.0,0.088
2026-01-14 01:00:00+00:00,0.138,True,False,0.0,0.138
2026-01-14 01:30:00+00:00,0.091,True,False,0.0,0.091
2026-01-14 02:00:00+00:00,0.089,True,False,0.0,0.089
2026-01-14 02:30:00+00:00,0.079,True,False,0.0,0.079
2026-01-14 03:00:00+00:00,0.076,True,False,0.0,0.076
2026-01-14 03:30:00+00:00,0.075,True,False,0.0,0.075
2026-01-14 04:00:00+00:00,0.081,True,False,0.0,0.081
2026-01-14 04:30:00+00:00,0.063,True,False,0.0,0.063
2026-01-14 05:00:00+00:00,0.064,False,False,0.0,0.064
2026-01-14 05:30:00+00:00,0.07,False,False,0.0,0.07
2026-01-14 06:00:00+00:00,0.077,False,False,0.0,0.077
2026-01-14 06:30:00+00:00,0.095,False,False,0.0,0.095
2026-01-14 07:00:00+00:00,0.833,False,False,0.0,0.833
2026-01-14 07:30:00+00:00,2.063,False,False,0.0,2.063
2026-01-14 08:00:00+00:00,1.751,False,False,0.0,1.751
2026-01-14 08:30:00+00:00,0.22,False,False,0.0,0.22
2026-01-14 09:00:00+00:00,0.206,False,False,0.0,0.206
2026-01-14 09:30:00+00:00,0.176,False,False,0.0,0.176
2026-01-14 10:00:00+00:00,1.083,False,False,0.0,1.083
2026-01-14 10:30:00+00:00,0.209,False,False,0.0,0.209
2026-01-14 11:00:00+00:00,0.199,False,False,0.0,0.199
2026-01-14 11:30:00+00:00,0.16,False,False,0.0,0.16
2026-01-14 12:00:00+00:00,0.192,False,False,0.0,0.192
2026-01-14 12:30:00+00:00,0.402,False,False,0.0,0.402
2026-01-14 13:00:00+00:00,0.264,False,False,0.0,0.264
2026-01-14 13:30:00+00:00,0.212,False,False,0.0,0.212
2026-01-14 14:00:00+00:00,0.169,False,False,0.0,0.169
2026-01-14 14:30:00+00:00,0.163,False,False,0.0,0.163
2026-01-14 15:00:00+00:00,0.231,False,False,0.0,0.231
2026-01-14 15:30:00+00:00,0.194,False,False,0.0,0.194
2026-01-14 16:00:00+00:00,0.32,False,False,0.0,0.32
2026-01-14 16:30:00+00:00,0.361,False,False,0.0,0.361
2026-01-14 17:00:00+00:00,0.301,False,False,0.0,0.301
2026-01-14 17:30:00+00:00,0.237,False,False,0.0,0.237
2026-01-14 18:00:00+00:00,0.18,False,False,0.0,0.18
2026-01-14 18:30:00+00:00,0.188,False,False,0.0,0.188
2026-01-14 19:00:00+00:00,0.174,False,False,0.0,0.174
2026-01-14 19:30:00+00:00,0.168,False,False,0.0,0.168
2026-01-14 20:00:00+00:00,0.305,False,False,0.0,0.305
2026-01-14 20:30:00+00:00,0.302,False,False,0.0,0.302
2026-01-14 21:00:00+00:00,0.289,False,False,0.0,0.289
2026-01-14 21:30:00+00:00,0.264,False,False,0.0,0.264
2026-01-14 22:00:00+00:00,0.216,False,False,0.0,0.216
2026-01-14 22:30:00+00:00,0.102,False,False,0.0,0.102
2026-01-14 23:00:00+00:00,0.132,True,False,0.0,0.132
2026-01-14 23:30:00+00:00,0.089,True,False,0.0,0.089
2026-01-15 00:00:00+00:00,0.085,True,False,0.0,0.085
2026-01-15 00:30:00+00:00,0.08,True,False,0.0,0.08
2026-01-15 01:00:00+00:00,0.08,True,False,0.0,0.08
2026-01-15 01:30:00+00:00,0.08,True,False,0.0,0.08
2026-01-15 02:00:00+00:00,0.08,True,False,0.0,0.08
2026-01-15 02:30:00+00:00,0.063,True,False,0.0,0.063
2026-01-15 03:00:00+00:00,0.069,True,False,0.0,0.069
2026-01-15 03:30:00+00:00,0.067,True,False,0.0,0.067
2026-01-15 04:00:00+00:00,0.066,True,False,0.0,0.066
2026-01-15 04:30:00+00:00,0.056,True,False,0.0,0.056
2026-01-15 05:00:00+00:00,0.069,False,False,0.0,0.069
2026-01-15 05:30:00+00:00,0.07,False,False,0.0,0.07
2026-01-15 06:00:00+00:00,0.066,False,False,0.0,0.066
2026-01-15 06:30:00+00:00,0.106,False,False,0.0,0.106
2026-01-15 07:00:00+00:00,0.372,False,False,0.0,0.372
2026-01-15 07:30:00+00:00,0.423,False,False,0.0,0.423
2026-01-15 08:00:00+00:00,0.334,False,False,0.0,0.334
2026-01-15 08:30:00+00:00,0.156,False,False,0.0,0.156
2026-01-15 09:00:00+00:00,0.108,False,False,0.0,0.108
2026-01-15 09:30:00+00:00,0.11,False,False,0.0,0.11
2026-01-15 10:00:00+00:00,0.074,False,False,0.0,0.074
2026-01-15 10:30:00+00:00,0.073,False,False,0.0,0.073
2026-01-15 11:00:00+00:00,0.07,False,False,0.0,0.07
2026-01-15 11:30:00+00:00,0.072,False,False,0.0,0.072
2026-01-15 12:00:00+00:00,0.096,False,False,0.0,0.096
2026-01-15 12:30:00+00:00,0.097,False,False,0.0,0.097
2026-01-15 13:00:00+00:00,0.061,False,False,0.0,0.061
2026-01-15 13:30:00+00:00,0.072,False,False,0.0,0.072
2026-01-15 14:00:00+00:00,0.072,False,False,0.0,0.072
2026-01-15 14:30:00+00:00,0.059,False,False,0.0,0.059
2026-01-15 15:00:00+00:00,0.074,False,False,0.0,0.074
2026-01-15 15:30:00+00:00,1.016,False,False,0.0,1.016
2026-01-15 16:00:00+00:00,0.468,False,False,0.0,0.468
2026-01-15 16:30:00+00:00,0.296,False,False,0.0,0.296
2026-01-15 17:00:00+00:00,1.61,False,False,0.0,1.61
2026-01-15 17:30:00+00:00,0.377,False,False,0.0,0.377
2026-01-15 18:00:00+00:00,0.227,False,False,0.0,0.227
2026-01-15 18:30:00+00:00,0.199,False,False,0.0,0.199
2026-01-15 19:00:00+00:00,0.524,False,False,0.0,0.524
2026-01-15 19:30:00+00:00,0.274,False,False,0.0,0.274
2026-01-15 20:00:00+00:00,0.207,False,False,0.0,0.207
2026-01-15 20:30:00+00:00,0.359,False,False,0.0,0.359
2026-01-15 21:00:00+00:00,0.201,False,False,0.0,0.201
2026-01-15 21:30:00+00:00,0.162,False,False,0.0,0.162
2026-01-15 22:00:00+00:00,0.16,False,False,0.0,0.16
2026-01-15 22:30:00+00:00,0.15,False,False,0.0,0.15
2026-01-15 23:00:00+00:00,0.12,True,False,0.0,0.12
2026-01-15 23:30:00+00:00,0.128,True,False,0.0,0.128
2026-01-16 00:00:00+00:00,0.124,True,False,0.0,0.124
2026-01-16 00:30:00+00:00,0.105,True,False,0.0,0.105
2026-01-16 01:00:00+00:00,0.088,True,False,0.0,0.088
2026-01-16 01:30:00+00:00,0.085,True,False,0.0,0.085
2026-01-16 02:00:00+00:00,0.08,True,False,0.0,0.08
2026-01-16 02:30:00+00:00,0.072,True,False,0.0,0.072
2026-01-16 03:00:00+00:00,0.067,True,False,0.0,0.067
2026-01-16 03:30:00+00:00,0.07,True,False,0.0,0.07
2026-01-16 04:00:00+00:00,0.06,True,False,0.0,0.06
2026-01-16 04:30:00+00:00,0.068,True,False,0.0,0.068
2026-01-16 05:00:00+00:00,0.066,False,False,0.0,0.066
2026-01-16 05:30:00+00:00,0.061,False,False,0.0,0.061
2026-01-16 06:00:00+00:00,0.075,False,False,0.0,0.075
2026-01-16 06:30:00+00:00,0.105,False,False,0.0,0.105
2026-01-16 07:00:00+00:00,0.17,False,False,0.0,0.17
2026-01-16 07:30:00+00:00,0.751,False,False,0.0,0.751
2026-01-16 08:00:00+00:00,0.413,False,False,0.0,0.413
2026-01-16 08:30:00+00:00,0.642,False,False,0.0,0.642
2026-01-16 09:00:00+00:00,1.36,False,False,0.0,1.36
2026-01-16 09:30:00+00:00,0.492,False,False,0.0,0.492
2026-01-16 10:00:00+00:00,0.221,False,False,0.0,0.221
2026-01-16 10:30:00+00:00,0.224,False,False,0.0,0.224
2026-01-16 11:00:00+00:00,0.268,False,False,0.0,0.268
2026-01-16 11:30:00+00:00,2.287,False,True,2.0549999999999997,0.2320000000000002
2026-01-16 12:00:00+00:00,3.852,False,True,3.589,0.2629999999999999
2026-01-16 12:30:00+00:00,3.814,False,True,3.552,0.262
2026-01-16 13:00:00+00:00,3.383,False,True,3.144,0.23899999999999988
2026-01-16 13:30:00+00:00,0.505,False,False,0.0,0.505
2026-01-16 14:00:00+00:00,3.858,False,True,3.642,0.2160000000000002
2026-01-16 14:30:00+00:00,0.74,False,False,0.0,0.74
2026-01-16 15:00:00+00:00,0.123,False,False,0.0,0.123
2026-01-16 15:30:00+00:00,0.165,False,False,0.0,0.165
2026-01-16 16:00:00+00:00,0.816,False,False,0.0,0.816
2026-01-16 16:30:00+00:00,3.977,False,True,3.609,0.3679999999999999
2026-01-16 17:00:00+00:00,0.32,False,False,0.0,0.32
2026-01-16 17:30:00+00:00,0.312,False,False,0.0,0.312
2026-01-16 18:00:00+00:00,0.228,False,False,0.0,0.228
2026-01-16 18:30:00+00:00,0.182,False,False,0.0,0.182
2026-01-16 19:00:00+00:00,0.561,False,False,0.0,0.561
2026-01-16 19:30:00+00:00,0.338,False,False,0.0,0.338
2026-01-16 20:00:00+00:00,1.928,False,False,0.0,1.928
2026-01-16 20:30:00+00:00,0.188,False,False,0.0,0.188
2026-01-16 21:00:00+00:00,4.127,False,True,3.925,0.20199999999999996
2026-01-16 21:30:00+00:00,0.166,False,False,0.0,0.166
2026-01-16 22:00:00+00:00,0.146,False,False,0.0,0.146
2026-01-16 22:30:00+00:00,0.149,False,False,0.0,0.149
2026-01-16 23:00:00+00:00,3.793,True,True,3.6745,0.11850000000000005
2026-01-16 23:30:00+00:00,0.204,True,False,0.0,0.204
2026-01-17 00:00:00+00:00,3.807,True,True,3.7119999999999997,0.0950000000000002
2026-01-17 00:30:00+00:00,1.869,True,True,1.779,0.09000000000000008
2026-01-17 01:00:00+00:00,3.786,True,True,3.698,0.08800000000000008
2026-01-17 01:30:00+00:00,3.815,True,True,3.729,0.08599999999999985
2026-01-17 02:00:00+00:00,3.822,True,True,3.737,0.08499999999999996
2026-01-17 02:30:00+00:00,3.803,True,True,3.725,0.07799999999999985
2026-01-17 03:00:00+00:00,0.208,True,False,0.0,0.208
2026-01-17 03:30:00+00:00,0.071,True,False,0.0,0.071
2026-01-17 04:00:00+00:00,0.067,True,False,0.0,0.067
2026-01-17 04:30:00+00:00,0.057,True,False,0.0,0.057
2026-01-17 05:00:00+00:00,0.069,False,False,0.0,0.069
2026-01-17 05:30:00+00:00,0.072,False,False,0.0,0.072
2026-01-17 06:00:00+00:00,0.067,False,False,0.0,0.067
2026-01-17 06:30:00+00:00,0.105,False,False,0.0,0.105
2026-01-17 07:00:00+00:00,0.329,False,False,0.0,0.329
2026-01-17 07:30:00+00:00,0.32,False,False,0.0,0.32
2026-01-17 08:00:00+00:00,0.615,False,False,0.0,0.615
2026-01-17 08:30:00+00:00,0.418,False,False,0.0,0.418
2026-01-17 09:00:00+00:00,0.531,False,False,0.0,0.531
2026-01-17 09:30:00+00:00,0.415,False,False,0.0,0.415
2026-01-17 10:00:00+00:00,0.281,False,False,0.0,0.281
2026-01-17 10:30:00+00:00,0.699,False,False,0.0,0.699
2026-01-17 11:00:00+00:00,0.347,False,False,0.0,0.347
2026-01-17 11:30:00+00:00,0.311,False,False,0.0,0.311
2026-01-17 12:00:00+00:00,0.28,False,False,0.0,0.28
2026-01-17 12:30:00+00:00,0.313,False,False,0.0,0.313
2026-01-17 13:00:00+00:00,0.226,False,False,0.0,0.226
2026-01-17 13:30:00+00:00,0.236,False,False,0.0,0.236
2026-01-17 14:00:00+00:00,0.272,False,False,0.0,0.272
2026-01-17 14:30:00+00:00,0.278,False,False,0.0,0.278
2026-01-17 15:00:00+00:00,0.197,False,False,0.0,0.197
2026-01-17 15:30:00+00:00,1.465,False,False,0.0,1.465
2026-01-17 16:00:00+00:00,1.99,False,False,0.0,1.99
2026-01-17 16:30:00+00:00,1.036,False,False,0.0,1.036
2026-01-17 17:00:00+00:00,0.772,False,False,0.0,0.772
2026-01-17 17:30:00+00:00,0.301,False,False,0.0,0.301
2026-01-17 18:00:00+00:00,0.209,False,False,0.0,0.209
2026-01-17 18:30:00+00:00,0.218,False,False,0.0,0.218
2026-01-17 19:00:00+00:00,0.528,False,False,0.0,0.528
2026-01-17 19:30:00+00:00,0.198,False,False,0.0,0.198
2026-01-17 20:00:00+00:00,0.163,False,False,0.0,0.163
2026-01-17 20:30:00+00:00,0.162,False,False,0.0,0.162
2026-01-17 21:00:00+00:00,0.152,False,False,0.0,0.152
2026-01-17 21:30:00+00:00,0.271,False,False,0.0,0.271
2026-01-17 22:00:00+00:00,0.273,False,False,0.0,0.273
2026-01-17 22:30:00+00:00,0.279,False,False,0.0,0.279
2026-01-17 23:00:00+00:00,0.281,True,False,0.0,0.281
2026-01-17 23:30:00+00:00,0.277,True,False,0.0,0.277
2026-01-18 00:00:00+00:00,0.23,True,False,0.0,0.23
2026-01-18 00:30:00+00:00,0.072,True,False,0.0,0.072
2026-01-18 01:00:00+00:00,0.075,True,False,0.0,0.075
2026-01-18 01:30:00+00:00,0.077,True,False,0.0,0.077
2026-01-18 02:00:00+00:00,0.069,True,False,0.0,0.069
2026-01-18 02:30:00+00:00,0.121,True,False,0.0,0.121
2026-01-18 03:00:00+00:00,0.07,True,False,0.0,0.07
2026-01-18 03:30:00+00:00,0.069,True,False,0.0,0.069
2026-01-18 04:00:00+00:00,0.07,True,False,0.0,0.07
2026-01-18 04:30:00+00:00,0.067,True,False,0.0,0.067
2026-01-18 05:00:00+00:00,0.068,False,False,0.0,0.068
2026-01-18 05:30:00+00:00,0.073,False,False,0.0,0.073
2026-01-18 06:00:00+00:00,0.069,False,False,0.0,0.069
2026-01-18 06:30:00+00:00,0.105,False,False,0.0,0.105
2026-01-18 07:00:00+00:00,0.197,False,False,0.0,0.197
2026-01-18 07:30:00+00:00,0.34,False,False,0.0,0.34
2026-01-18 08:00:00+00:00,0.717,False,False,0.0,0.717
2026-01-18 08:30:00+00:00,0.389,False,False,0.0,0.389
2026-01-18 09:00:00+00:00,0.324,False,False,0.0,0.324
2026-01-18 09:30:00+00:00,0.147,False,False,0.0,0.147
2026-01-18 10:00:00+00:00,0.097,False,False,0.0,0.097
2026-01-18 10:30:00+00:00,0.084,False,False,0.0,0.084
2026-01-18 11:00:00+00:00,0.084,False,False,0.0,0.084
2026-01-18 11:30:00+00:00,0.074,False,False,0.0,0.074
2026-01-18 12:00:00+00:00,0.091,False,False,0.0,0.091
2026-01-18 12:30:00+00:00,0.111,False,False,0.0,0.111
2026-01-18 13:00:00+00:00,0.113,False,False,0.0,0.113
2026-01-18 13:30:00+00:00,0.146,False,False,0.0,0.146
2026-01-18 14:00:00+00:00,0.387,False,False,0.0,0.387
2026-01-18 14:30:00+00:00,0.733,False,False,0.0,0.733
2026-01-18 15:00:00+00:00,0.901,False,False,0.0,0.901
2026-01-18 15:30:00+00:00,0.81,False,False,0.0,0.81
2026-01-18 16:00:00+00:00,0.764,False,False,0.0,0.764
2026-01-18 16:30:00+00:00,0.606,False,False,0.0,0.606
2026-01-18 17:00:00+00:00,0.228,False,False,0.0,0.228
2026-01-18 17:30:00+00:00,0.661,False,False,0.0,0.661
2026-01-18 18:00:00+00:00,0.306,False,False,0.0,0.306
2026-01-18 18:30:00+00:00,0.227,False,False,0.0,0.227
2026-01-18 19:00:00+00:00,0.181,False,False,0.0,0.181
2026-01-18 19:30:00+00:00,0.6,False,False,0.0,0.6
2026-01-18 20:00:00+00:00,0.302,False,False,0.0,0.302
2026-01-18 20:30:00+00:00,0.346,False,False,0.0,0.346
2026-01-18 21:00:00+00:00,0.348,False,False,0.0,0.348
2026-01-18 21:30:00+00:00,0.324,False,False,0.0,0.324
2026-01-18 22:00:00+00:00,0.143,False,False,0.0,0.143
2026-01-18 22:30:00+00:00,0.089,False,False,0.0,0.089
2026-01-18 23:00:00+00:00,0.085,True,False,0.0,0.085
2026-01-18 23:30:00+00:00,0.084,True,False,0.0,0.084
2026-01-19 00:00:00+00:00,0.086,True,False,0.0,0.086
2026-01-19 00:30:00+00:00,0.091,True,False,0.0,0.091
2026-01-19 01:00:00+00:00,0.073,True,False,0.0,0.073
2026-01-19 01:30:00+00:00,0.084,True,False,0.0,0.084
2026-01-19 02:00:00+00:00,0.081,True,False,0.0,0.081
2026-01-19 02:30:00+00:00,0.074,True,False,0.0,0.074
2026-01-19 03:00:00+00:00,0.072,True,False,0.0,0.072
2026-01-19 03:30:00+00:00,0.071,True,False,0.0,0.071
2026-01-19 04:00:00+00:00,0.059,True,False,0.0,0.059
2026-01-19 04:30:00+00:00,0.071,True,False,0.0,0.071
2026-01-19 05:00:00+00:00,0.069,False,False,0.0,0.069
2026-01-19 05:30:00+00:00,0.061,False,False,0.0,0.061
2026-01-19 06:00:00+00:00,0.081,False,False,0.0,0.081
2026-01-19 06:30:00+00:00,0.107,False,False,0.0,0.107
2026-01-19 07:00:00+00:00,0.419,False,False,0.0,0.419
2026-01-19 07:30:00+00:00,0.583,False,False,0.0,0.583
2026-01-19 08:00:00+00:00,0.541,False,False,0.0,0.541
2026-01-19 08:30:00+00:00,0.274,False,False,0.0,0.274
2026-01-19 09:00:00+00:00,0.156,False,False,0.0,0.156
2026-01-19 09:30:00+00:00,0.138,False,False,0.0,0.138
2026-01-19 10:00:00+00:00,0.134,False,False,0.0,0.134
2026-01-19 10:30:00+00:00,0.143,False,False,0.0,0.143
2026-01-19 11:00:00+00:00,0.12,False,False,0.0,0.12
2026-01-19 11:30:00+00:00,0.142,False,False,0.0,0.142
2026-01-19 12:00:00+00:00,0.141,False,False,0.0,0.141
2026-01-19 12:30:00+00:00,0.261,False,False,0.0,0.261
2026-01-19 13:00:00+00:00,0.124,False,False,0.0,0.124
2026-01-19 13:30:00+00:00,0.133,False,False,0.0,0.133
2026-01-19 14:00:00+00:00,0.126,False,False,0.0,0.126
2026-01-19 14:30:00+00:00,0.131,False,False,0.0,0.131
2026-01-19 15:00:00+00:00,0.209,False,False,0.0,0.209
2026-01-19 15:30:00+00:00,0.159,False,False,0.0,0.159
2026-01-19 16:00:00+00:00,1.128,False,False,0.0,1.128
2026-01-19 16:30:00+00:00,0.226,False,False,0.0,0.226
2026-01-19 17:00:00+00:00,0.301,False,False,0.0,0.301
2026-01-19 17:30:00+00:00,0.539,False,False,0.0,0.539
2026-01-19 18:00:00+00:00,0.981,False,False,0.0,0.981
2026-01-19 18:30:00+00:00,0.8,False,False,0.0,0.8
2026-01-19 19:00:00+00:00,0.551,False,False,0.0,0.551
2026-01-19 19:30:00+00:00,0.378,False,False,0.0,0.378
2026-01-19 20:00:00+00:00,0.152,False,False,0.0,0.152
2026-01-19 20:30:00+00:00,0.467,False,False,0.0,0.467
2026-01-19 21:00:00+00:00,0.345,False,False,0.0,0.345
2026-01-19 21:30:00+00:00,0.157,False,False,0.0,0.157
2026-01-19 22:00:00+00:00,0.144,False,False,0.0,0.144
2026-01-19 22:30:00+00:00,0.095,False,False,0.0,0.095
2026-01-19 23:00:00+00:00,0.087,True,False,0.0,0.087
2026-01-19 23:30:00+00:00,0.074,True,False,0.0,0.074
2026-01-20 00:00:00+00:00,0.083,True,False,0.0,0.083
2026-01-20 00:30:00+00:00,0.124,True,False,0.0,0.124
2026-01-20 01:00:00+00:00,0.084,True,False,0.0,0.084
2026-01-20 01:30:00+00:00,0.081,True,False,0.0,0.081
2026-01-20 02:00:00+00:00,0.08,True,False,0.0,0.08
2026-01-20 02:30:00+00:00,0.073,True,False,0.0,0.073
2026-01-20 03:00:00+00:00,0.069,True,False,0.0,0.069
2026-01-20 03:30:00+00:00,0.068,True,False,0.0,0.068
2026-01-20 04:00:00+00:00,0.062,True,False,0.0,0.062
2026-01-20 04:30:00+00:00,0.065,True,False,0.0,0.065
2026-01-20 05:00:00+00:00,0.068,False,False,0.0,0.068
2026-01-20 05:30:00+00:00,0.071,False,False,0.0,0.071
2026-01-20 06:00:00+00:00,0.071,False,False,0.0,0.071
2026-01-20 06:30:00+00:00,0.107,False,False,0.0,0.107
2026-01-20 07:00:00+00:00,0.192,False,False,0.0,0.192
2026-01-20 07:30:00+00:00,0.544,False,False,0.0,0.544
2026-01-20 08:00:00+00:00,0.349,False,False,0.0,0.349
2026-01-20 08:30:00+00:00,0.648,False,False,0.0,0.648
2026-01-20 09:00:00+00:00,0.352,False,False,0.0,0.352
2026-01-20 09:30:00+00:00,0.13,False,False,0.0,0.13
2026-01-20 10:00:00+00:00,0.086,False,False,0.0,0.086
2026-01-20 10:30:00+00:00,0.085,False,False,0.0,0.085
2026-01-20 11:00:00+00:00,0.084,False,False,0.0,0.084
2026-01-20 11:30:00+00:00,0.077,False,False,0.0,0.077
2026-01-20 12:00:00+00:00,0.105,False,False,0.0,0.105
2026-01-20 12:30:00+00:00,0.109,False,False,0.0,0.109
2026-01-20 13:00:00+00:00,0.086,False,False,0.0,0.086
2026-01-20 13:30:00+00:00,0.077,False,False,0.0,0.077
2026-01-20 14:00:00+00:00,0.081,False,False,0.0,0.081
2026-01-20 14:30:00+00:00,0.084,False,False,0.0,0.084
2026-01-20 15:00:00+00:00,0.083,False,False,0.0,0.083
2026-01-20 15:30:00+00:00,0.123,False,False,0.0,0.123
2026-01-20 16:00:00+00:00,0.377,False,False,0.0,0.377
2026-01-20 16:30:00+00:00,0.321,False,False,0.0,0.321
2026-01-20 17:00:00+00:00,0.253,False,False,0.0,0.253
2026-01-20 17:30:00+00:00,0.245,False,False,0.0,0.245
2026-01-20 18:00:00+00:00,0.157,False,False,0.0,0.157
2026-01-20 18:30:00+00:00,0.156,False,False,0.0,0.156
2026-01-20 19:00:00+00:00,0.159,False,False,0.0,0.159
2026-01-20 19:30:00+00:00,0.436,False,False,0.0,0.436
2026-01-20 20:00:00+00:00,0.378,False,False,0.0,0.378
2026-01-20 20:30:00+00:00,0.154,False,False,0.0,0.154
2026-01-20 21:00:00+00:00,0.153,False,False,0.0,0.153
2026-01-20 21:30:00+00:00,0.441,False,False,0.0,0.441
2026-01-20 22:00:00+00:00,0.105,False,False,0.0,0.105
2026-01-20 22:30:00+00:00,0.105,False,False,0.0,0.105
2026-01-20 23:00:00+00:00,0.103,True,False,0.0,0.103
2026-01-20 23:30:00+00:00,0.085,True,False,0.0,0.085
2026-01-21 00:00:00+00:00,0.08,True,False,0.0,0.08
2026-01-21 00:30:00+00:00,0.087,True,False,0.0,0.087
2026-01-21 01:00:00+00:00,0.08,True,False,0.0,0.08
2026-01-21 01:30:00+00:00,0.076,True,False,0.0,0.076
2026-01-21 02:00:00+00:00,0.08,True,False,0.0,0.08
2026-01-21 02:30:00+00:00,0.069,True,False,0.0,0.069
2026-01-21 03:00:00+00:00,0.115,True,False,0.0,0.115
2026-01-21 03:30:00+00:00,0.073,True,False,0.0,0.073
2026-01-21 04:00:00+00:00,0.072,True,False,0.0,0.072
2026-01-21 04:30:00+00:00,0.07,True,False,0.0,0.07
2026-01-21 05:00:00+00:00,0.069,False,False,0.0,0.069
2026-01-21 05:30:00+00:00,0.073,False,False,0.0,0.073
2026-01-21 06:00:00+00:00,0.082,False,False,0.0,0.082
2026-01-21 06:30:00+00:00,0.094,False,False,0.0,0.094
2026-01-21 07:00:00+00:00,0.187,False,False,0.0,0.187
2026-01-21 07:30:00+00:00,0.831,False,False,0.0,0.831
2026-01-21 08:00:00+00:00,0.456,False,False,0.0,0.456
2026-01-21 08:30:00+00:00,0.434,False,False,0.0,0.434
2026-01-21 09:00:00+00:00,1.728,False,False,0.0,1.728
2026-01-21 09:30:00+00:00,1.177,False,False,0.0,1.177
2026-01-21 10:00:00+00:00,0.245,False,False,0.0,0.245
2026-01-21 10:30:00+00:00,0.292,False,False,0.0,0.292
2026-01-21 11:00:00+00:00,0.461,False,False,0.0,0.461
2026-01-21 11:30:00+00:00,0.153,False,False,0.0,0.153
2026-01-21 12:00:00+00:00,0.166,False,False,0.0,0.166
2026-01-21 12:30:00+00:00,0.54,False,False,0.0,0.54
2026-01-21 13:00:00+00:00,0.267,False,False,0.0,0.267
2026-01-21 13:30:00+00:00,0.229,False,False,0.0,0.229
2026-01-21 14:00:00+00:00,0.188,False,False,0.0,0.188
2026-01-21 14:30:00+00:00,0.181,False,False,0.0,0.181
2026-01-21 15:00:00+00:00,0.234,False,False,0.0,0.234
2026-01-21 15:30:00+00:00,0.225,False,False,0.0,0.225
2026-01-21 16:00:00+00:00,0.29,False,False,0.0,0.29
2026-01-21 16:30:00+00:00,0.353,False,False,0.0,0.353
2026-01-21 17:00:00+00:00,0.351,False,False,0.0,0.351
2026-01-21 17:30:00+00:00,0.328,False,False,0.0,0.328
2026-01-21 18:00:00+00:00,0.92,False,False,0.0,0.92
2026-01-21 18:30:00+00:00,0.941,False,False,0.0,0.941
2026-01-21 19:00:00+00:00,0.505,False,False,0.0,0.505
2026-01-21 19:30:00+00:00,0.211,False,False,0.0,0.211
2026-01-21 20:00:00+00:00,0.215,False,False,0.0,0.215
2026-01-21 20:30:00+00:00,0.211,False,False,0.0,0.211
2026-01-21 21:00:00+00:00,0.214,False,False,0.0,0.214
2026-01-21 21:30:00+00:00,0.216,False,False,0.0,0.216
2026-01-21 22:00:00+00:00,0.221,False,False,0.0,0.221
2026-01-21 22:30:00+00:00,0.188,False,False,0.0,0.188
2026-01-21 23:00:00+00:00,0.179,True,False,0.0,0.179
2026-01-21 23:30:00+00:00,0.176,True,False,0.0,0.176
2026-01-22 00:00:00+00:00,0.173,True,False,0.0,0.173
2026-01-22 00:30:00+00:00,0.092,True,False,0.0,0.092
2026-01-22 01:00:00+00:00,0.094,True,False,0.0,0.094
2026-01-22 01:30:00+00:00,0.08,True,False,0.0,0.08
2026-01-22 02:00:00+00:00,0.088,True,False,0.0,0.088
2026-01-22 02:30:00+00:00,0.079,True,False,0.0,0.079
2026-01-22 03:00:00+00:00,0.065,True,False,0.0,0.065
2026-01-22 03:30:00+00:00,0.079,True,False,0.0,0.079
2026-01-22 04:00:00+00:00,0.076,True,False,0.0,0.076
2026-01-22 04:30:00+00:00,0.065,True,False,0.0,0.065
2026-01-22 05:00:00+00:00,0.076,False,False,0.0,0.076
2026-01-22 05:30:00+00:00,0.078,False,False,0.0,0.078
2026-01-22 06:00:00+00:00,0.075,False,False,0.0,0.075
2026-01-22 06:30:00+00:00,0.114,False,False,0.0,0.114
2026-01-22 07:00:00+00:00,0.164,False,False,0.0,0.164
2026-01-22 07:30:00+00:00,0.61,False,False,0.0,0.61
2026-01-22 08:00:00+00:00,0.387,False,False,0.0,0.387
2026-01-22 08:30:00+00:00,0.243,False,False,0.0,0.243
2026-01-22 09:00:00+00:00,0.19,False,False,0.0,0.19
2026-01-22 09:30:00+00:00,0.624,False,False,0.0,0.624
2026-01-22 10:00:00+00:00,0.887,False,False,0.0,0.887
2026-01-22 10:30:00+00:00,0.326,False,False,0.0,0.326
2026-01-22 11:00:00+00:00,0.755,False,False,0.0,0.755
2026-01-22 11:30:00+00:00,1.111,False,False,0.0,1.111
2026-01-22 12:00:00+00:00,0.499,False,False,0.0,0.499
2026-01-22 12:30:00+00:00,0.329,False,False,0.0,0.329
2026-01-22 13:00:00+00:00,0.154,False,False,0.0,0.154
2026-01-22 13:30:00+00:00,0.141,False,False,0.0,0.141
2026-01-22 14:00:00+00:00,0.269,False,False,0.0,0.269
2026-01-22 14:30:00+00:00,0.405,False,False,0.0,0.405
2026-01-22 15:00:00+00:00,0.383,False,False,0.0,0.383
2026-01-22 15:30:00+00:00,0.317,False,False,0.0,0.317
2026-01-22 16:00:00+00:00,1.07,False,False,0.0,1.07
2026-01-22 16:30:00+00:00,0.383,False,False,0.0,0.383
2026-01-22 17:00:00+00:00,0.26,False,False,0.0,0.26
2026-01-22 17:30:00+00:00,0.268,False,False,0.0,0.268
2026-01-22 18:00:00+00:00,0.2,False,False,0.0,0.2
2026-01-22 18:30:00+00:00,0.681,False,False,0.0,0.681
2026-01-22 19:00:00+00:00,0.212,False,False,0.0,0.212
2026-01-22 19:30:00+00:00,0.222,False,False,0.0,0.222
2026-01-22 20:00:00+00:00,0.28,False,False,0.0,0.28
2026-01-22 20:30:00+00:00,0.675,False,False,0.0,0.675
2026-01-22 21:00:00+00:00,0.215,False,False,0.0,0.215
2026-01-22 21:30:00+00:00,0.201,False,False,0.0,0.201
2026-01-22 22:00:00+00:00,0.132,False,False,0.0,0.132
2026-01-22 22:30:00+00:00,0.102,False,False,0.0,0.102
2026-01-22 23:00:00+00:00,0.1,True,False,0.0,0.1
2026-01-22 23:30:00+00:00,0.093,True,False,0.0,0.093
2026-01-23 00:00:00+00:00,0.09,True,False,0.0,0.09
2026-01-23 00:30:00+00:00,0.08,True,False,0.0,0.08
2026-01-23 01:00:00+00:00,0.09,True,False,0.0,0.09
2026-01-23 01:30:00+00:00,0.088,True,False,0.0,0.088
2026-01-23 02:00:00+00:00,0.078,True,False,0.0,0.078
2026-01-23 02:30:00+00:00,0.082,True,False,0.0,0.082
2026-01-23 03:00:00+00:00,0.078,True,False,0.0,0.078
2026-01-23 03:30:00+00:00,0.068,True,False,0.0,0.068
2026-01-23 04:00:00+00:00,0.079,True,False,0.0,0.079
2026-01-23 04:30:00+00:00,0.077,True,False,0.0,0.077
2026-01-23 05:00:00+00:00,0.123,False,False,0.0,0.123
2026-01-23 05:30:00+00:00,0.086,False,False,0.0,0.086
2026-01-23 06:00:00+00:00,0.091,False,False,0.0,0.091
2026-01-23 06:30:00+00:00,0.117,False,False,0.0,0.117
2026-01-23 07:00:00+00:00,0.174,False,False,0.0,0.174
2026-01-23 07:30:00+00:00,0.784,False,False,0.0,0.784
2026-01-23 08:00:00+00:00,0.413,False,False,0.0,0.413
2026-01-23 08:30:00+00:00,0.804,False,False,0.0,0.804
2026-01-23 09:00:00+00:00,1.284,False,False,0.0,1.284
2026-01-23 09:30:00+00:00,1.266,False,False,0.0,1.266
2026-01-23 10:00:00+00:00,0.244,False,False,0.0,0.244
2026-01-23 10:30:00+00:00,0.158,False,False,0.0,0.158
2026-01-23 11:00:00+00:00,0.258,False,False,0.0,0.258
2026-01-23 11:30:00+00:00,0.195,False,False,0.0,0.195
2026-01-23 12:00:00+00:00,0.286,False,False,0.0,0.286
2026-01-23 12:30:00+00:00,0.295,False,False,0.0,0.295
2026-01-23 13:00:00+00:00,0.16,False,False,0.0,0.16
2026-01-23 13:30:00+00:00,0.324,False,False,0.0,0.324
2026-01-23 14:00:00+00:00,0.141,False,False,0.0,0.141
2026-01-23 14:30:00+00:00,0.131,False,False,0.0,0.131
2026-01-23 15:00:00+00:00,0.15,False,False,0.0,0.15
2026-01-23 15:30:00+00:00,0.305,False,False,0.0,0.305
2026-01-23 16:00:00+00:00,0.341,False,False,0.0,0.341
2026-01-23 16:30:00+00:00,0.255,False,False,0.0,0.255
2026-01-23 17:00:00+00:00,0.257,False,False,0.0,0.257
2026-01-23 17:30:00+00:00,0.273,False,False,0.0,0.273
2026-01-23 18:00:00+00:00,0.254,False,False,0.0,0.254
2026-01-23 18:30:00+00:00,0.156,False,False,0.0,0.156
2026-01-23 19:00:00+00:00,0.239,False,False,0.0,0.239
2026-01-23 19:30:00+00:00,0.163,False,False,0.0,0.163
2026-01-23 20:00:00+00:00,0.263,False,False,0.0,0.263
2026-01-23 20:30:00+00:00,0.189,False,False,0.0,0.189
2026-01-23 21:00:00+00:00,0.182,False,False,0.0,0.182
2026-01-23 21:30:00+00:00,0.519,False,False,0.0,0.519
2026-01-23 22:00:00+00:00,1.922,False,False,0.0,1.922
2026-01-23 22:30:00+00:00,1.999,False,False,0.0,1.999
2026-01-23 23:00:00+00:00,3.922,True,True,3.8035,0.11850000000000005
2026-01-23 23:30:00+00:00,3.851,True,True,3.747,0.10400000000000009
2026-01-24 00:00:00+00:00,3.846,True,True,3.751,0.0950000000000002
2026-01-24 00:30:00+00:00,3.806,True,True,3.716,0.08999999999999986
2026-01-24 01:00:00+00:00,3.79,True,True,3.702,0.08800000000000008
2026-01-24 01:30:00+00:00,3.816,True,True,3.73,0.08599999999999985
2026-01-24 02:00:00+00:00,3.821,True,True,3.736,0.08499999999999996
2026-01-24 02:30:00+00:00,3.807,True,True,3.729,0.07799999999999985
2026-01-24 03:00:00+00:00,3.833,True,True,3.7590000000000003,0.07399999999999984
2026-01-24 03:30:00+00:00,3.828,True,True,3.7529999999999997,0.07500000000000018
2026-01-24 04:00:00+00:00,2.448,True,True,2.374,0.07399999999999984
2026-01-24 04:30:00+00:00,0.101,True,False,0.0,0.101
2026-01-24 05:00:00+00:00,0.071,False,False,0.0,0.071
2026-01-24 05:30:00+00:00,0.079,False,False,0.0,0.079
2026-01-24 06:00:00+00:00,0.087,False,False,0.0,0.087
2026-01-24 06:30:00+00:00,0.102,False,False,0.0,0.102
2026-01-24 07:00:00+00:00,0.222,False,False,0.0,0.222
2026-01-24 07:30:00+00:00,0.919,False,False,0.0,0.919
2026-01-24 08:00:00+00:00,0.681,False,False,0.0,0.681
2026-01-24 08:30:00+00:00,0.439,False,False,0.0,0.439
2026-01-24 09:00:00+00:00,0.854,False,False,0.0,0.854
2026-01-24 09:30:00+00:00,1.077,False,False,0.0,1.077
2026-01-24 10:00:00+00:00,0.244,False,False,0.0,0.244
2026-01-24 10:30:00+00:00,0.326,False,False,0.0,0.326
2026-01-24 11:00:00+00:00,1.159,False,False,0.0,1.159
2026-01-24 11:30:00+00:00,1.936,False,False,0.0,1.936
2026-01-24 12:00:00+00:00,0.771,False,False,0.0,0.771
2026-01-24 12:30:00+00:00,0.218,False,False,0.0,0.218
2026-01-24 13:00:00+00:00,0.126,False,False,0.0,0.126
2026-01-24 13:30:00+00:00,0.165,False,False,0.0,0.165
2026-01-24 14:00:00+00:00,0.136,False,False,0.0,0.136
2026-01-24 14:30:00+00:00,0.17,False,False,0.0,0.17
2026-01-24 15:00:00+00:00,0.343,False,False,0.0,0.343
2026-01-24 15:30:00+00:00,0.707,False,False,0.0,0.707
2026-01-24 16:00:00+00:00,0.909,False,False,0.0,0.909
2026-01-24 16:30:00+00:00,0.306,False,False,0.0,0.306
2026-01-24 17:00:00+00:00,0.244,False,False,0.0,0.244
2026-01-24 17:30:00+00:00,0.304,False,False,0.0,0.304
2026-01-24 18:00:00+00:00,0.28,False,False,0.0,0.28
2026-01-24 18:30:00+00:00,0.683,False,False,0.0,0.683
2026-01-24 19:00:00+00:00,0.533,False,False,0.0,0.533
2026-01-24 19:30:00+00:00,0.203,False,False,0.0,0.203
2026-01-24 20:00:00+00:00,0.206,False,False,0.0,0.206
2026-01-24 20:30:00+00:00,0.51,False,False,0.0,0.51
2026-01-24 21:00:00+00:00,0.193,False,False,0.0,0.193
2026-01-24 21:30:00+00:00,0.169,False,False,0.0,0.169
2026-01-24 22:00:00+00:00,0.159,False,False,0.0,0.159
2026-01-24 22:30:00+00:00,0.16,False,False,0.0,0.16
2026-01-24 23:00:00+00:00,0.116,True,False,0.0,0.116
2026-01-24 23:30:00+00:00,0.093,True,False,0.0,0.093
2026-01-25 00:00:00+00:00,0.083,True,False,0.0,0.083
2026-01-25 00:30:00+00:00,0.092,True,False,0.0,0.092
2026-01-25 01:00:00+00:00,0.089,True,False,0.0,0.089
2026-01-25 01:30:00+00:00,0.087,True,False,0.0,0.087
2026-01-25 02:00:00+00:00,0.075,True,False,0.0,0.075
2026-01-25 02:30:00+00:00,0.081,True,False,0.0,0.081
2026-01-25 03:00:00+00:00,0.078,True,False,0.0,0.078
2026-01-25 03:30:00+00:00,0.071,True,False,0.0,0.071
2026-01-25 04:00:00+00:00,0.074,True,False,0.0,0.074
2026-01-25 04:30:00+00:00,0.077,True,False,0.0,0.077
2026-01-25 05:00:00+00:00,0.073,False,False,0.0,0.073
2026-01-25 05:30:00+00:00,0.072,False,False,0.0,0.072
2026-01-25 06:00:00+00:00,0.087,False,False,0.0,0.087
2026-01-25 06:30:00+00:00,0.111,False,False,0.0,0.111
2026-01-25 07:00:00+00:00,0.123,False,False,0.0,0.123
2026-01-25 07:30:00+00:00,0.167,False,False,0.0,0.167
2026-01-25 08:00:00+00:00,0.372,False,False,0.0,0.372
2026-01-25 08:30:00+00:00,0.373,False,False,0.0,0.373
2026-01-25 09:00:00+00:00,0.321,False,False,0.0,0.321
2026-01-25 09:30:00+00:00,0.35,False,False,0.0,0.35
2026-01-25 10:00:00+00:00,0.667,False,False,0.0,0.667
2026-01-25 10:30:00+00:00,0.131,False,False,0.0,0.131
2026-01-25 11:00:00+00:00,0.133,False,False,0.0,0.133
2026-01-25 11:30:00+00:00,0.218,False,False,0.0,0.218
2026-01-25 12:00:00+00:00,0.277,False,False,0.0,0.277
2026-01-25 12:30:00+00:00,0.259,False,False,0.0,0.259
2026-01-25 13:00:00+00:00,0.362,False,False,0.0,0.362
2026-01-25 13:30:00+00:00,0.171,False,False,0.0,0.171
2026-01-25 14:00:00+00:00,0.164,False,False,0.0,0.164
2026-01-25 14:30:00+00:00,0.184,False,False,0.0,0.184
2026-01-25 15:00:00+00:00,3.807,False,True,3.588,0.21899999999999986
2026-01-25 15:30:00+00:00,0.2,False,False,0.0,0.2
2026-01-25 16:00:00+00:00,0.226,False,False,0.0,0.226
2026-01-25 16:30:00+00:00,0.266,False,False,0.0,0.266
2026-01-25 17:00:00+00:00,0.292,False,False,0.0,0.292
2026-01-25 17:30:00+00:00,0.647,False,False,0.0,0.647
2026-01-25 18:00:00+00:00,0.463,False,False,0.0,0.463
2026-01-25 18:30:00+00:00,0.225,False,False,0.0,0.225
2026-01-25 19:00:00+00:00,0.704,False,False,0.0,0.704
2026-01-25 19:30:00+00:00,0.21,False,False,0.0,0.21
2026-01-25 20:00:00+00:00,0.401,False,False,0.0,0.401
2026-01-25 20:30:00+00:00,0.436,False,False,0.0,0.436
2026-01-25 21:00:00+00:00,0.512,False,False,0.0,0.512
2026-01-25 21:30:00+00:00,3.827,False,True,3.639,0.18800000000000017
2026-01-25 22:00:00+00:00,3.914,False,True,3.746,0.16800000000000015
2026-01-25 22:30:00+00:00,3.796,False,True,3.653,0.1429999999999998
2026-01-25 23:00:00+00:00,3.765,True,True,3.6465,0.11850000000000005
2026-01-25 23:30:00+00:00,3.793,True,True,3.689,0.10400000000000009
2026-01-26 00:00:00+00:00,3.771,True,True,3.6759999999999997,0.0950000000000002
2026-01-26 00:30:00+00:00,3.771,True,True,3.681,0.08999999999999986
2026-01-26 01:00:00+00:00,2.229,True,True,2.141,0.08800000000000008
2026-01-26 01:30:00+00:00,0.073,True,False,0.0,0.073
2026-01-26 02:00:00+00:00,0.075,True,False,0.0,0.075
2026-01-26 02:30:00+00:00,0.076,True,False,0.0,0.076
2026-01-26 03:00:00+00:00,0.076,True,False,0.0,0.076
2026-01-26 03:30:00+00:00,0.063,True,False,0.0,0.063
2026-01-26 04:00:00+00:00,0.069,True,False,0.0,0.069
2026-01-26 04:30:00+00:00,0.069,True,False,0.0,0.069
2026-01-26 05:00:00+00:00,0.057,False,False,0.0,0.057
2026-01-26 05:30:00+00:00,0.073,False,False,0.0,0.073
2026-01-26 06:00:00+00:00,0.08,False,False,0.0,0.08
2026-01-26 06:30:00+00:00,0.097,False,False,0.0,0.097
2026-01-26 07:00:00+00:00,0.194,False,False,0.0,0.194
2026-01-26 07:30:00+00:00,0.687,False,False,0.0,0.687
2026-01-26 08:00:00+00:00,0.551,False,False,0.0,0.551
2026-01-26 08:30:00+00:00,1.213,False,False,0.0,1.213
2026-01-26 09:00:00+00:00,1.18,False,False,0.0,1.18
2026-01-26 09:30:00+00:00,0.145,False,False,0.0,0.145
2026-01-26 10:00:00+00:00,0.217,False,False,0.0,0.217
2026-01-26 10:30:00+00:00,0.114,False,False,0.0,0.114
2026-01-26 11:00:00+00:00,0.12,False,False,0.0,0.12
2026-01-26 11:30:00+00:00,0.094,False,False,0.0,0.094
2026-01-26 12:00:00+00:00,0.256,False,False,0.0,0.256
2026-01-26 12:30:00+00:00,0.116,False,False,0.0,0.116
2026-01-26 13:00:00+00:00,0.153,False,False,0.0,0.153
2026-01-26 13:30:00+00:00,0.166,False,False,0.0,0.166
2026-01-26 14:00:00+00:00,0.142,False,False,0.0,0.142
2026-01-26 14:30:00+00:00,0.307,False,False,0.0,0.307
2026-01-26 15:00:00+00:00,0.175,False,False,0.0,0.175
2026-01-26 15:30:00+00:00,0.651,False,False,0.0,0.651
2026-01-26 16:00:00+00:00,1.034,False,False,0.0,1.034
2026-01-26 16:30:00+00:00,0.396,False,False,0.0,0.396
2026-01-26 17:00:00+00:00,0.428,False,False,0.0,0.428
2026-01-26 17:30:00+00:00,0.583,False,False,0.0,0.583
2026-01-26 18:00:00+00:00,0.252,False,False,0.0,0.252
2026-01-26 18:30:00+00:00,0.256,False,False,0.0,0.256
2026-01-26 19:00:00+00:00,0.232,False,False,0.0,0.232
2026-01-26 19:30:00+00:00,0.297,False,False,0.0,0.297
2026-01-26 20:00:00+00:00,0.691,False,False,0.0,0.691
2026-01-26 20:30:00+00:00,0.535,False,False,0.0,0.535
2026-01-26 21:00:00+00:00,0.316,False,False,0.0,0.316
2026-01-26 21:30:00+00:00,0.761,False,False,0.0,0.761
2026-01-26 22:00:00+00:00,0.288,False,False,0.0,0.288
2026-01-26 22:30:00+00:00,0.277,False,False,0.0,0.277
2026-01-26 23:00:00+00:00,0.225,True,False,0.0,0.225
2026-01-26 23:30:00+00:00,0.101,True,False,0.0,0.101
2026-01-27 00:00:00+00:00,0.14,True,False,0.0,0.14
2026-01-27 00:30:00+00:00,0.093,True,False,0.0,0.093
2026-01-27 01:00:00+00:00,0.093,True,False,0.0,0.093
2026-01-27 01:30:00+00:00,0.089,True,False,0.0,0.089
2026-01-27 02:00:00+00:00,0.089,True,False,0.0,0.089
2026-01-27 02:30:00+00:00,0.082,True,False,0.0,0.082
2026-01-27 03:00:00+00:00,0.079,True,False,0.0,0.079
2026-01-27 03:30:00+00:00,0.075,True,False,0.0,0.075
2026-01-27 04:00:00+00:00,0.075,True,False,0.0,0.075
2026-01-27 04:30:00+00:00,0.079,True,False,0.0,0.079
2026-01-27 05:00:00+00:00,0.077,False,False,0.0,0.077
2026-01-27 05:30:00+00:00,0.07,False,False,0.0,0.07
2026-01-27 06:00:00+00:00,0.091,False,False,0.0,0.091
2026-01-27 06:30:00+00:00,0.116,False,False,0.0,0.116
2026-01-27 07:00:00+00:00,0.168,False,False,0.0,0.168
2026-01-27 07:30:00+00:00,0.754,False,False,0.0,0.754
2026-01-27 08:00:00+00:00,0.382,False,False,0.0,0.382
2026-01-27 08:30:00+00:00,0.287,False,False,0.0,0.287
2026-01-27 09:00:00+00:00,0.194,False,False,0.0,0.194
2026-01-27 09:30:00+00:00,0.7,False,False,0.0,0.7
2026-01-27 10:00:00+00:00,0.241,False,False,0.0,0.241
2026-01-27 10:30:00+00:00,0.105,False,False,0.0,0.105
2026-01-27 11:00:00+00:00,0.103,False,False,0.0,0.103
2026-01-27 11:30:00+00:00,0.223,False,False,0.0,0.223
2026-01-27 12:00:00+00:00,0.257,False,False,0.0,0.257
2026-01-27 12:30:00+00:00,0.263,False,False,0.0,0.263
2026-01-27 13:00:00+00:00,0.257,False,False,0.0,0.257
2026-01-27 13:30:00+00:00,0.283,False,False,0.0,0.283
2026-01-27 14:00:00+00:00,0.334,False,False,0.0,0.334
2026-01-27 14:30:00+00:00,0.26,False,False,0.0,0.26
2026-01-27 15:00:00+00:00,0.186,False,False,0.0,0.186
2026-01-27 15:30:00+00:00,0.228,False,False,0.0,0.228
2026-01-27 16:00:00+00:00,0.312,False,False,0.0,0.312
2026-01-27 16:30:00+00:00,0.304,False,False,0.0,0.304
2026-01-27 17:00:00+00:00,1.146,False,False,0.0,1.146
2026-01-27 17:30:00+00:00,0.972,False,False,0.0,0.972
2026-01-27 18:00:00+00:00,0.535,False,False,0.0,0.535
2026-01-27 18:30:00+00:00,0.197,False,False,0.0,0.197
2026-01-27 19:00:00+00:00,0.219,False,False,0.0,0.219
2026-01-27 19:30:00+00:00,0.178,False,False,0.0,0.178
2026-01-27 20:00:00+00:00,0.307,False,False,0.0,0.307
2026-01-27 20:30:00+00:00,0.254,False,False,0.0,0.254
2026-01-27 21:00:00+00:00,0.314,False,False,0.0,0.314
2026-01-27 21:30:00+00:00,0.282,False,False,0.0,0.282
2026-01-27 22:00:00+00:00,0.267,False,False,0.0,0.267
2026-01-27 22:30:00+00:00,0.263,False,False,0.0,0.263
2026-01-27 23:00:00+00:00,0.263,True,False,0.0,0.263
2026-01-27 23:30:00+00:00,0.105,True,False,0.0,0.105
2026-01-28 00:00:00+00:00,0.098,True,False,0.0,0.098
2026-01-28 00:30:00+00:00,0.107,True,False,0.0,0.107
2026-01-28 01:00:00+00:00,0.081,True,False,0.0,0.081
2026-01-28 01:30:00+00:00,0.08,True,False,0.0,0.08
2026-01-28 02:00:00+00:00,0.078,True,False,0.0,0.078
2026-01-28 02:30:00+00:00,0.073,True,False,0.0,0.073
2026-01-28 03:00:00+00:00,0.07,True,False,0.0,0.07
2026-01-28 03:30:00+00:00,0.075,True,False,0.0,0.075
2026-01-28 04:00:00+00:00,0.055,True,False,0.0,0.055
2026-01-28 04:30:00+00:00,0.068,True,False,0.0,0.068
2026-01-28 05:00:00+00:00,0.068,False,False,0.0,0.068
2026-01-28 05:30:00+00:00,0.069,False,False,0.0,0.069
2026-01-28 06:00:00+00:00,0.071,False,False,0.0,0.071
2026-01-28 06:30:00+00:00,0.11,False,False,0.0,0.11
2026-01-28 07:00:00+00:00,0.186,False,False,0.0,0.186
2026-01-28 07:30:00+00:00,0.623,False,False,0.0,0.623
2026-01-28 08:00:00+00:00,0.518,False,False,0.0,0.518
2026-01-28 08:30:00+00:00,0.592,False,False,0.0,0.592
2026-01-28 09:00:00+00:00,0.719,False,False,0.0,0.719
2026-01-28 09:30:00+00:00,0.295,False,False,0.0,0.295
2026-01-28 10:00:00+00:00,0.125,False,False,0.0,0.125
2026-01-28 10:30:00+00:00,0.157,False,False,0.0,0.157
2026-01-28 11:00:00+00:00,0.413,False,False,0.0,0.413
2026-01-28 11:30:00+00:00,0.119,False,False,0.0,0.119
2026-01-28 12:00:00+00:00,0.227,False,False,0.0,0.227
2026-01-28 12:30:00+00:00,0.243,False,False,0.0,0.243
2026-01-28 13:00:00+00:00,0.135,False,False,0.0,0.135
2026-01-28 13:30:00+00:00,0.107,False,False,0.0,0.107
2026-01-28 14:00:00+00:00,0.119,False,False,0.0,0.119
2026-01-28 14:30:00+00:00,0.121,False,False,0.0,0.121
2026-01-28 15:00:00+00:00,0.28,False,False,0.0,0.28
2026-01-28 15:30:00+00:00,0.364,False,False,0.0,0.364
2026-01-28 16:00:00+00:00,0.308,False,False,0.0,0.308
2026-01-28 16:30:00+00:00,0.271,False,False,0.0,0.271
2026-01-28 17:00:00+00:00,0.319,False,False,0.0,0.319
2026-01-28 17:30:00+00:00,0.643,False,False,0.0,0.643
2026-01-28 18:00:00+00:00,0.943,False,False,0.0,0.943
2026-01-28 18:30:00+00:00,0.227,False,False,0.0,0.227
2026-01-28 19:00:00+00:00,0.199,False,False,0.0,0.199
2026-01-28 19:30:00+00:00,0.311,False,False,0.0,0.311
2026-01-28 20:00:00+00:00,0.199,False,False,0.0,0.199
2026-01-28 20:30:00+00:00,0.183,False,False,0.0,0.183
2026-01-28 21:00:00+00:00,0.2,False,False,0.0,0.2
2026-01-28 21:30:00+00:00,0.152,False,False,0.0,0.152
2026-01-28 22:00:00+00:00,0.137,False,False,0.0,0.137
2026-01-28 22:30:00+00:00,0.102,False,False,0.0,0.102
2026-01-28 23:00:00+00:00,0.095,True,False,0.0,0.095
2026-01-28 23:30:00+00:00,0.094,True,False,0.0,0.094
2026-01-29 00:00:00+00:00,0.094,True,False,0.0,0.094
2026-01-29 00:30:00+00:00,0.103,True,False,0.0,0.103
2026-01-29 01:00:00+00:00,0.078,True,False,0.0,0.078
2026-01-29 01:30:00+00:00,0.087,True,False,0.0,0.087
2026-01-29 02:00:00+00:00,0.087,True,False,0.0,0.087
2026-01-29 02:30:00+00:00,0.078,True,False,0.0,0.078
2026-01-29 03:00:00+00:00,0.066,True,False,0.0,0.066
2026-01-29 03:30:00+00:00,0.077,True,False,0.0,0.077
2026-01-29 04:00:00+00:00,0.076,True,False,0.0,0.076
2026-01-29 04:30:00+00:00,0.066,True,False,0.0,0.066
2026-01-29 05:00:00+00:00,0.074,False,False,0.0,0.074
2026-01-29 05:30:00+00:00,0.079,False,False,0.0,0.079
2026-01-29 06:00:00+00:00,0.079,False,False,0.0,0.079
2026-01-29 06:30:00+00:00,0.111,False,False,0.0,0.111
2026-01-29 07:00:00+00:00,0.216,False,False,0.0,0.216
2026-01-29 07:30:00+00:00,0.494,False,False,0.0,0.494
2026-01-29 08:00:00+00:00,0.425,False,False,0.0,0.425
2026-01-29 08:30:00+00:00,0.586,False,False,0.0,0.586
2026-01-29 09:00:00+00:00,0.531,False,False,0.0,0.531
2026-01-29 09:30:00+00:00,0.245,False,False,0.0,0.245
2026-01-29 10:00:00+00:00,0.327,False,False,0.0,0.327
2026-01-29 10:30:00+00:00,0.215,False,False,0.0,0.215
2026-01-29 11:00:00+00:00,0.332,False,False,0.0,0.332
2026-01-29 11:30:00+00:00,2.31,False,False,0.0,2.31
2026-01-29 12:00:00+00:00,1.629,False,False,0.0,1.629
2026-01-29 12:30:00+00:00,1.7,False,False,0.0,1.7
2026-01-29 13:00:00+00:00,1.388,False,False,0.0,1.388
2026-01-29 13:30:00+00:00,0.279,False,False,0.0,0.279
2026-01-29 14:00:00+00:00,0.284,False,False,0.0,0.284
2026-01-29 14:30:00+00:00,1.176,False,False,0.0,1.176
2026-01-29 15:00:00+00:00,0.732,False,False,0.0,0.732
2026-01-29 15:30:00+00:00,0.318,False,False,0.0,0.318
2026-01-29 16:00:00+00:00,0.845,False,False,0.0,0.845
2026-01-29 16:30:00+00:00,0.351,False,False,0.0,0.351
2026-01-29 17:00:00+00:00,0.667,False,False,0.0,0.667
2026-01-29 17:30:00+00:00,0.604,False,False,0.0,0.604
2026-01-29 18:00:00+00:00,0.26,False,False,0.0,0.26
2026-01-29 18:30:00+00:00,0.596,False,False,0.0,0.596
2026-01-29 19:00:00+00:00,0.316,False,False,0.0,0.316
2026-01-29 19:30:00+00:00,0.246,False,False,0.0,0.246
2026-01-29 20:00:00+00:00,0.271,False,False,0.0,0.271
2026-01-29 20:30:00+00:00,0.376,False,False,0.0,0.376
2026-01-29 21:00:00+00:00,0.562,False,False,0.0,0.562
2026-01-29 21:30:00+00:00,0.197,False,False,0.0,0.197
2026-01-29 22:00:00+00:00,0.169,False,False,0.0,0.169
2026-01-29 22:30:00+00:00,0.123,False,False,0.0,0.123
2026-01-29 23:00:00+00:00,0.096,True,False,0.0,0.096
2026-01-29 23:30:00+00:00,0.149,True,False,0.0,0.149
2026-01-30 00:00:00+00:00,0.095,True,False,0.0,0.095
2026-01-30 00:30:00+00:00,0.092,True,False,0.0,0.092
2026-01-30 01:00:00+00:00,0.091,True,False,0.0,0.091
2026-01-30 01:30:00+00:00,0.089,True,False,0.0,0.089
2026-01-30 02:00:00+00:00,0.091,True,False,0.0,0.091
2026-01-30 02:30:00+00:00,0.087,True,False,0.0,0.087
2026-01-30 03:00:00+00:00,0.075,True,False,0.0,0.075
2026-01-30 03:30:00+00:00,0.091,True,False,0.0,0.091
2026-01-30 04:00:00+00:00,0.089,True,False,0.0,0.089
2026-01-30 04:30:00+00:00,0.077,True,False,0.0,0.077
2026-01-30 05:00:00+00:00,0.074,False,False,0.0,0.074
2026-01-30 05:30:00+00:00,0.088,False,False,0.0,0.088
2026-01-30 06:00:00+00:00,0.092,False,False,0.0,0.092
2026-01-30 06:30:00+00:00,0.106,False,False,0.0,0.106
2026-01-30 07:00:00+00:00,0.177,False,False,0.0,0.177
2026-01-30 07:30:00+00:00,0.924,False,False,0.0,0.924
2026-01-30 08:00:00+00:00,0.426,False,False,0.0,0.426
2026-01-30 08:30:00+00:00,0.576,False,False,0.0,0.576
2026-01-30 09:00:00+00:00,1.307,False,False,0.0,1.307
2026-01-30 09:30:00+00:00,0.718,False,False,0.0,0.718
2026-01-30 10:00:00+00:00,0.214,False,False,0.0,0.214
2026-01-30 10:30:00+00:00,0.137,False,False,0.0,0.137
2026-01-30 11:00:00+00:00,0.15,False,False,0.0,0.15
2026-01-30 11:30:00+00:00,0.197,False,False,0.0,0.197
2026-01-30 12:00:00+00:00,0.257,False,False,0.0,0.257
2026-01-30 12:30:00+00:00,0.273,False,False,0.0,0.273
2026-01-30 13:00:00+00:00,0.191,False,False,0.0,0.191
2026-01-30 13:30:00+00:00,0.198,False,False,0.0,0.198
2026-01-30 14:00:00+00:00,0.195,False,False,0.0,0.195
2026-01-30 14:30:00+00:00,0.175,False,False,0.0,0.175
2026-01-30 15:00:00+00:00,0.219,False,False,0.0,0.219
2026-01-30 15:30:00+00:00,0.213,False,False,0.0,0.213
2026-01-30 16:00:00+00:00,0.353,False,False,0.0,0.353
2026-01-30 16:30:00+00:00,0.266,False,False,0.0,0.266
2026-01-30 17:00:00+00:00,0.352,False,False,0.0,0.352
2026-01-30 17:30:00+00:00,0.267,False,False,0.0,0.267
2026-01-30 18:00:00+00:00,0.237,False,False,0.0,0.237
2026-01-30 18:30:00+00:00,0.316,False,False,0.0,0.316
2026-01-30 19:00:00+00:00,0.221,False,False,0.0,0.221
2026-01-30 19:30:00+00:00,0.226,False,False,0.0,0.226
2026-01-30 20:00:00+00:00,3.842,False,True,3.624,0.21799999999999997
2026-01-30 20:30:00+00:00,0.242,False,False,0.0,0.242
2026-01-30 21:00:00+00:00,0.21,False,False,0.0,0.21
2026-01-30 21:30:00+00:00,0.178,False,False,0.0,0.178
2026-01-30 22:00:00+00:00,0.169,False,False,0.0,0.169
2026-01-30 22:30:00+00:00,1.957,False,False,0.0,1.957
2026-01-30 23:00:00+00:00,3.875,True,True,3.7565,0.11850000000000005
2026-01-30 23:30:00+00:00,3.804,True,True,3.6999999999999997,0.10400000000000009
2026-01-31 00:00:00+00:00,3.787,True,True,3.6919999999999997,0.0950000000000002
2026-01-31 00:30:00+00:00,3.79,True,True,3.7,0.08999999999999986
2026-01-31 01:00:00+00:00,0.079,True,False,0.0,0.079
2026-01-31 01:30:00+00:00,3.719,True,True,3.633,0.08599999999999985
2026-01-31 02:00:00+00:00,3.811,True,True,3.726,0.08499999999999996
2026-01-31 02:30:00+00:00,3.665,True,True,3.587,0.07799999999999985
2026-01-31 03:00:00+00:00,1.866,True,True,1.792,0.07400000000000007
2026-01-31 03:30:00+00:00,3.424,True,True,3.3489999999999998,0.07500000000000018
2026-01-31 04:00:00+00:00,2.172,True,True,2.0980000000000003,0.07399999999999984
2026-01-31 04:30:00+00:00,3.803,True,True,3.73,0.07299999999999995
2026-01-31 05:00:00+00:00,3.793,False,True,3.72,0.07299999999999995
2026-01-31 05:30:00+00:00,3.797,False,True,3.721,0.07600000000000007
2026-01-31 06:00:00+00:00,1.923,False,False,0.0,1.923
2026-01-31 06:30:00+00:00,1.335,False,False,0.0,1.335
2026-01-31 07:00:00+00:00,0.176,False,False,0.0,0.176
2026-01-31 07:30:00+00:00,0.429,False,False,0.0,0.429
2026-01-31 08:00:00+00:00,1.455,False,False,0.0,1.455
2026-01-31 08:30:00+00:00,0.314,False,False,0.0,0.314
2026-01-31 09:00:00+00:00,0.402,False,False,0.0,0.402
2026-01-31 09:30:00+00:00,0.478,False,False,0.0,0.478
2026-01-31 10:00:00+00:00,0.763,False,False,0.0,0.763
2026-01-31 10:30:00+00:00,0.314,False,False,0.0,0.314
2026-01-31 11:00:00+00:00,0.393,False,False,0.0,0.393
2026-01-31 11:30:00+00:00,0.719,False,False,0.0,0.719
2026-01-31 12:00:00+00:00,0.309,False,False,0.0,0.309
2026-01-31 12:30:00+00:00,0.3,False,False,0.0,0.3
2026-01-31 13:00:00+00:00,0.304,False,False,0.0,0.304
2026-01-31 13:30:00+00:00,0.788,False,False,0.0,0.788
2026-01-31 14:00:00+00:00,0.189,False,False,0.0,0.189
2026-01-31 14:30:00+00:00,0.155,False,False,0.0,0.155
2026-01-31 15:00:00+00:00,0.141,False,False,0.0,0.141
2026-01-31 15:30:00+00:00,0.154,False,False,0.0,0.154
2026-01-31 16:00:00+00:00,0.238,False,False,0.0,0.238
2026-01-31 16:30:00+00:00,0.282,False,False,0.0,0.282
2026-01-31 17:00:00+00:00,1.15,False,False,0.0,1.15
2026-01-31 17:30:00+00:00,1.247,False,False,0.0,1.247
2026-01-31 18:00:00+00:00,0.373,False,False,0.0,0.373
2026-01-31 18:30:00+00:00,0.207,False,False,0.0,0.207
2026-01-31 19:00:00+00:00,0.273,False,False,0.0,0.273
2026-01-31 19:30:00+00:00,0.163,False,False,0.0,0.163
2026-01-31 20:00:00+00:00,0.178,False,False,0.0,0.178
2026-01-31 20:30:00+00:00,0.158,False,False,0.0,0.158
2026-01-31 21:00:00+00:00,0.178,False,False,0.0,0.178
2026-01-31 21:30:00+00:00,0.124,False,False,0.0,0.124
2026-01-31 22:00:00+00:00,0.128,False,False,0.0,0.128
2026-01-31 22:30:00+00:00,0.105,False,False,0.0,0.105
2026-01-31 23:00:00+00:00,0.102,True,False,0.0,0.102
2026-01-31 23:30:00+00:00,0.091,True,False,0.0,0.091
2026-02-01 00:00:00+00:00,0.082,True,False,0.0,0.082
2026-02-01 00:30:00+00:00,0.12,True,False,0.0,0.12
2026-02-01 01:00:00+00:00,0.092,True,False,0.0,0.092
2026-02-01 01:30:00+00:00,0.081,True,False,0.0,0.081
2026-02-01 02:00:00+00:00,0.081,True,False,0.0,0.081
2026-02-01 02:30:00+00:00,0.072,True,False,0.0,0.072
2026-02-01 03:00:00+00:00,0.069,True,False,0.0,0.069
2026-02-01 03:30:00+00:00,0.068,True,False,0.0,0.068
2026-02-01 04:00:00+00:00,0.064,True,False,0.0,0.064
2026-02-01 04:30:00+00:00,0.061,True,False,0.0,0.061
2026-02-01 05:00:00+00:00,0.068,False,False,0.0,0.068
2026-02-01 05:30:00+00:00,0.07,False,False,0.0,0.07
2026-02-01 06:00:00+00:00,0.073,False,False,0.0,0.073
2026-02-01 06:30:00+00:00,0.099,False,False,0.0,0.099
2026-02-01 07:00:00+00:00,0.182,False,False,0.0,0.182
2026-02-01 07:30:00+00:00,0.656,False,False,0.0,0.656
2026-02-01 08:00:00+00:00,0.699,False,False,0.0,0.699
2026-02-01 08:30:00+00:00,0.595,False,False,0.0,0.595
2026-02-01 09:00:00+00:00,0.51,False,False,0.0,0.51
2026-02-01 09:30:00+00:00,0.429,False,False,0.0,0.429
2026-02-01 10:00:00+00:00,0.363,False,False,0.0,0.363
2026-02-01 10:30:00+00:00,0.588,False,False,0.0,0.588
2026-02-01 11:00:00+00:00,0.302,False,False,0.0,0.302
2026-02-01 11:30:00+00:00,0.228,False,False,0.0,0.228
2026-02-01 12:00:00+00:00,0.252,False,False,0.0,0.252
2026-02-01 12:30:00+00:00,0.334,False,False,0.0,0.334
2026-02-01 13:00:00+00:00,0.211,False,False,0.0,0.211
2026-02-01 13:30:00+00:00,0.203,False,False,0.0,0.203
2026-02-01 14:00:00+00:00,0.797,False,False,0.0,0.797
2026-02-01 14:30:00+00:00,0.683,False,False,0.0,0.683
2026-02-01 15:00:00+00:00,0.716,False,False,0.0,0.716
2026-02-01 15:30:00+00:00,0.711,False,False,0.0,0.711
2026-02-01 16:00:00+00:00,0.847,False,False,0.0,0.847
2026-02-01 16:30:00+00:00,0.499,False,False,0.0,0.499
2026-02-01 17:00:00+00:00,0.314,False,False,0.0,0.314
2026-02-01 17:30:00+00:00,0.347,False,False,0.0,0.347
2026-02-01 18:00:00+00:00,0.268,False,False,0.0,0.268
2026-02-01 18:30:00+00:00,0.404,False,False,0.0,0.404
2026-02-01 19:00:00+00:00,0.374,False,False,0.0,0.374
2026-02-01 19:30:00+00:00,0.369,False,False,0.0,0.369
2026-02-01 20:00:00+00:00,0.457,False,False,0.0,0.457
2026-02-01 20:30:00+00:00,0.263,False,False,0.0,0.263
2026-02-01 21:00:00+00:00,0.261,False,False,0.0,0.261
2026-02-01 21:30:00+00:00,0.22,False,False,0.0,0.22
2026-02-01 22:00:00+00:00,0.266,False,False,0.0,0.266
2026-02-01 22:30:00+00:00,0.306,False,False,0.0,0.306
2026-02-01 23:00:00+00:00,0.202,True,False,0.0,0.202
2026-02-01 23:30:00+00:00,0.079,True,False,0.0,0.079
2026-02-02 00:00:00+00:00,0.08,True,False,0.0,0.08
2026-02-02 00:30:00+00:00,0.079,True,False,0.0,0.079
2026-02-02 01:00:00+00:00,0.069,True,False,0.0,0.069
2026-02-02 01:30:00+00:00,0.078,True,False,0.0,0.078
2026-02-02 02:00:00+00:00,0.079,True,False,0.0,0.079
2026-02-02 02:30:00+00:00,0.069,True,False,0.0,0.069
2026-02-02 03:00:00+00:00,0.058,True,False,0.0,0.058
2026-02-02 03:30:00+00:00,0.069,True,False,0.0,0.069
2026-02-02 04:00:00+00:00,0.067,True,False,0.0,0.067
2026-02-02 04:30:00+00:00,0.056,True,False,0.0,0.056
2026-02-02 05:00:00+00:00,0.116,False,False,0.0,0.116
2026-02-02 05:30:00+00:00,0.074,False,False,0.0,0.074
2026-02-02 06:00:00+00:00,0.081,False,False,0.0,0.081
2026-02-02 06:30:00+00:00,0.104,False,False,0.0,0.104
2026-02-02 07:00:00+00:00,0.511,False,False,0.0,0.511
2026-02-02 07:30:00+00:00,1.566,False,False,0.0,1.566
2026-02-02 08:00:00+00:00,1.149,False,False,0.0,1.149
2026-02-02 08:30:00+00:00,0.742,False,False,0.0,0.742
2026-02-02 09:00:00+00:00,0.748,False,False,0.0,0.748
2026-02-02 09:30:00+00:00,0.163,False,False,0.0,0.163
2026-02-02 10:00:00+00:00,0.244,False,False,0.0,0.244
2026-02-02 10:30:00+00:00,1.442,False,False,0.0,1.442
2026-02-02 11:00:00+00:00,1.143,False,False,0.0,1.143
2026-02-02 11:30:00+00:00,0.157,False,False,0.0,0.157
2026-02-02 12:00:00+00:00,0.32,False,False,0.0,0.32
2026-02-02 12:30:00+00:00,0.375,False,False,0.0,0.375
2026-02-02 13:00:00+00:00,0.284,False,False,0.0,0.284
2026-02-02 13:30:00+00:00,0.269,False,False,0.0,0.269
2026-02-02 14:00:00+00:00,0.132,False,False,0.0,0.132
2026-02-02 14:30:00+00:00,0.131,False,False,0.0,0.131
2026-02-02 15:00:00+00:00,0.131,False,False,0.0,0.131
2026-02-02 15:30:00+00:00,0.157,False,False,0.0,0.157
2026-02-02 16:00:00+00:00,0.189,False,False,0.0,0.189
2026-02-02 16:30:00+00:00,0.217,False,False,0.0,0.217
2026-02-02 17:00:00+00:00,0.648,False,False,0.0,0.648
2026-02-02 17:30:00+00:00,0.789,False,False,0.0,0.789
2026-02-02 18:00:00+00:00,0.717,False,False,0.0,0.717
2026-02-02 18:30:00+00:00,0.301,False,False,0.0,0.301
2026-02-02 19:00:00+00:00,0.21,False,False,0.0,0.21
2026-02-02 19:30:00+00:00,0.181,False,False,0.0,0.181
2026-02-02 20:00:00+00:00,0.335,False,False,0.0,0.335
2026-02-02 20:30:00+00:00,0.201,False,False,0.0,0.201
2026-02-02 21:00:00+00:00,0.185,False,False,0.0,0.185
2026-02-02 21:30:00+00:00,0.099,False,False,0.0,0.099
2026-02-02 22:00:00+00:00,0.091,False,False,0.0,0.091
2026-02-02 22:30:00+00:00,0.084,False,False,0.0,0.084
2026-02-02 23:00:00+00:00,0.083,True,False,0.0,0.083
2026-02-02 23:30:00+00:00,0.082,True,False,0.0,0.082
2026-02-03 00:00:00+00:00,0.088,True,False,0.0,0.088
2026-02-03 00:30:00+00:00,0.072,True,False,0.0,0.072
2026-02-03 01:00:00+00:00,0.082,True,False,0.0,0.082
2026-02-03 01:30:00+00:00,0.08,True,False,0.0,0.08
2026-02-03 02:00:00+00:00,0.079,True,False,0.0,0.079
2026-02-03 02:30:00+00:00,0.061,True,False,0.0,0.061
2026-02-03 03:00:00+00:00,0.072,True,False,0.0,0.072
2026-02-03 03:30:00+00:00,0.071,True,False,0.0,0.071
2026-02-03 04:00:00+00:00,0.064,True,False,0.0,0.064
2026-02-03 04:30:00+00:00,0.063,True,False,0.0,0.063
2026-02-03 05:00:00+00:00,0.069,False,False,0.0,0.069
2026-02-03 05:30:00+00:00,0.069,False,False,0.0,0.069
2026-02-03 06:00:00+00:00,0.071,False,False,0.0,0.071
2026-02-03 06:30:00+00:00,0.108,False,False,0.0,0.108
2026-02-03 07:00:00+00:00,0.55,False,False,0.0,0.55
2026-02-03 07:30:00+00:00,0.58,False,False,0.0,0.58
2026-02-03 08:00:00+00:00,0.729,False,False,0.0,0.729
2026-02-03 08:30:00+00:00,0.194,False,False,0.0,0.194
2026-02-03 09:00:00+00:00,0.114,False,False,0.0,0.114
2026-02-03 09:30:00+00:00,0.112,False,False,0.0,0.112
2026-02-03 10:00:00+00:00,0.42,False,False,0.0,0.42
2026-02-03 10:30:00+00:00,0.101,False,False,0.0,0.101
2026-02-03 11:00:00+00:00,0.1,False,False,0.0,0.1
2026-02-03 11:30:00+00:00,0.108,False,False,0.0,0.108
2026-02-03 12:00:00+00:00,0.106,False,False,0.0,0.106
2026-02-03 12:30:00+00:00,0.121,False,False,0.0,0.121
2026-02-03 13:00:00+00:00,0.096,False,False,0.0,0.096
2026-02-03 13:30:00+00:00,0.084,False,False,0.0,0.084
2026-02-03 14:00:00+00:00,0.093,False,False,0.0,0.093
2026-02-03 14:30:00+00:00,0.094,False,False,0.0,0.094
2026-02-03 15:00:00+00:00,0.219,False,False,0.0,0.219
2026-02-03 15:30:00+00:00,0.321,False,False,0.0,0.321
2026-02-03 16:00:00+00:00,0.656,False,False,0.0,0.656
2026-02-03 16:30:00+00:00,0.214,False,False,0.0,0.214
2026-02-03 17:00:00+00:00,0.308,False,False,0.0,0.308
2026-02-03 17:30:00+00:00,0.6,False,False,0.0,0.6
2026-02-03 18:00:00+00:00,0.216,False,False,0.0,0.216
2026-02-03 18:30:00+00:00,0.197,False,False,0.0,0.197
2026-02-03 19:00:00+00:00,0.173,False,False,0.0,0.173
2026-02-03 19:30:00+00:00,0.186,False,False,0.0,0.186
2026-02-03 20:00:00+00:00,0.175,False,False,0.0,0.175
2026-02-03 20:30:00+00:00,0.14,False,False,0.0,0.14
2026-02-03 21:00:00+00:00,0.109,False,False,0.0,0.109
2026-02-03 21:30:00+00:00,0.088,False,False,0.0,0.088
2026-02-03 22:00:00+00:00,0.08,False,False,0.0,0.08
2026-02-03 22:30:00+00:00,0.075,False,False,0.0,0.075
2026-02-03 23:00:00+00:00,0.08,True,False,0.0,0.08
2026-02-03 23:30:00+00:00,0.078,True,False,0.0,0.078
2026-02-04 00:00:00+00:00,0.117,True,False,0.0,0.117
2026-02-04 00:30:00+00:00,0.088,True,False,0.0,0.088
2026-02-04 01:00:00+00:00,0.081,True,False,0.0,0.081
2026-02-04 01:30:00+00:00,0.081,True,False,0.0,0.081
2026-02-04 02:00:00+00:00,0.079,True,False,0.0,0.079
2026-02-04 02:30:00+00:00,0.071,True,False,0.0,0.071
2026-02-04 03:00:00+00:00,0.067,True,False,0.0,0.067
2026-02-04 03:30:00+00:00,0.058,True,False,0.0,0.058
2026-02-04 04:00:00+00:00,0.065,True,False,0.0,0.065
2026-02-04 04:30:00+00:00,0.068,True,False,0.0,0.068
2026-02-04 05:00:00+00:00,0.069,False,False,0.0,0.069
2026-02-04 05:30:00+00:00,0.061,False,False,0.0,0.061
2026-02-04 06:00:00+00:00,0.081,False,False,0.0,0.081
2026-02-04 06:30:00+00:00,0.105,False,False,0.0,0.105
2026-02-04 07:00:00+00:00,0.418,False,False,0.0,0.418
2026-02-04 07:30:00+00:00,0.737,False,False,0.0,0.737
2026-02-04 08:00:00+00:00,0.423,False,False,0.0,0.423
2026-02-04 08:30:00+00:00,1.344,False,False,0.0,1.344
2026-02-04 09:00:00+00:00,1.147,False,False,0.0,1.147
2026-02-04 09:30:00+00:00,0.128,False,False,0.0,0.128
2026-02-04 10:00:00+00:00,0.209,False,False,0.0,0.209
2026-02-04 10:30:00+00:00,0.175,False,False,0.0,0.175
2026-02-04 11:00:00+00:00,0.142,False,False,0.0,0.142
2026-02-04 11:30:00+00:00,0.15,False,False,0.0,0.15
2026-02-04 12:00:00+00:00,0.146,False,False,0.0,0.146
2026-02-04 12:30:00+00:00,0.876,False,False,0.0,0.876
2026-02-04 13:00:00+00:00,0.179,False,False,0.0,0.179
2026-02-04 13:30:00+00:00,0.151,False,False,0.0,0.151
2026-02-04 14:00:00+00:00,0.249,False,False,0.0,0.249
2026-02-04 14:30:00+00:00,0.152,False,False,0.0,0.152
2026-02-04 15:00:00+00:00,0.165,False,False,0.0,0.165
2026-02-04 15:30:00+00:00,0.241,False,False,0.0,0.241
2026-02-04 16:00:00+00:00,0.236,False,False,0.0,0.236
2026-02-04 16:30:00+00:00,0.254,False,False,0.0,0.254
2026-02-04 17:00:00+00:00,0.294,False,False,0.0,0.294
2026-02-04 17:30:00+00:00,0.366,False,False,0.0,0.366
2026-02-04 18:00:00+00:00,0.396,False,False,0.0,0.396
2026-02-04 18:30:00+00:00,0.435,False,False,0.0,0.435
2026-02-04 19:00:00+00:00,0.258,False,False,0.0,0.258
2026-02-04 19:30:00+00:00,0.691,False,False,0.0,0.691
2026-02-04 20:00:00+00:00,0.702,False,False,0.0,0.702
2026-02-04 20:30:00+00:00,0.216,False,False,0.0,0.216
2026-02-04 21:00:00+00:00,0.312,False,False,0.0,0.312
2026-02-04 21:30:00+00:00,0.326,False,False,0.0,0.326
2026-02-04 22:00:00+00:00,0.309,False,False,0.0,0.309
2026-02-04 22:30:00+00:00,0.308,False,False,0.0,0.308
2026-02-04 23:00:00+00:00,0.304,True,False,0.0,0.304
2026-02-04 23:30:00+00:00,0.161,True,False,0.0,0.161
2026-02-05 00:00:00+00:00,0.094,True,False,0.0,0.094
2026-02-05 00:30:00+00:00,0.082,True,False,0.0,0.082
2026-02-05 01:00:00+00:00,0.081,True,False,0.0,0.081
2026-02-05 01:30:00+00:00,0.07,True,False,0.0,0.07
2026-02-05 02:00:00+00:00,0.082,True,False,0.0,0.082
2026-02-05 02:30:00+00:00,0.074,True,False,0.0,0.074
2026-02-05 03:00:00+00:00,0.062,True,False,0.0,0.062
2026-02-05 03:30:00+00:00,0.07,True,False,0.0,0.07
2026-02-05 04:00:00+00:00,0.072,True,False,0.0,0.072
2026-02-05 04:30:00+00:00,0.067,True,False,0.0,0.067
2026-02-05 05:00:00+00:00,0.064,False,False,0.0,0.064
2026-02-05 05:30:00+00:00,0.075,False,False,0.0,0.075
2026-02-05 06:00:00+00:00,0.079,False,False,0.0,0.079
2026-02-05 06:30:00+00:00,0.102,False,False,0.0,0.102
2026-02-05 07:00:00+00:00,0.196,False,False,0.0,0.196
2026-02-05 07:30:00+00:00,0.581,False,False,0.0,0.581
2026-02-05 08:00:00+00:00,0.449,False,False,0.0,0.449
2026-02-05 08:30:00+00:00,0.783,False,False,0.0,0.783
2026-02-05 09:00:00+00:00,0.475,False,False,0.0,0.475
2026-02-05 09:30:00+00:00,0.325,False,False,0.0,0.325
2026-02-05 10:00:00+00:00,0.17,False,False,0.0,0.17
2026-02-05 10:30:00+00:00,0.178,False,False,0.0,0.178
2026-02-05 11:00:00+00:00,0.134,False,False,0.0,0.134
2026-02-05 11:30:00+00:00,1.16,False,False,0.0,1.16
2026-02-05 12:00:00+00:00,1.818,False,False,0.0,1.818
2026-02-05 12:30:00+00:00,0.327,False,False,0.0,0.327
2026-02-05 13:00:00+00:00,0.204,False,False,0.0,0.204
2026-02-05 13:30:00+00:00,0.193,False,False,0.0,0.193
2026-02-05 14:00:00+00:00,0.187,False,False,0.0,0.187
2026-02-05 14:30:00+00:00,0.182,False,False,0.0,0.182
2026-02-05 15:00:00+00:00,0.202,False,False,0.0,0.202
2026-02-05 15:30:00+00:00,0.526,False,False,0.0,0.526
2026-02-05 16:00:00+00:00,0.773,False,False,0.0,0.773
2026-02-05 16:30:00+00:00,0.433,False,False,0.0,0.433
2026-02-05 17:00:00+00:00,0.832,False,False,0.0,0.832
2026-02-05 17:30:00+00:00,0.957,False,False,0.0,0.957
2026-02-05 18:00:00+00:00,0.225,False,False,0.0,0.225
2026-02-05 18:30:00+00:00,0.727,False,False,0.0,0.727
2026-02-05 19:00:00+00:00,0.479,False,False,0.0,0.479
2026-02-05 19:30:00+00:00,1.474,False,False,0.0,1.474
2026-02-05 20:00:00+00:00,0.57,False,False,0.0,0.57
2026-02-05 20:30:00+00:00,0.333,False,False,0.0,0.333
2026-02-05 21:00:00+00:00,0.162,False,False,0.0,0.162
2026-02-05 21:30:00+00:00,0.134,False,False,0.0,0.134
2026-02-05 22:00:00+00:00,0.126,False,False,0.0,0.126
2026-02-05 22:30:00+00:00,0.112,False,False,0.0,0.112
2026-02-05 23:00:00+00:00,1.891,True,True,1.7725,0.11850000000000005
2026-02-05 23:30:00+00:00,3.565,True,True,3.461,0.10400000000000009
2026-02-06 00:00:00+00:00,3.807,True,True,3.7119999999999997,0.0950000000000002
2026-02-06 00:30:00+00:00,0.386,True,False,0.0,0.386
2026-02-06 01:00:00+00:00,3.757,True,True,3.669,0.08800000000000008
2026-02-06 01:30:00+00:00,3.477,True,True,3.391,0.08599999999999985
2026-02-06 02:00:00+00:00,0.403,True,False,0.0,0.403
2026-02-06 02:30:00+00:00,3.414,True,True,3.3360000000000003,0.07799999999999985
2026-02-06 03:00:00+00:00,2.185,True,True,2.111,0.07399999999999984
2026-02-06 03:30:00+00:00,1.943,True,True,1.868,0.07499999999999996
2026-02-06 04:00:00+00:00,1.94,True,True,1.8659999999999999,0.07400000000000007
2026-02-06 04:30:00+00:00,3.832,True,True,3.759,0.07299999999999995
2026-02-06 05:00:00+00:00,3.828,False,True,3.755,0.07299999999999995
2026-02-06 05:30:00+00:00,1.926,False,False,0.0,1.926
2026-02-06 06:00:00+00:00,3.825,False,True,3.742,0.08300000000000018
2026-02-06 06:30:00+00:00,3.852,False,True,3.7489999999999997,0.1030000000000002
2026-02-06 07:00:00+00:00,3.945,False,True,3.7169999999999996,0.2280000000000002
2026-02-06 07:30:00+00:00,5.15,False,True,4.656000000000001,0.4939999999999998
2026-02-06 08:00:00+00:00,0.986,False,False,0.0,0.986
2026-02-06 08:30:00+00:00,0.497,False,False,0.0,0.497
2026-02-06 09:00:00+00:00,0.58,False,False,0.0,0.58
2026-02-06 09:30:00+00:00,0.258,False,False,0.0,0.258
2026-02-06 10:00:00+00:00,0.327,False,False,0.0,0.327
2026-02-06 10:30:00+00:00,0.168,False,False,0.0,0.168
2026-02-06 11:00:00+00:00,0.148,False,False,0.0,0.148
2026-02-06 11:30:00+00:00,0.123,False,False,0.0,0.123
2026-02-06 12:00:00+00:00,0.163,False,False,0.0,0.163
2026-02-06 12:30:00+00:00,0.193,False,False,0.0,0.193
2026-02-06 13:00:00+00:00,0.17,False,False,0.0,0.17
2026-02-06 13:30:00+00:00,0.165,False,False,0.0,0.165
2026-02-06 14:00:00+00:00,0.149,False,False,0.0,0.149
2026-02-06 14:30:00+00:00,0.121,False,False,0.0,0.121
2026-02-06 15:00:00+00:00,0.19,False,False,0.0,0.19
2026-02-06 15:30:00+00:00,0.198,False,False,0.0,0.198
2026-02-06 16:00:00+00:00,0.66,False,False,0.0,0.66
2026-02-06 16:30:00+00:00,0.327,False,False,0.0,0.327
2026-02-06 17:00:00+00:00,0.783,False,False,0.0,0.783
2026-02-06 17:30:00+00:00,0.943,False,False,0.0,0.943
2026-02-06 18:00:00+00:00,0.527,False,False,0.0,0.527
2026-02-06 18:30:00+00:00,0.255,False,False,0.0,0.255
2026-02-06 19:00:00+00:00,0.288,False,False,0.0,0.288
2026-02-06 19:30:00+00:00,0.174,False,False,0.0,0.174
2026-02-06 20:00:00+00:00,0.162,False,False,0.0,0.162
2026-02-06 20:30:00+00:00,0.235,False,False,0.0,0.235
2026-02-06 21:00:00+00:00,0.629,False,False,0.0,0.629
2026-02-06 21:30:00+00:00,0.334,False,False,0.0,0.334
2026-02-06 22:00:00+00:00,0.279,False,False,0.0,0.279
2026-02-06 22:30:00+00:00,0.217,False,False,0.0,0.217
2026-02-06 23:00:00+00:00,0.155,True,False,0.0,0.155
2026-02-06 23:30:00+00:00,0.074,True,False,0.0,0.074
2026-02-07 00:00:00+00:00,0.098,True,False,0.0,0.098
2026-02-07 00:30:00+00:00,0.091,True,False,0.0,0.091
2026-02-07 01:00:00+00:00,0.072,True,False,0.0,0.072
2026-02-07 01:30:00+00:00,0.07,True,False,0.0,0.07
2026-02-07 02:00:00+00:00,0.071,True,False,0.0,0.071
2026-02-07 02:30:00+00:00,0.065,True,False,0.0,0.065
2026-02-07 03:00:00+00:00,0.067,True,False,0.0,0.067
2026-02-07 03:30:00+00:00,0.065,True,False,0.0,0.065
2026-02-07 04:00:00+00:00,0.044,True,False,0.0,0.044
2026-02-07 04:30:00+00:00,0.059,True,False,0.0,0.059
2026-02-07 05:00:00+00:00,0.056,False,False,0.0,0.056
2026-02-07 05:30:00+00:00,0.059,False,False,0.0,0.059
2026-02-07 06:00:00+00:00,0.067,False,False,0.0,0.067
2026-02-07 06:30:00+00:00,0.107,False,False,0.0,0.107
2026-02-07 07:00:00+00:00,0.39,False,False,0.0,0.39
2026-02-07 07:30:00+00:00,0.601,False,False,0.0,0.601
2026-02-07 08:00:00+00:00,0.303,False,False,0.0,0.303
2026-02-07 08:30:00+00:00,0.235,False,False,0.0,0.235
2026-02-07 09:00:00+00:00,0.372,False,False,0.0,0.372
2026-02-07 09:30:00+00:00,0.752,False,False,0.0,0.752
2026-02-07 10:00:00+00:00,0.311,False,False,0.0,0.311
2026-02-07 10:30:00+00:00,0.94,False,False,0.0,0.94
2026-02-07 11:00:00+00:00,2.168,False,False,0.0,2.168
2026-02-07 11:30:00+00:00,1.985,False,False,0.0,1.985
2026-02-07 12:00:00+00:00,1.274,False,False,0.0,1.274
2026-02-07 12:30:00+00:00,0.283,False,False,0.0,0.283
2026-02-07 13:00:00+00:00,0.276,False,False,0.0,0.276
2026-02-07 13:30:00+00:00,0.233,False,False,0.0,0.233
2026-02-07 14:00:00+00:00,0.242,False,False,0.0,0.242
2026-02-07 14:30:00+00:00,0.297,False,False,0.0,0.297
2026-02-07 15:00:00+00:00,0.207,False,False,0.0,0.207
2026-02-07 15:30:00+00:00,0.299,False,False,0.0,0.299
2026-02-07 16:00:00+00:00,0.389,False,False,0.0,0.389
2026-02-07 16:30:00+00:00,0.256,False,False,0.0,0.256
2026-02-07 17:00:00+00:00,0.285,False,False,0.0,0.285
2026-02-07 17:30:00+00:00,0.27,False,False,0.0,0.27
2026-02-07 18:00:00+00:00,0.263,False,False,0.0,0.263
2026-02-07 18:30:00+00:00,0.321,False,False,0.0,0.321
2026-02-07 19:00:00+00:00,0.302,False,False,0.0,0.302
2026-02-07 19:30:00+00:00,0.346,False,False,0.0,0.346
2026-02-07 20:00:00+00:00,0.306,False,False,0.0,0.306
2026-02-07 20:30:00+00:00,0.214,False,False,0.0,0.214
2026-02-07 21:00:00+00:00,0.112,False,False,0.0,0.112
2026-02-07 21:30:00+00:00,0.082,False,False,0.0,0.082
2026-02-07 22:00:00+00:00,0.081,False,False,0.0,0.081
2026-02-07 22:30:00+00:00,0.099,False,False,0.0,0.099
2026-02-07 23:00:00+00:00,0.08,True,False,0.0,0.08
2026-02-07 23:30:00+00:00,0.079,True,False,0.0,0.079
2026-02-08 00:00:00+00:00,0.082,True,False,0.0,0.082
2026-02-08 00:30:00+00:00,0.078,True,False,0.0,0.078
2026-02-08 01:00:00+00:00,0.079,True,False,0.0,0.079
2026-02-08 01:30:00+00:00,0.079,True,False,0.0,0.079
2026-02-08 02:00:00+00:00,0.078,True,False,0.0,0.078
2026-02-08 02:30:00+00:00,0.066,True,False,0.0,0.066
2026-02-08 03:00:00+00:00,0.064,True,False,0.0,0.064
2026-02-08 03:30:00+00:00,0.071,True,False,0.0,0.071
2026-02-08 04:00:00+00:00,0.069,True,False,0.0,0.069
2026-02-08 04:30:00+00:00,0.06,True,False,0.0,0.06
2026-02-08 05:00:00+00:00,0.065,False,False,0.0,0.065
2026-02-08 05:30:00+00:00,0.072,False,False,0.0,0.072
2026-02-08 06:00:00+00:00,0.081,False,False,0.0,0.081
2026-02-08 06:30:00+00:00,0.092,False,False,0.0,0.092
2026-02-08 07:00:00+00:00,0.184,False,False,0.0,0.184
2026-02-08 07:30:00+00:00,0.463,False,False,0.0,0.463
2026-02-08 08:00:00+00:00,0.765,False,False,0.0,0.765
2026-02-08 08:30:00+00:00,0.52,False,False,0.0,0.52
2026-02-08 09:00:00+00:00,0.673,False,False,0.0,0.673
2026-02-08 09:30:00+00:00,0.933,False,False,0.0,0.933
2026-02-08 10:00:00+00:00,0.744,False,False,0.0,0.744
2026-02-08 10:30:00+00:00,1.325,False,False,0.0,1.325
2026-02-08 11:00:00+00:00,1.513,False,False,0.0,1.513
2026-02-08 11:30:00+00:00,0.74,False,False,0.0,0.74
2026-02-08 12:00:00+00:00,0.892,False,False,0.0,0.892
2026-02-08 12:30:00+00:00,0.427,False,False,0.0,0.427
2026-02-08 13:00:00+00:00,0.248,False,False,0.0,0.248
2026-02-08 13:30:00+00:00,0.287,False,False,0.0,0.287
2026-02-08 14:00:00+00:00,0.263,False,False,0.0,0.263
2026-02-08 14:30:00+00:00,0.345,False,False,0.0,0.345
2026-02-08 15:00:00+00:00,0.224,False,False,0.0,0.224
2026-02-08 15:30:00+00:00,0.43,False,False,0.0,0.43
2026-02-08 16:00:00+00:00,1.146,False,False,0.0,1.146
2026-02-08 16:30:00+00:00,0.26,False,False,0.0,0.26
2026-02-08 17:00:00+00:00,0.299,False,False,0.0,0.299
2026-02-08 17:30:00+00:00,0.753,False,False,0.0,0.753
2026-02-08 18:00:00+00:00,0.557,False,False,0.0,0.557
2026-02-08 18:30:00+00:00,0.256,False,False,0.0,0.256
2026-02-08 19:00:00+00:00,0.605,False,False,0.0,0.605
2026-02-08 19:30:00+00:00,0.172,False,False,0.0,0.172
2026-02-08 20:00:00+00:00,0.21,False,False,0.0,0.21
2026-02-08 20:30:00+00:00,0.15,False,False,0.0,0.15
2026-02-08 21:00:00+00:00,0.441,False,False,0.0,0.441
2026-02-08 21:30:00+00:00,0.098,False,False,0.0,0.098
2026-02-08 22:00:00+00:00,0.091,False,False,0.0,0.091
2026-02-08 22:30:00+00:00,0.086,False,False,0.0,0.086
2026-02-08 23:00:00+00:00,0.082,True,False,0.0,0.082
2026-02-08 23:30:00+00:00,0.088,True,False,0.0,0.088
2026-02-09 00:00:00+00:00,0.069,True,False,0.0,0.069
2026-02-09 00:30:00+00:00,0.131,True,False,0.0,0.131
2026-02-09 01:00:00+00:00,0.084,True,False,0.0,0.084
2026-02-09 01:30:00+00:00,0.081,True,False,0.0,0.081
2026-02-09 02:00:00+00:00,0.081,True,False,0.0,0.081
2026-02-09 02:30:00+00:00,0.076,True,False,0.0,0.076
2026-02-09 03:00:00+00:00,0.073,True,False,0.0,0.073
2026-02-09 03:30:00+00:00,0.073,True,False,0.0,0.073
2026-02-09 04:00:00+00:00,0.066,True,False,0.0,0.066
2026-02-09 04:30:00+00:00,0.068,True,False,0.0,0.068
2026-02-09 05:00:00+00:00,0.069,False,False,0.0,0.069
2026-02-09 05:30:00+00:00,0.073,False,False,0.0,0.073
2026-02-09 06:00:00+00:00,0.07,False,False,0.0,0.07
2026-02-09 06:30:00+00:00,0.105,False,False,0.0,0.105
2026-02-09 07:00:00+00:00,0.169,False,False,0.0,0.169
2026-02-09 07:30:00+00:00,0.33,False,False,0.0,0.33
2026-02-09 08:00:00+00:00,0.269,False,False,0.0,0.269
2026-02-09 08:30:00+00:00,0.204,False,False,0.0,0.204
2026-02-09 09:00:00+00:00,0.079,False,False,0.0,0.079
2026-02-09 09:30:00+00:00,0.07,False,False,0.0,0.07
2026-02-09 10:00:00+00:00,0.077,False,False,0.0,0.077
2026-02-09 10:30:00+00:00,0.072,False,False,0.0,0.072
2026-02-09 11:00:00+00:00,0.069,False,False,0.0,0.069
2026-02-09 11:30:00+00:00,0.077,False,False,0.0,0.077
2026-02-09 12:00:00+00:00,0.096,False,False,0.0,0.096
2026-02-09 12:30:00+00:00,0.092,False,False,0.0,0.092
2026-02-09 13:00:00+00:00,0.079,False,False,0.0,0.079
2026-02-09 13:30:00+00:00,0.072,False,False,0.0,0.072
2026-02-09 14:00:00+00:00,0.069,False,False,0.0,0.069
2026-02-09 14:30:00+00:00,0.077,False,False,0.0,0.077
2026-02-09 15:00:00+00:00,0.07,False,False,0.0,0.07
2026-02-09 15:30:00+00:00,0.823,False,False,0.0,0.823
2026-02-09 16:00:00+00:00,0.615,False,False,0.0,0.615
2026-02-09 16:30:00+00:00,0.262,False,False,0.0,0.262
2026-02-09 17:00:00+00:00,0.285,False,False,0.0,0.285
2026-02-09 17:30:00+00:00,0.306,False,False,0.0,0.306
2026-02-09 18:00:00+00:00,0.512,False,False,0.0,0.512
2026-02-09 18:30:00+00:00,0.396,False,False,0.0,0.396
2026-02-09 19:00:00+00:00,0.198,False,False,0.0,0.198
2026-02-09 19:30:00+00:00,0.171,False,False,0.0,0.171
2026-02-09 20:00:00+00:00,0.441,False,False,0.0,0.441
2026-02-09 20:30:00+00:00,0.121,False,False,0.0,0.121
2026-02-09 21:00:00+00:00,0.117,False,False,0.0,0.117
2026-02-09 21:30:00+00:00,0.093,False,False,0.0,0.093
2026-02-09 22:00:00+00:00,0.071,False,False,0.0,0.071
2026-02-09 22:30:00+00:00,0.083,False,False,0.0,0.083
2026-02-09 23:00:00+00:00,0.083,True,False,0.0,0.083
2026-02-09 23:30:00+00:00,0.078,True,False,0.0,0.078
2026-02-10 00:00:00+00:00,0.075,True,False,0.0,0.075
2026-02-10 00:30:00+00:00,0.082,True,False,0.0,0.082
2026-02-10 01:00:00+00:00,0.082,True,False,0.0,0.082
2026-02-10 01:30:00+00:00,0.07,True,False,0.0,0.07
2026-02-10 02:00:00+00:00,0.082,True,False,0.0,0.082
2026-02-10 02:30:00+00:00,0.076,True,False,0.0,0.076
2026-02-10 03:00:00+00:00,0.059,True,False,0.0,0.059
2026-02-10 03:30:00+00:00,0.068,True,False,0.0,0.068
2026-02-10 04:00:00+00:00,0.07,True,False,0.0,0.07
2026-02-10 04:30:00+00:00,0.061,True,False,0.0,0.061
2026-02-10 05:00:00+00:00,0.065,False,False,0.0,0.065
2026-02-10 05:30:00+00:00,0.073,False,False,0.0,0.073
2026-02-10 06:00:00+00:00,0.072,False,False,0.0,0.072
2026-02-10 06:30:00+00:00,0.106,False,False,0.0,0.106
2026-02-10 07:00:00+00:00,0.32,False,False,0.0,0.32
2026-02-10 07:30:00+00:00,0.354,False,False,0.0,0.354
2026-02-10 08:00:00+00:00,0.363,False,False,0.0,0.363
2026-02-10 08:30:00+00:00,0.321,False,False,0.0,0.321
2026-02-10 09:00:00+00:00,0.84,False,False,0.0,0.84
2026-02-10 09:30:00+00:00,0.181,False,False,0.0,0.181
2026-02-10 10:00:00+00:00,0.128,False,False,0.0,0.128
2026-02-10 10:30:00+00:00,0.123,False,False,0.0,0.123
2026-02-10 11:00:00+00:00,0.123,False,False,0.0,0.123
2026-02-10 11:30:00+00:00,0.128,False,False,0.0,0.128
2026-02-10 12:00:00+00:00,0.146,False,False,0.0,0.146
2026-02-10 12:30:00+00:00,0.148,False,False,0.0,0.148
2026-02-10 13:00:00+00:00,0.13,False,False,0.0,0.13
2026-02-10 13:30:00+00:00,0.12,False,False,0.0,0.12
2026-02-10 14:00:00+00:00,0.123,False,False,0.0,0.123
2026-02-10 14:30:00+00:00,0.127,False,False,0.0,0.127
2026-02-10 15:00:00+00:00,0.121,False,False,0.0,0.121
2026-02-10 15:30:00+00:00,0.887,False,False,0.0,0.887
2026-02-10 16:00:00+00:00,0.373,False,False,0.0,0.373
2026-02-10 16:30:00+00:00,0.261,False,False,0.0,0.261
2026-02-10 17:00:00+00:00,0.258,False,False,0.0,0.258
2026-02-10 17:30:00+00:00,1.163,False,False,0.0,1.163
2026-02-10 18:00:00+00:00,1.055,False,False,0.0,1.055
2026-02-10 18:30:00+00:00,0.422,False,False,0.0,0.422
2026-02-10 19:00:00+00:00,0.206,False,False,0.0,0.206
2026-02-10 19:30:00+00:00,0.21,False,False,0.0,0.21
2026-02-10 20:00:00+00:00,0.196,False,False,0.0,0.196
2026-02-10 20:30:00+00:00,0.151,False,False,0.0,0.151
2026-02-10 21:00:00+00:00,0.152,False,False,0.0,0.152
2026-02-10 21:30:00+00:00,0.129,False,False,0.0,0.129
2026-02-10 22:00:00+00:00,0.124,False,False,0.0,0.124
2026-02-10 22:30:00+00:00,0.11,False,False,0.0,0.11
2026-02-10 23:00:00+00:00,0.124,True,False,0.0,0.124
2026-02-10 23:30:00+00:00,0.124,True,False,0.0,0.124
2026-02-11 00:00:00+00:00,0.122,True,False,0.0,0.122
2026-02-11 00:30:00+00:00,0.111,True,False,0.0,0.111
2026-02-11 01:00:00+00:00,0.123,True,False,0.0,0.123
2026-02-11 01:30:00+00:00,0.121,True,False,0.0,0.121
2026-02-11 02:00:00+00:00,0.112,True,False,0.0,0.112
2026-02-11 02:30:00+00:00,0.113,True,False,0.0,0.113
2026-02-11 03:00:00+00:00,0.112,True,False,0.0,0.112
2026-02-11 03:30:00+00:00,0.09,True,False,0.0,0.09
2026-02-11 04:00:00+00:00,0.085,True,False,0.0,0.085
2026-02-11 04:30:00+00:00,0.092,True,False,0.0,0.092
2026-02-11 05:00:00+00:00,0.091,False,False,0.0,0.091
2026-02-11 05:30:00+00:00,0.083,False,False,0.0,0.083
2026-02-11 06:00:00+00:00,0.103,False,False,0.0,0.103
2026-02-11 06:30:00+00:00,0.129,False,False,0.0,0.129
2026-02-11 07:00:00+00:00,0.171,False,False,0.0,0.171
2026-02-11 07:30:00+00:00,0.918,False,False,0.0,0.918
2026-02-11 08:00:00+00:00,0.302,False,False,0.0,0.302
2026-02-11 08:30:00+00:00,0.257,False,False,0.0,0.257
2026-02-11 09:00:00+00:00,0.584,False,False,0.0,0.584
2026-02-11 09:30:00+00:00,0.135,False,False,0.0,0.135
2026-02-11 10:00:00+00:00,0.133,False,False,0.0,0.133
2026-02-11 10:30:00+00:00,0.133,False,False,0.0,0.133
2026-02-11 11:00:00+00:00,0.457,False,False,0.0,0.457
2026-02-11 11:30:00+00:00,0.114,False,False,0.0,0.114
2026-02-11 12:00:00+00:00,0.15,False,False,0.0,0.15
2026-02-11 12:30:00+00:00,0.146,False,False,0.0,0.146
2026-02-11 13:00:00+00:00,0.122,False,False,0.0,0.122
2026-02-11 13:30:00+00:00,0.108,False,False,0.0,0.108
2026-02-11 14:00:00+00:00,0.121,False,False,0.0,0.121
2026-02-11 14:30:00+00:00,0.12,False,False,0.0,0.12
2026-02-11 15:00:00+00:00,0.113,False,False,0.0,0.113
2026-02-11 15:30:00+00:00,0.162,False,False,0.0,0.162
2026-02-11 16:00:00+00:00,0.392,False,False,0.0,0.392
2026-02-11 16:30:00+00:00,0.91,False,False,0.0,0.91
2026-02-11 17:00:00+00:00,0.471,False,False,0.0,0.471
2026-02-11 17:30:00+00:00,0.417,False,False,0.0,0.417
2026-02-11 18:00:00+00:00,0.295,False,False,0.0,0.295
2026-02-11 18:30:00+00:00,0.256,False,False,0.0,0.256
2026-02-11 19:00:00+00:00,0.217,False,False,0.0,0.217
2026-02-11 19:30:00+00:00,0.192,False,False,0.0,0.192
2026-02-11 20:00:00+00:00,0.187,False,False,0.0,0.187
2026-02-11 20:30:00+00:00,0.168,False,False,0.0,0.168
2026-02-11 21:00:00+00:00,0.142,False,False,0.0,0.142
2026-02-11 21:30:00+00:00,0.13,False,False,0.0,0.13
2026-02-11 22:00:00+00:00,0.125,False,False,0.0,0.125
2026-02-11 22:30:00+00:00,0.124,False,False,0.0,0.124
2026-02-11 23:00:00+00:00,0.124,True,False,0.0,0.124
2026-02-11 23:30:00+00:00,0.125,True,False,0.0,0.125
2026-02-12 00:00:00+00:00,0.118,True,False,0.0,0.118
2026-02-12 00:30:00+00:00,0.117,True,False,0.0,0.117
2026-02-12 01:00:00+00:00,0.124,True,False,0.0,0.124
2026-02-12 01:30:00+00:00,0.123,True,False,0.0,0.123
2026-02-12 02:00:00+00:00,0.112,True,False,0.0,0.112
2026-02-12 02:30:00+00:00,0.118,True,False,0.0,0.118
2026-02-12 03:00:00+00:00,0.113,True,False,0.0,0.113
2026-02-12 03:30:00+00:00,0.108,True,False,0.0,0.108
2026-02-12 04:00:00+00:00,0.106,True,False,0.0,0.106
2026-02-12 04:30:00+00:00,0.114,True,False,0.0,0.114
2026-02-12 05:00:00+00:00,0.111,False,False,0.0,0.111
2026-02-12 05:30:00+00:00,0.104,False,False,0.0,0.104
2026-02-12 06:00:00+00:00,0.124,False,False,0.0,0.124
2026-02-12 06:30:00+00:00,0.149,False,False,0.0,0.149
2026-02-12 07:00:00+00:00,0.231,False,False,0.0,0.231
2026-02-12 07:30:00+00:00,0.409,False,False,0.0,0.409
2026-02-12 08:00:00+00:00,0.513,False,False,0.0,0.513
2026-02-12 08:30:00+00:00,0.452,False,False,0.0,0.452
2026-02-12 09:00:00+00:00,0.355,False,False,0.0,0.355
2026-02-12 09:30:00+00:00,0.538,False,False,0.0,0.538
2026-02-12 10:00:00+00:00,0.253,False,False,0.0,0.253
2026-02-12 10:30:00+00:00,0.235,False,False,0.0,0.235
2026-02-12 11:00:00+00:00,0.181,False,False,0.0,0.181
2026-02-12 11:30:00+00:00,0.748,False,False,0.0,0.748
2026-02-12 12:00:00+00:00,1.748,False,False,0.0,1.748
2026-02-12 12:30:00+00:00,1.839,False,False,0.0,1.839
2026-02-12 13:00:00+00:00,0.962,False,False,0.0,0.962
2026-02-12 13:30:00+00:00,0.329,False,False,0.0,0.329
2026-02-12 14:00:00+00:00,0.394,False,False,0.0,0.394
2026-02-12 14:30:00+00:00,0.271,False,False,0.0,0.271
2026-02-12 15:00:00+00:00,0.258,False,False,0.0,0.258
2026-02-12 15:30:00+00:00,0.426,False,False,0.0,0.426
2026-02-12 16:00:00+00:00,0.316,False,False,0.0,0.316
2026-02-12 16:30:00+00:00,0.238,False,False,0.0,0.238
2026-02-12 17:00:00+00:00,0.255,False,False,0.0,0.255
2026-02-12 17:30:00+00:00,0.343,False,False,0.0,0.343
2026-02-12 18:00:00+00:00,0.688,False,False,0.0,0.688
2026-02-12 18:30:00+00:00,0.243,False,False,0.0,0.243
2026-02-12 19:00:00+00:00,0.24,False,False,0.0,0.24
2026-02-12 19:30:00+00:00,0.379,False,False,0.0,0.379
2026-02-12 20:00:00+00:00,0.473,False,False,0.0,0.473
2026-02-12 20:30:00+00:00,0.437,False,False,0.0,0.437
2026-02-12 21:00:00+00:00,0.178,False,False,0.0,0.178
2026-02-12 21:30:00+00:00,0.094,False,False,0.0,0.094
2026-02-12 22:00:00+00:00,0.089,False,False,0.0,0.089
2026-02-12 22:30:00+00:00,0.086,False,False,0.0,0.086
2026-02-12 23:00:00+00:00,0.084,True,False,0.0,0.084
2026-02-12 23:30:00+00:00,3.742,True,True,3.638,0.10400000000000009
2026-02-13 00:00:00+00:00,3.791,True,True,3.6959999999999997,0.0950000000000002
2026-02-13 00:30:00+00:00,3.82,True,True,3.73,0.08999999999999986
2026-02-13 01:00:00+00:00,3.811,True,True,3.723,0.08800000000000008
2026-02-13 01:30:00+00:00,3.85,True,True,3.7640000000000002,0.08599999999999985
2026-02-13 02:00:00+00:00,0.083,True,False,0.0,0.083
2026-02-13 02:30:00+00:00,0.074,True,False,0.0,0.074
2026-02-13 03:00:00+00:00,3.813,True,True,3.7390000000000003,0.07399999999999984
2026-02-13 03:30:00+00:00,3.841,True,True,3.766,0.07500000000000018
2026-02-13 04:00:00+00:00,3.844,True,True,3.77,0.07399999999999984
2026-02-13 04:30:00+00:00,3.839,True,True,3.766,0.07299999999999995
2026-02-13 05:00:00+00:00,3.839,False,True,3.766,0.07299999999999995
2026-02-13 05:30:00+00:00,3.815,False,True,3.739,0.07600000000000007
2026-02-13 06:00:00+00:00,3.825,False,True,3.742,0.08300000000000018
2026-02-13 06:30:00+00:00,3.863,False,True,3.76,0.1030000000000002
2026-02-13 07:00:00+00:00,3.895,False,True,3.667,0.2280000000000002
2026-02-13 07:30:00+00:00,1.111,False,False,0.0,1.111
2026-02-13 08:00:00+00:00,0.274,False,False,0.0,0.274
2026-02-13 08:30:00+00:00,0.214,False,False,0.0,0.214
2026-02-13 09:00:00+00:00,0.107,False,False,0.0,0.107
2026-02-13 09:30:00+00:00,0.091,False,False,0.0,0.091
2026-02-13 10:00:00+00:00,0.104,False,False,0.0,0.104
2026-02-13 10:30:00+00:00,0.103,False,False,0.0,0.103
2026-02-13 11:00:00+00:00,0.09,False,False,0.0,0.09
2026-02-13 11:30:00+00:00,0.103,False,False,0.0,0.103
2026-02-13 12:00:00+00:00,0.128,False,False,0.0,0.128
2026-02-13 12:30:00+00:00,0.117,False,False,0.0,0.117
2026-02-13 13:00:00+00:00,0.104,False,False,0.0,0.104
2026-02-13 13:30:00+00:00,0.103,False,False,0.0,0.103
2026-02-13 14:00:00+00:00,0.093,False,False,0.0,0.093
2026-02-13 14:30:00+00:00,0.1,False,False,0.0,0.1
2026-02-13 15:00:00+00:00,0.103,False,False,0.0,0.103
2026-02-13 15:30:00+00:00,0.73,False,False,0.0,0.73
2026-02-13 16:00:00+00:00,0.574,False,False,0.0,0.574
2026-02-13 16:30:00+00:00,0.249,False,False,0.0,0.249
2026-02-13 17:00:00+00:00,0.305,False,False,0.0,0.305
2026-02-13 17:30:00+00:00,0.209,False,False,0.0,0.209
2026-02-13 18:00:00+00:00,0.183,False,False,0.0,0.183
2026-02-13 18:30:00+00:00,0.176,False,False,0.0,0.176
2026-02-13 19:00:00+00:00,0.177,False,False,0.0,0.177
2026-02-13 19:30:00+00:00,0.143,False,False,0.0,0.143
2026-02-13 20:00:00+00:00,0.127,False,False,0.0,0.127
2026-02-13 20:30:00+00:00,0.139,False,False,0.0,0.139
2026-02-13 21:00:00+00:00,0.121,False,False,0.0,0.121
2026-02-13 21:30:00+00:00,0.093,False,False,0.0,0.093
2026-02-13 22:00:00+00:00,0.078,False,False,0.0,0.078
2026-02-13 22:30:00+00:00,0.077,False,False,0.0,0.077
2026-02-13 23:00:00+00:00,0.082,True,False,0.0,0.082
2026-02-13 23:30:00+00:00,0.08,True,False,0.0,0.08
2026-02-14 00:00:00+00:00,0.066,True,False,0.0,0.066
2026-02-14 00:30:00+00:00,0.079,True,False,0.0,0.079
2026-02-14 01:00:00+00:00,0.078,True,False,0.0,0.078
2026-02-14 01:30:00+00:00,0.069,True,False,0.0,0.069
2026-02-14 02:00:00+00:00,0.076,True,False,0.0,0.076
2026-02-14 02:30:00+00:00,0.071,True,False,0.0,0.071
2026-02-14 03:00:00+00:00,0.06,True,False,0.0,0.06
2026-02-14 03:30:00+00:00,0.063,True,False,0.0,0.063
2026-02-14 04:00:00+00:00,0.07,True,False,0.0,0.07
2026-02-14 04:30:00+00:00,0.063,True,False,0.0,0.063
2026-02-14 05:00:00+00:00,0.066,False,False,0.0,0.066
2026-02-14 05:30:00+00:00,0.074,False,False,0.0,0.074
2026-02-14 06:00:00+00:00,0.072,False,False,0.0,0.072
2026-02-14 06:30:00+00:00,0.129,False,False,0.0,0.129
2026-02-14 07:00:00+00:00,0.177,False,False,0.0,0.177
2026-02-14 07:30:00+00:00,0.162,False,False,0.0,0.162
2026-02-14 08:00:00+00:00,0.217,False,False,0.0,0.217
2026-02-14 08:30:00+00:00,0.23,False,False,0.0,0.23
2026-02-14 09:00:00+00:00,0.901,False,False,0.0,0.901
2026-02-14 09:30:00+00:00,0.685,False,False,0.0,0.685
2026-02-14 10:00:00+00:00,0.362,False,False,0.0,0.362
2026-02-14 10:30:00+00:00,0.628,False,False,0.0,0.628
2026-02-14 11:00:00+00:00,0.931,False,False,0.0,0.931
2026-02-14 11:30:00+00:00,0.972,False,False,0.0,0.972
2026-02-14 12:00:00+00:00,1.289,False,False,0.0,1.289
2026-02-14 12:30:00+00:00,1.655,False,False,0.0,1.655
2026-02-14 13:00:00+00:00,0.362,False,False,0.0,0.362
2026-02-14 13:30:00+00:00,0.325,False,False,0.0,0.325
2026-02-14 14:00:00+00:00,0.379,False,False,0.0,0.379
2026-02-14 14:30:00+00:00,0.364,False,False,0.0,0.364
2026-02-14 15:00:00+00:00,0.331,False,False,0.0,0.331
2026-02-14 15:30:00+00:00,0.328,False,False,0.0,0.328
2026-02-14 16:00:00+00:00,0.3,False,False,0.0,0.3
2026-02-14 16:30:00+00:00,0.382,False,False,0.0,0.382
2026-02-14 17:00:00+00:00,0.239,False,False,0.0,0.239
2026-02-14 17:30:00+00:00,0.263,False,False,0.0,0.263
2026-02-14 18:00:00+00:00,0.178,False,False,0.0,0.178
2026-02-14 18:30:00+00:00,0.194,False,False,0.0,0.194
2026-02-14 19:00:00+00:00,0.292,False,False,0.0,0.292
2026-02-14 19:30:00+00:00,0.196,False,False,0.0,0.196
2026-02-14 20:00:00+00:00,0.149,False,False,0.0,0.149
2026-02-14 20:30:00+00:00,0.136,False,False,0.0,0.136
2026-02-14 21:00:00+00:00,0.13,False,False,0.0,0.13
2026-02-14 21:30:00+00:00,0.087,False,False,0.0,0.087
2026-02-14 22:00:00+00:00,0.08,False,False,0.0,0.08
2026-02-14 22:30:00+00:00,0.119,False,False,0.0,0.119
2026-02-14 23:00:00+00:00,0.093,True,False,0.0,0.093
2026-02-14 23:30:00+00:00,0.083,True,False,0.0,0.083
2026-02-15 00:00:00+00:00,0.079,True,False,0.0,0.079
2026-02-15 00:30:00+00:00,0.078,True,False,0.0,0.078
2026-02-15 01:00:00+00:00,0.078,True,False,0.0,0.078
2026-02-15 01:30:00+00:00,0.077,True,False,0.0,0.077
2026-02-15 02:00:00+00:00,0.081,True,False,0.0,0.081
2026-02-15 02:30:00+00:00,0.062,True,False,0.0,0.062
2026-02-15 03:00:00+00:00,0.067,True,False,0.0,0.067
2026-02-15 03:30:00+00:00,0.068,True,False,0.0,0.068
2026-02-15 04:00:00+00:00,0.06,True,False,0.0,0.06
2026-02-15 04:30:00+00:00,0.062,True,False,0.0,0.062
2026-02-15 05:00:00+00:00,0.067,False,False,0.0,0.067
2026-02-15 05:30:00+00:00,0.068,False,False,0.0,0.068
2026-02-15 06:00:00+00:00,0.068,False,False,0.0,0.068
2026-02-15 06:30:00+00:00,0.105,False,False,0.0,0.105
2026-02-15 07:00:00+00:00,0.23,False,False,0.0,0.23
2026-02-15 07:30:00+00:00,0.677,False,False,0.0,0.677
2026-02-15 08:00:00+00:00,0.465,False,False,0.0,0.465
2026-02-15 08:30:00+00:00,1.152,False,False,0.0,1.152
2026-02-15 09:00:00+00:00,1.649,False,False,0.0,1.649
2026-02-15 09:30:00+00:00,1.524,False,False,0.0,1.524
2026-02-15 10:00:00+00:00,0.349,False,False,0.0,0.349
2026-02-15 10:30:00+00:00,0.165,False,False,0.0,0.165
2026-02-15 11:00:00+00:00,0.166,False,False,0.0,0.166
2026-02-15 11:30:00+00:00,0.157,False,False,0.0,0.157
2026-02-15 12:00:00+00:00,0.165,False,False,0.0,0.165
2026-02-15 12:30:00+00:00,0.201,False,False,0.0,0.201
2026-02-15 13:00:00+00:00,0.088,False,False,0.0,0.088
2026-02-15 13:30:00+00:00,0.204,False,False,0.0,0.204
2026-02-15 14:00:00+00:00,1.428,False,False,0.0,1.428
2026-02-15 14:30:00+00:00,1.479,False,False,0.0,1.479
2026-02-15 15:00:00+00:00,0.308,False,False,0.0,0.308
2026-02-15 15:30:00+00:00,0.25,False,False,0.0,0.25
2026-02-15 16:00:00+00:00,0.344,False,False,0.0,0.344
2026-02-15 16:30:00+00:00,0.294,False,False,0.0,0.294
2026-02-15 17:00:00+00:00,0.319,False,False,0.0,0.319
2026-02-15 17:30:00+00:00,0.391,False,False,0.0,0.391
2026-02-15 18:00:00+00:00,0.347,False,False,0.0,0.347
2026-02-15 18:30:00+00:00,0.271,False,False,0.0,0.271
2026-02-15 19:00:00+00:00,0.264,False,False,0.0,0.264
2026-02-15 19:30:00+00:00,0.226,False,False,0.0,0.226
2026-02-15 20:00:00+00:00,0.199,False,False,0.0,0.199
2026-02-15 20:30:00+00:00,0.293,False,False,0.0,0.293
2026-02-15 21:00:00+00:00,0.281,False,False,0.0,0.281
2026-02-15 21:30:00+00:00,0.269,False,False,0.0,0.269
2026-02-15 22:00:00+00:00,0.273,False,False,0.0,0.273
2026-02-15 22:30:00+00:00,0.266,False,False,0.0,0.266
2026-02-15 23:00:00+00:00,0.259,True,False,0.0,0.259
2026-02-15 23:30:00+00:00,0.178,True,False,0.0,0.178
2026-02-16 00:00:00+00:00,0.081,True,False,0.0,0.081
2026-02-16 00:30:00+00:00,0.07,True,False,0.0,0.07
2026-02-16 01:00:00+00:00,0.129,True,False,0.0,0.129
2026-02-16 01:30:00+00:00,0.083,True,False,0.0,0.083
2026-02-16 02:00:00+00:00,0.081,True,False,0.0,0.081
2026-02-16 02:30:00+00:00,0.072,True,False,0.0,0.072
2026-02-16 03:00:00+00:00,0.068,True,False,0.0,0.068
2026-02-16 03:30:00+00:00,0.068,True,False,0.0,0.068
2026-02-16 04:00:00+00:00,0.067,True,False,0.0,0.067
2026-02-16 04:30:00+00:00,0.077,True,False,0.0,0.077
2026-02-16 05:00:00+00:00,0.059,False,False,0.0,0.059
2026-02-16 05:30:00+00:00,0.071,False,False,0.0,0.071
2026-02-16 06:00:00+00:00,0.077,False,False,0.0,0.077
2026-02-16 06:30:00+00:00,0.09,False,False,0.0,0.09
2026-02-16 07:00:00+00:00,0.358,False,False,0.0,0.358
2026-02-16 07:30:00+00:00,0.763,False,False,0.0,0.763
2026-02-16 08:00:00+00:00,0.53,False,False,0.0,0.53
2026-02-16 08:30:00+00:00,0.664,False,False,0.0,0.664
2026-02-16 09:00:00+00:00,1.274,False,False,0.0,1.274
2026-02-16 09:30:00+00:00,0.306,False,False,0.0,0.306
2026-02-16 10:00:00+00:00,0.319,False,False,0.0,0.319
2026-02-16 10:30:00+00:00,0.698,False,False,0.0,0.698
2026-02-16 11:00:00+00:00,0.216,False,False,0.0,0.216
2026-02-16 11:30:00+00:00,0.199,False,False,0.0,0.199
2026-02-16 12:00:00+00:00,0.197,False,False,0.0,0.197
2026-02-16 12:30:00+00:00,0.181,False,False,0.0,0.181
2026-02-16 13:00:00+00:00,0.236,False,False,0.0,0.236
2026-02-16 13:30:00+00:00,0.134,False,False,0.0,0.134
2026-02-16 14:00:00+00:00,0.127,False,False,0.0,0.127
2026-02-16 14:30:00+00:00,0.174,False,False,0.0,0.174
2026-02-16 15:00:00+00:00,0.125,False,False,0.0,0.125
2026-02-16 15:30:00+00:00,0.522,False,False,0.0,0.522
2026-02-16 16:00:00+00:00,0.791,False,False,0.0,0.791
2026-02-16 16:30:00+00:00,0.297,False,False,0.0,0.297
2026-02-16 17:00:00+00:00,0.27,False,False,0.0,0.27
2026-02-16 17:30:00+00:00,0.479,False,False,0.0,0.479
2026-02-16 18:00:00+00:00,0.199,False,False,0.0,0.199
2026-02-16 18:30:00+00:00,0.187,False,False,0.0,0.187
2026-02-16 19:00:00+00:00,1.153,False,False,0.0,1.153
2026-02-16 19:30:00+00:00,0.288,False,False,0.0,0.288
2026-02-16 20:00:00+00:00,0.293,False,False,0.0,0.293
2026-02-16 20:30:00+00:00,0.244,False,False,0.0,0.244
2026-02-16 21:00:00+00:00,0.331,False,False,0.0,0.331
2026-02-16 21:30:00+00:00,0.295,False,False,0.0,0.295
2026-02-16 22:00:00+00:00,0.266,False,False,0.0,0.266
2026-02-16 22:30:00+00:00,0.245,False,False,0.0,0.245
2026-02-16 23:00:00+00:00,0.248,True,False,0.0,0.248
2026-02-16 23:30:00+00:00,0.13,True,False,0.0,0.13
2026-02-17 00:00:00+00:00,0.086,True,False,0.0,0.086
2026-02-17 00:30:00+00:00,0.086,True,False,0.0,0.086
2026-02-17 01:00:00+00:00,0.081,True,False,0.0,0.081
2026-02-17 01:30:00+00:00,0.072,True,False,0.0,0.072
2026-02-17 02:00:00+00:00,0.077,True,False,0.0,0.077
2026-02-17 02:30:00+00:00,0.074,True,False,0.0,0.074
2026-02-17 03:00:00+00:00,0.069,True,False,0.0,0.069
2026-02-17 03:30:00+00:00,0.059,True,False,0.0,0.059
2026-02-17 04:00:00+00:00,0.071,True,False,0.0,0.071
2026-02-17 04:30:00+00:00,0.069,True,False,0.0,0.069
2026-02-17 05:00:00+00:00,0.057,False,False,0.0,0.057
2026-02-17 05:30:00+00:00,0.073,False,False,0.0,0.073
2026-02-17 06:00:00+00:00,0.079,False,False,0.0,0.079
2026-02-17 06:30:00+00:00,0.095,False,False,0.0,0.095
2026-02-17 07:00:00+00:00,0.371,False,False,0.0,0.371
2026-02-17 07:30:00+00:00,0.594,False,False,0.0,0.594
2026-02-17 08:00:00+00:00,0.408,False,False,0.0,0.408
2026-02-17 08:30:00+00:00,0.33,False,False,0.0,0.33
2026-02-17 09:00:00+00:00,1.03,False,False,0.0,1.03
2026-02-17 09:30:00+00:00,1.353,False,False,0.0,1.353
2026-02-17 10:00:00+00:00,0.773,False,False,0.0,0.773
2026-02-17 10:30:00+00:00,0.631,False,False,0.0,0.631
2026-02-17 11:00:00+00:00,0.315,False,False,0.0,0.315
2026-02-17 11:30:00+00:00,0.331,False,False,0.0,0.331
2026-02-17 12:00:00+00:00,0.304,False,False,0.0,0.304
2026-02-17 12:30:00+00:00,0.279,False,False,0.0,0.279
2026-02-17 13:00:00+00:00,0.225,False,False,0.0,0.225
2026-02-17 13:30:00+00:00,0.239,False,False,0.0,0.239
2026-02-17 14:00:00+00:00,0.236,False,False,0.0,0.236
2026-02-17 14:30:00+00:00,0.394,False,False,0.0,0.394
2026-02-17 15:00:00+00:00,0.793,False,False,0.0,0.793
2026-02-17 15:30:00+00:00,0.371,False,False,0.0,0.371
2026-02-17 16:00:00+00:00,0.363,False,False,0.0,0.363
2026-02-17 16:30:00+00:00,0.524,False,False,0.0,0.524
2026-02-17 17:00:00+00:00,0.534,False,False,0.0,0.534
2026-02-17 17:30:00+00:00,0.269,False,False,0.0,0.269
2026-02-17 18:00:00+00:00,0.21,False,False,0.0,0.21
2026-02-17 18:30:00+00:00,0.204,False,False,0.0,0.204
2026-02-17 19:00:00+00:00,0.203,False,False,0.0,0.203
2026-02-17 19:30:00+00:00,0.199,False,False,0.0,0.199
2026-02-17 20:00:00+00:00,0.202,False,False,0.0,0.202
2026-02-17 20:30:00+00:00,0.167,False,False,0.0,0.167
2026-02-17 21:00:00+00:00,0.139,False,False,0.0,0.139
2026-02-17 21:30:00+00:00,0.085,False,False,0.0,0.085
2026-02-17 22:00:00+00:00,0.102,False,False,0.0,0.102
2026-02-17 22:30:00+00:00,0.076,False,False,0.0,0.076
2026-02-17 23:00:00+00:00,0.081,True,False,0.0,0.081
2026-02-17 23:30:00+00:00,0.08,True,False,0.0,0.08
2026-02-18 00:00:00+00:00,0.069,True,False,0.0,0.069
2026-02-18 00:30:00+00:00,0.079,True,False,0.0,0.079
2026-02-18 01:00:00+00:00,0.08,True,False,0.0,0.08
2026-02-18 01:30:00+00:00,0.071,True,False,0.0,0.071
2026-02-18 02:00:00+00:00,0.076,True,False,0.0,0.076
2026-02-18 02:30:00+00:00,0.073,True,False,0.0,0.073
2026-02-18 03:00:00+00:00,0.061,True,False,0.0,0.061
2026-02-18 03:30:00+00:00,0.065,True,False,0.0,0.065
2026-02-18 04:00:00+00:00,0.069,True,False,0.0,0.069
2026-02-18 04:30:00+00:00,0.061,True,False,0.0,0.061
2026-02-18 05:00:00+00:00,0.067,False,False,0.0,0.067
2026-02-18 05:30:00+00:00,0.075,False,False,0.0,0.075
2026-02-18 06:00:00+00:00,0.071,False,False,0.0,0.071
2026-02-18 06:30:00+00:00,0.108,False,False,0.0,0.108
2026-02-18 07:00:00+00:00,0.528,False,False,0.0,0.528
2026-02-18 07:30:00+00:00,0.417,False,False,0.0,0.417
2026-02-18 08:00:00+00:00,0.604,False,False,0.0,0.604
2026-02-18 08:30:00+00:00,0.968,False,False,0.0,0.968
2026-02-18 09:00:00+00:00,0.258,False,False,0.0,0.258
2026-02-18 09:30:00+00:00,0.188,False,False,0.0,0.188
2026-02-18 10:00:00+00:00,0.13,False,False,0.0,0.13
2026-02-18 10:30:00+00:00,0.127,False,False,0.0,0.127
2026-02-18 11:00:00+00:00,0.191,False,False,0.0,0.191
2026-02-18 11:30:00+00:00,0.117,False,False,0.0,0.117
2026-02-18 12:00:00+00:00,0.126,False,False,0.0,0.126
2026-02-18 12:30:00+00:00,0.26,False,False,0.0,0.26
2026-02-18 13:00:00+00:00,0.149,False,False,0.0,0.149
2026-02-18 13:30:00+00:00,0.243,False,False,0.0,0.243
2026-02-18 14:00:00+00:00,0.142,False,False,0.0,0.142
2026-02-18 14:30:00+00:00,0.126,False,False,0.0,0.126
2026-02-18 15:00:00+00:00,0.121,False,False,0.0,0.121
2026-02-18 15:30:00+00:00,0.492,False,False,0.0,0.492
2026-02-18 16:00:00+00:00,1.346,False,False,0.0,1.346
2026-02-18 16:30:00+00:00,1.103,False,False,0.0,1.103
2026-02-18 17:00:00+00:00,0.561,False,False,0.0,0.561
2026-02-18 17:30:00+00:00,0.516,False,False,0.0,0.516
2026-02-18 18:00:00+00:00,0.238,False,False,0.0,0.238
2026-02-18 18:30:00+00:00,0.272,False,False,0.0,0.272
2026-02-18 19:00:00+00:00,0.186,False,False,0.0,0.186
2026-02-18 19:30:00+00:00,0.172,False,False,0.0,0.172
2026-02-18 20:00:00+00:00,0.168,False,False,0.0,0.168
2026-02-18 20:30:00+00:00,0.164,False,False,0.0,0.164
2026-02-18 21:00:00+00:00,0.175,False,False,0.0,0.175
2026-02-18 21:30:00+00:00,0.149,False,False,0.0,0.149
2026-02-18 22:00:00+00:00,0.114,False,False,0.0,0.114
2026-02-18 22:30:00+00:00,0.125,False,False,0.0,0.125
2026-02-18 23:00:00+00:00,0.116,True,False,0.0,0.116
2026-02-18 23:30:00+00:00,0.112,True,False,0.0,0.112
2026-02-19 00:00:00+00:00,0.109,True,False,0.0,0.109
2026-02-19 00:30:00+00:00,0.091,True,False,0.0,0.091
2026-02-19 01:00:00+00:00,0.088,True,False,0.0,0.088
2026-02-19 01:30:00+00:00,0.074,True,False,0.0,0.074
2026-02-19 02:00:00+00:00,0.087,True,False,0.0,0.087
2026-02-19 02:30:00+00:00,0.081,True,False,0.0,0.081
2026-02-19 03:00:00+00:00,0.068,True,False,0.0,0.068
2026-02-19 03:30:00+00:00,0.071,True,False,0.0,0.071
2026-02-19 04:00:00+00:00,0.077,True,False,0.0,0.077
2026-02-19 04:30:00+00:00,0.073,True,False,0.0,0.073
2026-02-19 05:00:00+00:00,0.071,False,False,0.0,0.071
2026-02-19 05:30:00+00:00,0.077,False,False,0.0,0.077
2026-02-19 06:00:00+00:00,0.079,False,False,0.0,0.079
2026-02-19 06:30:00+00:00,0.106,False,False,0.0,0.106
2026-02-19 07:00:00+00:00,0.896,False,False,0.0,0.896
2026-02-19 07:30:00+00:00,0.649,False,False,0.0,0.649
2026-02-19 08:00:00+00:00,0.897,False,False,0.0,0.897
2026-02-19 08:30:00+00:00,0.864,False,False,0.0,0.864
2026-02-19 09:00:00+00:00,1.179,False,False,0.0,1.179
2026-02-19 09:30:00+00:00,0.225,False,False,0.0,0.225
2026-02-19 10:00:00+00:00,0.294,False,False,0.0,0.294
2026-02-19 10:30:00+00:00,0.207,False,False,0.0,0.207
2026-02-19 11:00:00+00:00,0.213,False,False,0.0,0.213
2026-02-19 11:30:00+00:00,0.298,False,False,0.0,0.298
2026-02-19 12:00:00+00:00,0.344,False,False,0.0,0.344
2026-02-19 12:30:00+00:00,0.938,False,False,0.0,0.938
2026-02-19 13:00:00+00:00,0.445,False,False,0.0,0.445
2026-02-19 13:30:00+00:00,0.497,False,False,0.0,0.497
2026-02-19 14:00:00+00:00,0.531,False,False,0.0,0.531
2026-02-19 14:30:00+00:00,0.328,False,False,0.0,0.328
2026-02-19 15:00:00+00:00,0.226,False,False,0.0,0.226
2026-02-19 15:30:00+00:00,0.824,False,False,0.0,0.824
2026-02-19 16:00:00+00:00,0.569,False,False,0.0,0.569
2026-02-19 16:30:00+00:00,0.844,False,False,0.0,0.844
2026-02-19 17:00:00+00:00,0.282,False,False,0.0,0.282
2026-02-19 17:30:00+00:00,0.436,False,False,0.0,0.436
2026-02-19 18:00:00+00:00,0.668,False,False,0.0,0.668
2026-02-19 18:30:00+00:00,0.479,False,False,0.0,0.479
2026-02-19 19:00:00+00:00,0.356,False,False,0.0,0.356
2026-02-19 19:30:00+00:00,0.829,False,False,0.0,0.829
2026-02-19 20:00:00+00:00,0.222,False,False,0.0,0.222
2026-02-19 20:30:00+00:00,0.266,False,False,0.0,0.266
2026-02-19 21:00:00+00:00,0.236,False,False,0.0,0.236
2026-02-19 21:30:00+00:00,0.319,False,False,0.0,0.319
2026-02-19 22:00:00+00:00,0.221,False,False,0.0,0.221
2026-02-19 22:30:00+00:00,0.229,False,False,0.0,0.229
2026-02-19 23:00:00+00:00,3.855,True,True,3.7365,0.11850000000000005
2026-02-19 23:30:00+00:00,3.861,True,True,3.757,0.10400000000000009
2026-02-20 00:00:00+00:00,3.831,True,True,3.7359999999999998,0.0950000000000002
2026-02-20 00:30:00+00:00,3.822,True,True,3.732,0.08999999999999986
2026-02-20 01:00:00+00:00,3.809,True,True,3.721,0.08800000000000008
2026-02-20 01:30:00+00:00,3.83,True,True,3.744,0.08599999999999985
2026-02-20 02:00:00+00:00,3.848,True,True,3.763,0.08499999999999996
2026-02-20 02:30:00+00:00,0.081,True,False,0.0,0.081
2026-02-20 03:00:00+00:00,0.139,True,False,0.0,0.139
2026-02-20 03:30:00+00:00,3.775,True,True,3.6999999999999997,0.07500000000000018
2026-02-20 04:00:00+00:00,3.838,True,True,3.7640000000000002,0.07399999999999984
2026-02-20 04:30:00+00:00,1.967,True,True,1.8940000000000001,0.07299999999999995
2026-02-20 05:00:00+00:00,1.951,False,False,0.0,1.951
2026-02-20 05:30:00+00:00,3.828,False,True,3.752,0.07600000000000007
2026-02-20 06:00:00+00:00,3.836,False,True,3.7529999999999997,0.08300000000000018
2026-02-20 06:30:00+00:00,3.852,False,True,3.7489999999999997,0.1030000000000002
2026-02-20 07:00:00+00:00,4.051,False,True,3.823,0.2280000000000002
2026-02-20 07:30:00+00:00,4.061,False,True,3.567,0.4939999999999998
2026-02-20 08:00:00+00:00,0.735,False,False,0.0,0.735
2026-02-20 08:30:00+00:00,0.464,False,False,0.0,0.464
2026-02-20 09:00:00+00:00,1.08,False,False,0.0,1.08
2026-02-20 09:30:00+00:00,0.849,False,False,0.0,0.849
2026-02-20 10:00:00+00:00,0.44,False,False,0.0,0.44
2026-02-20 10:30:00+00:00,0.246,False,False,0.0,0.246
2026-02-20 11:00:00+00:00,0.192,False,False,0.0,0.192
2026-02-20 11:30:00+00:00,0.199,False,False,0.0,0.199
2026-02-20 12:00:00+00:00,0.267,False,False,0.0,0.267
2026-02-20 12:30:00+00:00,0.264,False,False,0.0,0.264
2026-02-20 13:00:00+00:00,0.138,False,False,0.0,0.138
2026-02-20 13:30:00+00:00,0.163,False,False,0.0,0.163
2026-02-20 14:00:00+00:00,0.225,False,False,0.0,0.225
2026-02-20 14:30:00+00:00,0.188,False,False,0.0,0.188
2026-02-20 15:00:00+00:00,0.276,False,False,0.0,0.276
2026-02-20 15:30:00+00:00,0.242,False,False,0.0,0.242
2026-02-20 16:00:00+00:00,0.26,False,False,0.0,0.26
2026-02-20 16:30:00+00:00,0.418,False,False,0.0,0.418
2026-02-20 17:00:00+00:00,0.256,False,False,0.0,0.256
2026-02-20 17:30:00+00:00,0.313,False,False,0.0,0.313
2026-02-20 18:00:00+00:00,0.201,False,False,0.0,0.201
2026-02-20 18:30:00+00:00,0.213,False,False,0.0,0.213
2026-02-20 19:00:00+00:00,0.187,False,False,0.0,0.187
2026-02-20 19:30:00+00:00,0.216,False,False,0.0,0.216
2026-02-20 20:00:00+00:00,0.182,False,False,0.0,0.182
2026-02-20 20:30:00+00:00,0.207,False,False,0.0,0.207
2026-02-20 21:00:00+00:00,0.285,False,False,0.0,0.285
2026-02-20 21:30:00+00:00,0.275,False,False,0.0,0.275
2026-02-20 22:00:00+00:00,0.27,False,False,0.0,0.27
2026-02-20 22:30:00+00:00,0.251,False,False,0.0,0.251
2026-02-20 23:00:00+00:00,0.131,True,False,0.0,0.131
2026-02-20 23:30:00+00:00,0.23,True,False,0.0,0.23
2026-02-21 00:00:00+00:00,0.089,True,False,0.0,0.089
2026-02-21 00:30:00+00:00,3.634,True,True,3.544,0.08999999999999986
2026-02-21 01:00:00+00:00,1.872,True,True,1.784,0.08800000000000008
2026-02-21 01:30:00+00:00,0.171,True,False,0.0,0.171
2026-02-21 02:00:00+00:00,1.668,True,True,1.583,0.08499999999999996
2026-02-21 02:30:00+00:00,0.066,True,False,0.0,0.066
2026-02-21 03:00:00+00:00,0.088,True,False,0.0,0.088
2026-02-21 03:30:00+00:00,0.095,True,False,0.0,0.095
2026-02-21 04:00:00+00:00,0.07,True,False,0.0,0.07
2026-02-21 04:30:00+00:00,0.057,True,False,0.0,0.057
2026-02-21 05:00:00+00:00,0.072,False,False,0.0,0.072
2026-02-21 05:30:00+00:00,0.073,False,False,0.0,0.073
2026-02-21 06:00:00+00:00,0.073,False,False,0.0,0.073
2026-02-21 06:30:00+00:00,0.104,False,False,0.0,0.104
2026-02-21 07:00:00+00:00,0.17,False,False,0.0,0.17
2026-02-21 07:30:00+00:00,0.574,False,False,0.0,0.574
2026-02-21 08:00:00+00:00,0.242,False,False,0.0,0.242
2026-02-21 08:30:00+00:00,0.237,False,False,0.0,0.237
2026-02-21 09:00:00+00:00,0.281,False,False,0.0,0.281
2026-02-21 09:30:00+00:00,0.56,False,False,0.0,0.56
2026-02-21 10:00:00+00:00,0.907,False,False,0.0,0.907
2026-02-21 10:30:00+00:00,0.311,False,False,0.0,0.311
2026-02-21 11:00:00+00:00,0.226,False,False,0.0,0.226
2026-02-21 11:30:00+00:00,0.485,False,False,0.0,0.485
2026-02-21 12:00:00+00:00,0.403,False,False,0.0,0.403
2026-02-21 12:30:00+00:00,0.189,False,False,0.0,0.189
2026-02-21 13:00:00+00:00,0.104,False,False,0.0,0.104
2026-02-21 13:30:00+00:00,0.098,False,False,0.0,0.098
2026-02-21 14:00:00+00:00,0.094,False,False,0.0,0.094
2026-02-21 14:30:00+00:00,0.092,False,False,0.0,0.092
2026-02-21 15:00:00+00:00,0.211,False,False,0.0,0.211
2026-02-21 15:30:00+00:00,0.18,False,False,0.0,0.18
2026-02-21 16:00:00+00:00,0.267,False,False,0.0,0.267
2026-02-21 16:30:00+00:00,1.175,False,False,0.0,1.175
2026-02-21 17:00:00+00:00,0.352,False,False,0.0,0.352
2026-02-21 17:30:00+00:00,0.313,False,False,0.0,0.313
2026-02-21 18:00:00+00:00,0.253,False,False,0.0,0.253
2026-02-21 18:30:00+00:00,0.303,False,False,0.0,0.303
2026-02-21 19:00:00+00:00,0.182,False,False,0.0,0.182
2026-02-21 19:30:00+00:00,0.17,False,False,0.0,0.17
2026-02-21 20:00:00+00:00,0.168,False,False,0.0,0.168
2026-02-21 20:30:00+00:00,0.172,False,False,0.0,0.172
2026-02-21 21:00:00+00:00,0.172,False,False,0.0,0.172
2026-02-21 21:30:00+00:00,0.382,False,False,0.0,0.382
2026-02-21 22:00:00+00:00,0.107,False,False,0.0,0.107
2026-02-21 22:30:00+00:00,0.082,False,False,0.0,0.082
2026-02-21 23:00:00+00:00,0.086,True,False,0.0,0.086
2026-02-21 23:30:00+00:00,0.087,True,False,0.0,0.087
2026-02-22 00:00:00+00:00,3.715,True,True,3.6199999999999997,0.0950000000000002
2026-02-22 00:30:00+00:00,1.847,True,True,1.757,0.09000000000000008
2026-02-22 01:00:00+00:00,1.95,True,True,1.8619999999999999,0.08800000000000008
2026-02-22 01:30:00+00:00,3.802,True,True,3.716,0.08599999999999985
2026-02-22 02:00:00+00:00,3.788,True,True,3.703,0.08499999999999996
2026-02-22 02:30:00+00:00,3.817,True,True,3.7390000000000003,0.07799999999999985
2026-02-22 03:00:00+00:00,3.801,True,True,3.7270000000000003,0.07399999999999984
2026-02-22 03:30:00+00:00,3.789,True,True,3.714,0.07500000000000018
2026-02-22 04:00:00+00:00,3.798,True,True,3.724,0.07399999999999984
2026-02-22 04:30:00+00:00,3.818,True,True,3.745,0.07299999999999995
2026-02-22 05:00:00+00:00,3.791,False,True,3.718,0.07299999999999995
2026-02-22 05:30:00+00:00,3.801,False,True,3.725,0.07600000000000007
2026-02-22 06:00:00+00:00,3.813,False,True,3.73,0.08300000000000018
2026-02-22 06:30:00+00:00,3.398,False,True,3.295,0.1030000000000002
2026-02-22 07:00:00+00:00,0.336,False,False,0.0,0.336
2026-02-22 07:30:00+00:00,0.332,False,False,0.0,0.332
2026-02-22 08:00:00+00:00,1.612,False,False,0.0,1.612
2026-02-22 08:30:00+00:00,0.558,False,False,0.0,0.558
2026-02-22 09:00:00+00:00,0.502,False,False,0.0,0.502
2026-02-22 09:30:00+00:00,0.342,False,False,0.0,0.342
2026-02-22 10:00:00+00:00,0.592,False,False,0.0,0.592
2026-02-22 10:30:00+00:00,0.166,False,False,0.0,0.166
2026-02-22 11:00:00+00:00,0.17,False,False,0.0,0.17
2026-02-22 11:30:00+00:00,0.215,False,False,0.0,0.215
2026-02-22 12:00:00+00:00,0.296,False,False,0.0,0.296
2026-02-22 12:30:00+00:00,0.317,False,False,0.0,0.317
2026-02-22 13:00:00+00:00,0.301,False,False,0.0,0.301
2026-02-22 13:30:00+00:00,0.223,False,False,0.0,0.223
2026-02-22 14:00:00+00:00,0.147,False,False,0.0,0.147
2026-02-22 14:30:00+00:00,0.164,False,False,0.0,0.164
2026-02-22 15:00:00+00:00,0.397,False,False,0.0,0.397
2026-02-22 15:30:00+00:00,0.258,False,False,0.0,0.258
2026-02-22 16:00:00+00:00,0.509,False,False,0.0,0.509
2026-02-22 16:30:00+00:00,0.39,False,False,0.0,0.39
2026-02-22 17:00:00+00:00,0.389,False,False,0.0,0.389
2026-02-22 17:30:00+00:00,0.623,False,False,0.0,0.623
2026-02-22 18:00:00+00:00,0.289,False,False,0.0,0.289
2026-02-22 18:30:00+00:00,1.134,False,False,0.0,1.134
2026-02-22 19:00:00+00:00,1.77,False,False,0.0,1.77
2026-02-22 19:30:00+00:00,0.886,False,False,0.0,0.886
2026-02-22 20:00:00+00:00,0.482,False,False,0.0,0.482
2026-02-22 20:30:00+00:00,0.295,False,False,0.0,0.295
2026-02-22 21:00:00+00:00,0.378,False,False,0.0,0.378
2026-02-22 21:30:00+00:00,0.35,False,False,0.0,0.35
2026-02-22 22:00:00+00:00,0.341,False,False,0.0,0.341
2026-02-22 22:30:00+00:00,0.268,False,False,0.0,0.268
2026-02-22 23:00:00+00:00,0.248,True,False,0.0,0.248
2026-02-22 23:30:00+00:00,0.121,True,False,0.0,0.121
2026-02-23 00:00:00+00:00,0.073,True,False,0.0,0.073
2026-02-23 00:30:00+00:00,0.094,True,False,0.0,0.094
2026-02-23 01:00:00+00:00,0.073,True,False,0.0,0.073
2026-02-23 01:30:00+00:00,0.083,True,False,0.0,0.083
2026-02-23 02:00:00+00:00,0.081,True,False,0.0,0.081
2026-02-23 02:30:00+00:00,0.067,True,False,0.0,0.067
2026-02-23 03:00:00+00:00,0.128,True,False,0.0,0.128
2026-02-23 03:30:00+00:00,0.078,True,False,0.0,0.078
2026-02-23 04:00:00+00:00,0.078,True,False,0.0,0.078
2026-02-23 04:30:00+00:00,0.076,True,False,0.0,0.076
2026-02-23 05:00:00+00:00,0.074,False,False,0.0,0.074
2026-02-23 05:30:00+00:00,0.079,False,False,0.0,0.079
2026-02-23 06:00:00+00:00,0.081,False,False,0.0,0.081
2026-02-23 06:30:00+00:00,0.107,False,False,0.0,0.107
2026-02-23 07:00:00+00:00,0.184,False,False,0.0,0.184
2026-02-23 07:30:00+00:00,0.533,False,False,0.0,0.533
2026-02-23 08:00:00+00:00,0.476,False,False,0.0,0.476
2026-02-23 08:30:00+00:00,0.299,False,False,0.0,0.299
2026-02-23 09:00:00+00:00,0.141,False,False,0.0,0.141
2026-02-23 09:30:00+00:00,0.133,False,False,0.0,0.133
2026-02-23 10:00:00+00:00,0.118,False,False,0.0,0.118
2026-02-23 10:30:00+00:00,0.117,False,False,0.0,0.117
2026-02-23 11:00:00+00:00,0.212,False,False,0.0,0.212
2026-02-23 11:30:00+00:00,0.122,False,False,0.0,0.122
2026-02-23 12:00:00+00:00,0.247,False,False,0.0,0.247
2026-02-23 12:30:00+00:00,0.2,False,False,0.0,0.2
2026-02-23 13:00:00+00:00,0.115,False,False,0.0,0.115
2026-02-23 13:30:00+00:00,0.171,False,False,0.0,0.171
2026-02-23 14:00:00+00:00,0.125,False,False,0.0,0.125
2026-02-23 14:30:00+00:00,0.116,False,False,0.0,0.116
2026-02-23 15:00:00+00:00,0.243,False,False,0.0,0.243
2026-02-23 15:30:00+00:00,0.423,False,False,0.0,0.423
2026-02-23 16:00:00+00:00,0.902,False,False,0.0,0.902
2026-02-23 16:30:00+00:00,0.821,False,False,0.0,0.821
2026-02-23 17:00:00+00:00,0.488,False,False,0.0,0.488
2026-02-23 17:30:00+00:00,0.406,False,False,0.0,0.406
2026-02-23 18:00:00+00:00,0.36,False,False,0.0,0.36
2026-02-23 18:30:00+00:00,0.18,False,False,0.0,0.18
2026-02-23 19:00:00+00:00,0.192,False,False,0.0,0.192
2026-02-23 19:30:00+00:00,0.255,False,False,0.0,0.255
2026-02-23 20:00:00+00:00,0.189,False,False,0.0,0.189
2026-02-23 20:30:00+00:00,0.167,False,False,0.0,0.167
2026-02-23 21:00:00+00:00,0.122,False,False,0.0,0.122
2026-02-23 21:30:00+00:00,0.102,False,False,0.0,0.102
2026-02-23 22:00:00+00:00,0.135,False,False,0.0,0.135
2026-02-23 22:30:00+00:00,0.093,False,False,0.0,0.093
2026-02-23 23:00:00+00:00,0.09,True,False,0.0,0.09
2026-02-23 23:30:00+00:00,0.089,True,False,0.0,0.089
2026-02-24 00:00:00+00:00,0.09,True,False,0.0,0.09
2026-02-24 00:30:00+00:00,0.088,True,False,0.0,0.088
2026-02-24 01:00:00+00:00,0.094,True,False,0.0,0.094
2026-02-24 01:30:00+00:00,0.091,True,False,0.0,0.091
2026-02-24 02:00:00+00:00,0.083,True,False,0.0,0.083
2026-02-24 02:30:00+00:00,0.08,True,False,0.0,0.08
2026-02-24 03:00:00+00:00,0.076,True,False,0.0,0.076
2026-02-24 03:30:00+00:00,0.072,True,False,0.0,0.072
2026-02-24 04:00:00+00:00,0.069,True,False,0.0,0.069
2026-02-24 04:30:00+00:00,0.077,True,False,0.0,0.077
2026-02-24 05:00:00+00:00,0.076,False,False,0.0,0.076
2026-02-24 05:30:00+00:00,0.07,False,False,0.0,0.07
2026-02-24 06:00:00+00:00,0.087,False,False,0.0,0.087
2026-02-24 06:30:00+00:00,0.111,False,False,0.0,0.111
2026-02-24 07:00:00+00:00,0.823,False,False,0.0,0.823
2026-02-24 07:30:00+00:00,0.539,False,False,0.0,0.539
2026-02-24 08:00:00+00:00,0.491,False,False,0.0,0.491
2026-02-24 08:30:00+00:00,0.676,False,False,0.0,0.676
2026-02-24 09:00:00+00:00,0.693,False,False,0.0,0.693
2026-02-24 09:30:00+00:00,0.234,False,False,0.0,0.234
2026-02-24 10:00:00+00:00,0.133,False,False,0.0,0.133
2026-02-24 10:30:00+00:00,0.124,False,False,0.0,0.124
2026-02-24 11:00:00+00:00,0.122,False,False,0.0,0.122
2026-02-24 11:30:00+00:00,0.128,False,False,0.0,0.128
2026-02-24 12:00:00+00:00,0.173,False,False,0.0,0.173
2026-02-24 12:30:00+00:00,0.21,False,False,0.0,0.21
2026-02-24 13:00:00+00:00,0.182,False,False,0.0,0.182
2026-02-24 13:30:00+00:00,0.268,False,False,0.0,0.268
2026-02-24 14:00:00+00:00,0.265,False,False,0.0,0.265
2026-02-24 14:30:00+00:00,0.269,False,False,0.0,0.269
2026-02-24 15:00:00+00:00,0.25,False,False,0.0,0.25
2026-02-24 15:30:00+00:00,0.328,False,False,0.0,0.328
2026-02-24 16:00:00+00:00,1.066,False,False,0.0,1.066
2026-02-24 16:30:00+00:00,0.375,False,False,0.0,0.375
2026-02-24 17:00:00+00:00,0.335,False,False,0.0,0.335
2026-02-24 17:30:00+00:00,0.413,False,False,0.0,0.413
2026-02-24 18:00:00+00:00,0.26,False,False,0.0,0.26
2026-02-24 18:30:00+00:00,0.196,False,False,0.0,0.196
2026-02-24 19:00:00+00:00,0.165,False,False,0.0,0.165
2026-02-24 19:30:00+00:00,0.142,False,False,0.0,0.142
2026-02-24 20:00:00+00:00,0.134,False,False,0.0,0.134
2026-02-24 20:30:00+00:00,0.389,False,False,0.0,0.389
2026-02-24 21:00:00+00:00,0.229,False,False,0.0,0.229
2026-02-24 21:30:00+00:00,0.211,False,False,0.0,0.211
2026-02-24 22:00:00+00:00,0.191,False,False,0.0,0.191
2026-02-24 22:30:00+00:00,0.291,False,False,0.0,0.291
2026-02-24 23:00:00+00:00,2.067,True,True,1.9485000000000001,0.11850000000000005
2026-02-24 23:30:00+00:00,0.273,True,False,0.0,0.273
2026-02-25 00:00:00+00:00,3.75,True,True,3.655,0.0950000000000002
2026-02-25 00:30:00+00:00,0.082,True,False,0.0,0.082
2026-02-25 01:00:00+00:00,0.077,True,False,0.0,0.077
2026-02-25 01:30:00+00:00,1.897,True,True,1.811,0.08600000000000008
2026-02-25 02:00:00+00:00,3.764,True,True,3.679,0.08499999999999996
2026-02-25 02:30:00+00:00,3.804,True,True,3.726,0.07799999999999985
2026-02-25 03:00:00+00:00,3.825,True,True,3.7510000000000003,0.07399999999999984
2026-02-25 03:30:00+00:00,3.801,True,True,3.726,0.07500000000000018
2026-02-25 04:00:00+00:00,2.979,True,True,2.9050000000000002,0.07399999999999984
2026-02-25 04:30:00+00:00,0.072,True,False,0.0,0.072
2026-02-25 05:00:00+00:00,0.072,False,False,0.0,0.072
2026-02-25 05:30:00+00:00,0.075,False,False,0.0,0.075
2026-02-25 06:00:00+00:00,0.084,False,False,0.0,0.084
2026-02-25 06:30:00+00:00,0.108,False,False,0.0,0.108
2026-02-25 07:00:00+00:00,0.184,False,False,0.0,0.184
2026-02-25 07:30:00+00:00,0.49,False,False,0.0,0.49
2026-02-25 08:00:00+00:00,0.388,False,False,0.0,0.388
2026-02-25 08:30:00+00:00,1.241,False,False,0.0,1.241
2026-02-25 09:00:00+00:00,1.745,False,False,0.0,1.745
2026-02-25 09:30:00+00:00,0.244,False,False,0.0,0.244
2026-02-25 10:00:00+00:00,0.321,False,False,0.0,0.321
2026-02-25 10:30:00+00:00,0.139,False,False,0.0,0.139
2026-02-25 11:00:00+00:00,0.477,False,False,0.0,0.477
2026-02-25 11:30:00+00:00,0.22,False,False,0.0,0.22
2026-02-25 12:00:00+00:00,0.286,False,False,0.0,0.286
2026-02-25 12:30:00+00:00,0.274,False,False,0.0,0.274
2026-02-25 13:00:00+00:00,0.173,False,False,0.0,0.173
2026-02-25 13:30:00+00:00,0.171,False,False,0.0,0.171
2026-02-25 14:00:00+00:00,0.228,False,False,0.0,0.228
2026-02-25 14:30:00+00:00,0.127,False,False,0.0,0.127
2026-02-25 15:00:00+00:00,0.177,False,False,0.0,0.177
2026-02-25 15:30:00+00:00,0.123,False,False,0.0,0.123
2026-02-25 16:00:00+00:00,0.307,False,False,0.0,0.307
2026-02-25 16:30:00+00:00,0.255,False,False,0.0,0.255
2026-02-25 17:00:00+00:00,0.341,False,False,0.0,0.341
2026-02-25 17:30:00+00:00,0.697,False,False,0.0,0.697
2026-02-25 18:00:00+00:00,0.74,False,False,0.0,0.74
2026-02-25 18:30:00+00:00,0.687,False,False,0.0,0.687
2026-02-25 19:00:00+00:00,0.681,False,False,0.0,0.681
2026-02-25 19:30:00+00:00,0.27,False,False,0.0,0.27
2026-02-25 20:00:00+00:00,1.006,False,False,0.0,1.006
2026-02-25 20:30:00+00:00,0.273,False,False,0.0,0.273
2026-02-25 21:00:00+00:00,0.151,False,False,0.0,0.151
2026-02-25 21:30:00+00:00,0.087,False,False,0.0,0.087
2026-02-25 22:00:00+00:00,0.085,False,False,0.0,0.085
2026-02-25 22:30:00+00:00,0.081,False,False,0.0,0.081
2026-02-25 23:00:00+00:00,0.08,True,False,0.0,0.08
2026-02-25 23:30:00+00:00,0.093,True,False,0.0,0.093
2026-02-26 00:00:00+00:00,0.07,True,False,0.0,0.07
2026-02-26 00:30:00+00:00,0.08,True,False,0.0,0.08
2026-02-26 01:00:00+00:00,0.079,True,False,0.0,0.079
2026-02-26 01:30:00+00:00,0.079,True,False,0.0,0.079
2026-02-26 02:00:00+00:00,0.079,True,False,0.0,0.079
2026-02-26 02:30:00+00:00,0.073,True,False,0.0,0.073
2026-02-26 03:00:00+00:00,0.061,True,False,0.0,0.061
2026-02-26 03:30:00+00:00,0.063,True,False,0.0,0.063
2026-02-26 04:00:00+00:00,0.069,True,False,0.0,0.069
2026-02-26 04:30:00+00:00,0.073,True,False,0.0,0.073
2026-02-26 05:00:00+00:00,0.056,False,False,0.0,0.056
2026-02-26 05:30:00+00:00,0.072,False,False,0.0,0.072
2026-02-26 06:00:00+00:00,0.079,False,False,0.0,0.079
2026-02-26 06:30:00+00:00,0.088,False,False,0.0,0.088
2026-02-26 07:00:00+00:00,0.208,False,False,0.0,0.208
2026-02-26 07:30:00+00:00,0.904,False,False,0.0,0.904
2026-02-26 08:00:00+00:00,0.946,False,False,0.0,0.946
2026-02-26 08:30:00+00:00,0.648,False,False,0.0,0.648
2026-02-26 09:00:00+00:00,0.714,False,False,0.0,0.714
2026-02-26 09:30:00+00:00,0.266,False,False,0.0,0.266
2026-02-26 10:00:00+00:00,0.248,False,False,0.0,0.248
2026-02-26 10:30:00+00:00,0.26,False,False,0.0,0.26
2026-02-26 11:00:00+00:00,0.244,False,False,0.0,0.244
2026-02-26 11:30:00+00:00,1.069,False,False,0.0,1.069
2026-02-26 12:00:00+00:00,1.134,False,False,0.0,1.134
2026-02-26 12:30:00+00:00,1.7,False,False,0.0,1.7
2026-02-26 13:00:00+00:00,1.211,False,False,0.0,1.211
2026-02-26 13:30:00+00:00,0.38,False,False,0.0,0.38
2026-02-26 14:00:00+00:00,0.391,False,False,0.0,0.391
2026-02-26 14:30:00+00:00,1.907,False,False,0.0,1.907
2026-02-26 15:00:00+00:00,0.865,False,False,0.0,0.865
2026-02-26 15:30:00+00:00,0.435,False,False,0.0,0.435
2026-02-26 16:00:00+00:00,0.555,False,False,0.0,0.555
2026-02-26 16:30:00+00:00,0.297,False,False,0.0,0.297
2026-02-26 17:00:00+00:00,0.382,False,False,0.0,0.382
2026-02-26 17:30:00+00:00,0.69,False,False,0.0,0.69
2026-02-26 18:00:00+00:00,0.184,False,False,0.0,0.184
2026-02-26 18:30:00+00:00,0.169,False,False,0.0,0.169
2026-02-26 19:00:00+00:00,0.177,False,False,0.0,0.177
2026-02-26 19:30:00+00:00,0.484,False,False,0.0,0.484
2026-02-26 20:00:00+00:00,0.231,False,False,0.0,0.231
2026-02-26 20:30:00+00:00,0.187,False,False,0.0,0.187
2026-02-26 21:00:00+00:00,0.191,False,False,0.0,0.191
2026-02-26 21:30:00+00:00,0.17,False,False,0.0,0.17
2026-02-26 22:00:00+00:00,0.124,False,False,0.0,0.124
2026-02-26 22:30:00+00:00,0.089,False,False,0.0,0.089
2026-02-26 23:00:00+00:00,0.09,True,False,0.0,0.09
2026-02-26 23:30:00+00:00,0.097,True,False,0.0,0.097
2026-02-27 00:00:00+00:00,0.074,True,False,0.0,0.074
2026-02-27 00:30:00+00:00,0.082,True,False,0.0,0.082
2026-02-27 01:00:00+00:00,0.08,True,False,0.0,0.08
2026-02-27 01:30:00+00:00,0.08,True,False,0.0,0.08
2026-02-27 02:00:00+00:00,0.071,True,False,0.0,0.071
2026-02-27 02:30:00+00:00,0.079,True,False,0.0,0.079
2026-02-27 03:00:00+00:00,0.076,True,False,0.0,0.076
2026-02-27 03:30:00+00:00,0.069,True,False,0.0,0.069
2026-02-27 04:00:00+00:00,0.06,True,False,0.0,0.06
2026-02-27 04:30:00+00:00,0.07,True,False,0.0,0.07
2026-02-27 05:00:00+00:00,0.069,False,False,0.0,0.069
2026-02-27 05:30:00+00:00,0.064,False,False,0.0,0.064
2026-02-27 06:00:00+00:00,0.078,False,False,0.0,0.078
2026-02-27 06:30:00+00:00,0.103,False,False,0.0,0.103
2026-02-27 07:00:00+00:00,0.192,False,False,0.0,0.192
2026-02-27 07:30:00+00:00,0.642,False,False,0.0,0.642
2026-02-27 08:00:00+00:00,0.385,False,False,0.0,0.385
2026-02-27 08:30:00+00:00,0.215,False,False,0.0,0.215
2026-02-27 09:00:00+00:00,0.288,False,False,0.0,0.288
2026-02-27 09:30:00+00:00,0.274,False,False,0.0,0.274
2026-02-27 10:00:00+00:00,0.131,False,False,0.0,0.131
2026-02-27 10:30:00+00:00,0.113,False,False,0.0,0.113
2026-02-27 11:00:00+00:00,0.2,False,False,0.0,0.2
2026-02-27 11:30:00+00:00,0.252,False,False,0.0,0.252
2026-02-27 12:00:00+00:00,0.276,False,False,0.0,0.276
2026-02-27 12:30:00+00:00,0.265,False,False,0.0,0.265
2026-02-27 13:00:00+00:00,0.249,False,False,0.0,0.249
2026-02-27 13:30:00+00:00,0.256,False,False,0.0,0.256
2026-02-27 14:00:00+00:00,0.148,False,False,0.0,0.148
2026-02-27 14:30:00+00:00,0.121,False,False,0.0,0.121
2026-02-27 15:00:00+00:00,0.198,False,False,0.0,0.198
2026-02-27 15:30:00+00:00,0.283,False,False,0.0,0.283
2026-02-27 16:00:00+00:00,0.367,False,False,0.0,0.367
2026-02-27 16:30:00+00:00,0.321,False,False,0.0,0.321
2026-02-27 17:00:00+00:00,0.301,False,False,0.0,0.301
2026-02-27 17:30:00+00:00,1.216,False,False,0.0,1.216
2026-02-27 18:00:00+00:00,0.324,False,False,0.0,0.324
2026-02-27 18:30:00+00:00,0.184,False,False,0.0,0.184
2026-02-27 19:00:00+00:00,0.215,False,False,0.0,0.215
2026-02-27 19:30:00+00:00,0.19,False,False,0.0,0.19
2026-02-27 20:00:00+00:00,0.221,False,False,0.0,0.221
2026-02-27 20:30:00+00:00,0.185,False,False,0.0,0.185
2026-02-27 21:00:00+00:00,0.283,False,False,0.0,0.283
2026-02-27 21:30:00+00:00,0.274,False,False,0.0,0.274
2026-02-27 22:00:00+00:00,0.285,False,False,0.0,0.285
2026-02-27 22:30:00+00:00,0.284,False,False,0.0,0.284
2026-02-27 23:00:00+00:00,0.22,True,False,0.0,0.22
2026-02-27 23:30:00+00:00,0.079,True,False,0.0,0.079
2026-02-28 00:00:00+00:00,0.087,True,False,0.0,0.087
2026-02-28 00:30:00+00:00,0.11,True,False,0.0,0.11
2026-02-28 01:00:00+00:00,0.112,True,False,0.0,0.112
2026-02-28 01:30:00+00:00,0.085,True,False,0.0,0.085
2026-02-28 02:00:00+00:00,0.084,True,False,0.0,0.084
2026-02-28 02:30:00+00:00,0.08,True,False,0.0,0.08
2026-02-28 03:00:00+00:00,0.079,True,False,0.0,0.079
2026-02-28 03:30:00+00:00,0.075,True,False,0.0,0.075
2026-02-28 04:00:00+00:00,0.079,True,False,0.0,0.079
2026-02-28 04:30:00+00:00,0.059,True,False,0.0,0.059
2026-02-28 05:00:00+00:00,0.07,False,False,0.0,0.07
2026-02-28 05:30:00+00:00,0.073,False,False,0.0,0.073
2026-02-28 06:00:00+00:00,0.081,False,False,0.0,0.081
2026-02-28 06:30:00+00:00,0.093,False,False,0.0,0.093
2026-02-28 07:00:00+00:00,0.388,False,False,0.0,0.388
2026-02-28 07:30:00+00:00,0.28,False,False,0.0,0.28
2026-02-28 08:00:00+00:00,0.359,False,False,0.0,0.359
2026-02-28 08:30:00+00:00,0.937,False,False,0.0,0.937
2026-02-28 09:00:00+00:00,0.339,False,False,0.0,0.339
2026-02-28 09:30:00+00:00,0.3,False,False,0.0,0.3
2026-02-28 10:00:00+00:00,0.232,False,False,0.0,0.232
2026-02-28 10:30:00+00:00,0.587,False,False,0.0,0.587
2026-02-28 11:00:00+00:00,0.274,False,False,0.0,0.274
2026-02-28 11:30:00+00:00,0.347,False,False,0.0,0.347
2026-02-28 12:00:00+00:00,0.699,False,False,0.0,0.699
2026-02-28 12:30:00+00:00,0.392,False,False,0.0,0.392
2026-02-28 13:00:00+00:00,0.355,False,False,0.0,0.355
2026-02-28 13:30:00+00:00,0.301,False,False,0.0,0.301
2026-02-28 14:00:00+00:00,0.427,False,False,0.0,0.427
2026-02-28 14:30:00+00:00,0.373,False,False,0.0,0.373
2026-02-28 15:00:00+00:00,0.908,False,False,0.0,0.908
2026-02-28 15:30:00+00:00,1.354,False,False,0.0,1.354
2026-02-28 16:00:00+00:00,1.118,False,False,0.0,1.118
2026-02-28 16:30:00+00:00,0.376,False,False,0.0,0.376
2026-02-28 17:00:00+00:00,0.636,False,False,0.0,0.636
2026-02-28 17:30:00+00:00,0.745,False,False,0.0,0.745
2026-02-28 18:00:00+00:00,0.533,False,False,0.0,0.533
2026-02-28 18:30:00+00:00,0.238,False,False,0.0,0.238
2026-02-28 19:00:00+00:00,0.361,False,False,0.0,0.361
2026-02-28 19:30:00+00:00,0.254,False,False,0.0,0.254
2026-02-28 20:00:00+00:00,0.278,False,False,0.0,0.278
2026-02-28 20:30:00+00:00,0.262,False,False,0.0,0.262
2026-02-28 21:00:00+00:00,0.185,False,False,0.0,0.185
2026-02-28 21:30:00+00:00,0.095,False,False,0.0,0.095
2026-02-28 22:00:00+00:00,0.087,False,False,0.0,0.087
2026-02-28 22:30:00+00:00,0.086,False,False,0.0,0.086
2026-02-28 23:00:00+00:00,0.128,True,False,0.0,0.128
2026-02-28 23:30:00+00:00,0.09,True,False,0.0,0.09
2026-03-01 00:00:00+00:00,0.084,True,False,0.0,0.084
2026-03-01 00:30:00+00:00,0.082,True,False,0.0,0.082
2026-03-01 01:00:00+00:00,0.083,True,False,0.0,0.083
2026-03-01 01:30:00+00:00,0.083,True,False,0.0,0.083
2026-03-01 02:00:00+00:00,0.084,True,False,0.0,0.084
2026-03-01 02:30:00+00:00,0.088,True,False,0.0,0.088
2026-03-01 03:00:00+00:00,0.061,True,False,0.0,0.061
2026-03-01 03:30:00+00:00,0.074,True,False,0.0,0.074
2026-03-01 04:00:00+00:00,0.072,True,False,0.0,0.072
2026-03-01 04:30:00+00:00,0.071,True,False,0.0,0.071
2026-03-01 05:00:00+00:00,0.06,False,False,0.0,0.06
2026-03-01 05:30:00+00:00,0.076,False,False,0.0,0.076
2026-03-01 06:00:00+00:00,0.082,False,False,0.0,0.082
2026-03-01 06:30:00+00:00,0.109,False,False,0.0,0.109
2026-03-01 07:00:00+00:00,0.191,False,False,0.0,0.191
2026-03-01 07:30:00+00:00,0.582,False,False,0.0,0.582
2026-03-01 08:00:00+00:00,0.82,False,False,0.0,0.82
2026-03-01 08:30:00+00:00,1.775,False,False,0.0,1.775
2026-03-01 09:00:00+00:00,0.432,False,False,0.0,0.432
2026-03-01 09:30:00+00:00,0.511,False,False,0.0,0.511
2026-03-01 10:00:00+00:00,0.486,False,False,0.0,0.486
2026-03-01 10:30:00+00:00,0.513,False,False,0.0,0.513
2026-03-01 11:00:00+00:00,0.281,False,False,0.0,0.281
2026-03-01 11:30:00+00:00,0.272,False,False,0.0,0.272
2026-03-01 12:00:00+00:00,0.2,False,False,0.0,0.2
2026-03-01 12:30:00+00:00,0.133,False,False,0.0,0.133
2026-03-01 13:00:00+00:00,0.109,False,False,0.0,0.109
2026-03-01 13:30:00+00:00,0.191,False,False,0.0,0.191
2026-03-01 14:00:00+00:00,0.144,False,False,0.0,0.144
2026-03-01 14:30:00+00:00,0.125,False,False,0.0,0.125
2026-03-01 15:00:00+00:00,0.139,False,False,0.0,0.139
2026-03-01 15:30:00+00:00,0.167,False,False,0.0,0.167
2026-03-01 16:00:00+00:00,0.705,False,False,0.0,0.705
2026-03-01 16:30:00+00:00,1.538,False,False,0.0,1.538
2026-03-01 17:00:00+00:00,1.164,False,False,0.0,1.164
2026-03-01 17:30:00+00:00,0.253,False,False,0.0,0.253
2026-03-01 18:00:00+00:00,0.216,False,False,0.0,0.216
2026-03-01 18:30:00+00:00,0.192,False,False,0.0,0.192
2026-03-01 19:00:00+00:00,0.215,False,False,0.0,0.215
2026-03-01 19:30:00+00:00,0.217,False,False,0.0,0.217
2026-03-01 20:00:00+00:00,0.177,False,False,0.0,0.177
2026-03-01 20:30:00+00:00,0.179,False,False,0.0,0.179
2026-03-01 21:00:00+00:00,0.154,False,False,0.0,0.154
2026-03-01 21:30:00+00:00,0.13,False,False,0.0,0.13
2026-03-01 22:00:00+00:00,0.122,False,False,0.0,0.122
2026-03-01 22:30:00+00:00,0.094,False,False,0.0,0.094
2026-03-01 23:00:00+00:00,0.085,True,False,0.0,0.085
2026-03-01 23:30:00+00:00,0.087,True,False,0.0,0.087
2026-03-02 00:00:00+00:00,0.075,True,False,0.0,0.075
2026-03-02 00:30:00+00:00,0.079,True,False,0.0,0.079
2026-03-02 01:00:00+00:00,0.082,True,False,0.0,0.082
2026-03-02 01:30:00+00:00,0.08,True,False,0.0,0.08
2026-03-02 02:00:00+00:00,0.071,True,False,0.0,0.071
2026-03-02 02:30:00+00:00,0.076,True,False,0.0,0.076
2026-03-02 03:00:00+00:00,0.071,True,False,0.0,0.071
2026-03-02 03:30:00+00:00,0.059,True,False,0.0,0.059
2026-03-02 04:00:00+00:00,0.072,True,False,0.0,0.072
2026-03-02 04:30:00+00:00,0.071,True,False,0.0,0.071
2026-03-02 05:00:00+00:00,0.06,False,False,0.0,0.06
2026-03-02 05:30:00+00:00,0.074,False,False,0.0,0.074
2026-03-02 06:00:00+00:00,0.082,False,False,0.0,0.082
2026-03-02 06:30:00+00:00,0.097,False,False,0.0,0.097
2026-03-02 07:00:00+00:00,0.47,False,False,0.0,0.47
2026-03-02 07:30:00+00:00,0.32,False,False,0.0,0.32
2026-03-02 08:00:00+00:00,0.477,False,False,0.0,0.477
2026-03-02 08:30:00+00:00,0.25,False,False,0.0,0.25
2026-03-02 09:00:00+00:00,0.586,False,False,0.0,0.586
2026-03-02 09:30:00+00:00,0.214,False,False,0.0,0.214
2026-03-02 10:00:00+00:00,0.248,False,False,0.0,0.248
2026-03-02 10:30:00+00:00,0.341,False,False,0.0,0.341
2026-03-02 11:00:00+00:00,0.248,False,False,0.0,0.248
2026-03-02 11:30:00+00:00,0.315,False,False,0.0,0.315
2026-03-02 12:00:00+00:00,0.322,False,False,0.0,0.322
2026-03-02 12:30:00+00:00,0.298,False,False,0.0,0.298
2026-03-02 13:00:00+00:00,0.432,False,False,0.0,0.432
2026-03-02 13:30:00+00:00,0.606,False,False,0.0,0.606
2026-03-02 14:00:00+00:00,1.362,False,False,0.0,1.362
2026-03-02 14:30:00+00:00,0.687,False,False,0.0,0.687
2026-03-02 15:00:00+00:00,0.573,False,False,0.0,0.573
2026-03-02 15:30:00+00:00,0.8,False,False,0.0,0.8
2026-03-02 16:00:00+00:00,1.86,False,False,0.0,1.86
2026-03-02 16:30:00+00:00,1.171,False,False,0.0,1.171
2026-03-02 17:00:00+00:00,0.332,False,False,0.0,0.332
2026-03-02 17:30:00+00:00,0.259,False,False,0.0,0.259
2026-03-02 18:00:00+00:00,0.211,False,False,0.0,0.211
2026-03-02 18:30:00+00:00,0.199,False,False,0.0,0.199
2026-03-02 19:00:00+00:00,0.177,False,False,0.0,0.177
2026-03-02 19:30:00+00:00,0.2,False,False,0.0,0.2
2026-03-02 20:00:00+00:00,0.147,False,False,0.0,0.147
2026-03-02 20:30:00+00:00,0.154,False,False,0.0,0.154
2026-03-02 21:00:00+00:00,0.101,False,False,0.0,0.101
2026-03-02 21:30:00+00:00,0.09,False,False,0.0,0.09
2026-03-02 22:00:00+00:00,0.091,False,False,0.0,0.091
2026-03-02 22:30:00+00:00,0.09,False,False,0.0,0.09
2026-03-02 23:00:00+00:00,0.087,True,False,0.0,0.087
2026-03-02 23:30:00+00:00,0.083,True,False,0.0,0.083
2026-03-03 00:00:00+00:00,0.073,True,False,0.0,0.073
2026-03-03 00:30:00+00:00,0.078,True,False,0.0,0.078
2026-03-03 01:00:00+00:00,0.081,True,False,0.0,0.081
2026-03-03 01:30:00+00:00,0.08,True,False,0.0,0.08
2026-03-03 02:00:00+00:00,0.071,True,False,0.0,0.071
2026-03-03 02:30:00+00:00,0.075,True,False,0.0,0.075
2026-03-03 03:00:00+00:00,0.097,True,False,0.0,0.097
2026-03-03 03:30:00+00:00,0.1,True,False,0.0,0.1
2026-03-03 04:00:00+00:00,0.074,True,False,0.0,0.074
2026-03-03 04:30:00+00:00,0.072,True,False,0.0,0.072
2026-03-03 05:00:00+00:00,0.07,False,False,0.0,0.07
2026-03-03 05:30:00+00:00,0.074,False,False,0.0,0.074
2026-03-03 06:00:00+00:00,0.08,False,False,0.0,0.08
2026-03-03 06:30:00+00:00,0.122,False,False,0.0,0.122
2026-03-03 07:00:00+00:00,0.475,False,False,0.0,0.475
2026-03-03 07:30:00+00:00,0.283,False,False,0.0,0.283
2026-03-03 08:00:00+00:00,0.47,False,False,0.0,0.47
2026-03-03 08:30:00+00:00,0.718,False,False,0.0,0.718
2026-03-03 09:00:00+00:00,0.822,False,False,0.0,0.822
2026-03-03 09:30:00+00:00,0.264,False,False,0.0,0.264
2026-03-03 10:00:00+00:00,0.246,False,False,0.0,0.246
2026-03-03 10:30:00+00:00,0.326,False,False,0.0,0.326
2026-03-03 11:00:00+00:00,0.466,False,False,0.0,0.466
2026-03-03 11:30:00+00:00,0.256,False,False,0.0,0.256
2026-03-03 12:00:00+00:00,0.35,False,False,0.0,0.35
2026-03-03 12:30:00+00:00,0.311,False,False,0.0,0.311
2026-03-03 13:00:00+00:00,0.271,False,False,0.0,0.271
2026-03-03 13:30:00+00:00,0.255,False,False,0.0,0.255
2026-03-03 14:00:00+00:00,0.193,False,False,0.0,0.193
2026-03-03 14:30:00+00:00,0.177,False,False,0.0,0.177
2026-03-03 15:00:00+00:00,0.184,False,False,0.0,0.184
2026-03-03 15:30:00+00:00,0.234,False,False,0.0,0.234
2026-03-03 16:00:00+00:00,1.189,False,False,0.0,1.189
2026-03-03 16:30:00+00:00,0.262,False,False,0.0,0.262
2026-03-03 17:00:00+00:00,0.316,False,False,0.0,0.316
2026-03-03 17:30:00+00:00,0.928,False,False,0.0,0.928
2026-03-03 18:00:00+00:00,0.24,False,False,0.0,0.24
2026-03-03 18:30:00+00:00,0.162,False,False,0.0,0.162
2026-03-03 19:00:00+00:00,0.178,False,False,0.0,0.178
2026-03-03 19:30:00+00:00,0.132,False,False,0.0,0.132
2026-03-03 20:00:00+00:00,0.174,False,False,0.0,0.174
2026-03-03 20:30:00+00:00,0.145,False,False,0.0,0.145
2026-03-03 21:00:00+00:00,2.205,False,False,0.0,2.205
2026-03-03 21:30:00+00:00,0.096,False,False,0.0,0.096
2026-03-03 22:00:00+00:00,3.73,False,True,3.562,0.16800000000000015
2026-03-03 22:30:00+00:00,0.085,False,False,0.0,0.085
2026-03-03 23:00:00+00:00,3.346,True,True,3.2275,0.11850000000000005
2026-03-03 23:30:00+00:00,1.893,True,True,1.789,0.10400000000000009
2026-03-04 00:00:00+00:00,3.428,True,True,3.3329999999999997,0.0950000000000002
2026-03-04 00:30:00+00:00,1.9,True,True,1.8099999999999998,0.09000000000000008
2026-03-04 01:00:00+00:00,3.755,True,True,3.667,0.08800000000000008
2026-03-04 01:30:00+00:00,3.79,True,True,3.704,0.08599999999999985
2026-03-04 02:00:00+00:00,3.783,True,True,3.698,0.08499999999999996
2026-03-04 02:30:00+00:00,3.786,True,True,3.708,0.07799999999999985
2026-03-04 03:00:00+00:00,3.439,True,True,3.365,0.07399999999999984
2026-03-04 03:30:00+00:00,1.922,True,True,1.847,0.07499999999999996
2026-03-04 04:00:00+00:00,3.809,True,True,3.7350000000000003,0.07399999999999984
2026-03-04 04:30:00+00:00,3.814,True,True,3.741,0.07299999999999995
2026-03-04 05:00:00+00:00,1.914,False,False,0.0,1.914
2026-03-04 05:30:00+00:00,0.074,False,False,0.0,0.074
2026-03-04 06:00:00+00:00,0.081,False,False,0.0,0.081
2026-03-04 06:30:00+00:00,3.726,False,True,3.6229999999999998,0.1030000000000002
2026-03-04 07:00:00+00:00,4.043,False,True,3.815,0.2280000000000002
2026-03-04 07:30:00+00:00,0.264,False,False,0.0,0.264
2026-03-04 08:00:00+00:00,0.72,False,False,0.0,0.72
2026-03-04 08:30:00+00:00,1.09,False,False,0.0,1.09
2026-03-04 09:00:00+00:00,0.206,False,False,0.0,0.206
2026-03-04 09:30:00+00:00,0.37,False,False,0.0,0.37
2026-03-04 10:00:00+00:00,0.28,False,False,0.0,0.28
2026-03-04 10:30:00+00:00,0.595,False,False,0.0,0.595
2026-03-04 11:00:00+00:00,0.311,False,False,0.0,0.311
2026-03-04 11:30:00+00:00,1.027,False,False,0.0,1.027
2026-03-04 12:00:00+00:00,0.254,False,False,0.0,0.254
2026-03-04 12:30:00+00:00,0.286,False,False,0.0,0.286
2026-03-04 13:00:00+00:00,0.274,False,False,0.0,0.274
2026-03-04 13:30:00+00:00,0.27,False,False,0.0,0.27
2026-03-04 14:00:00+00:00,0.271,False,False,0.0,0.271
2026-03-04 14:30:00+00:00,0.241,False,False,0.0,0.241
2026-03-04 15:00:00+00:00,0.171,False,False,0.0,0.171
2026-03-04 15:30:00+00:00,0.136,False,False,0.0,0.136
2026-03-04 16:00:00+00:00,0.304,False,False,0.0,0.304
2026-03-04 16:30:00+00:00,0.329,False,False,0.0,0.329
2026-03-04 17:00:00+00:00,0.449,False,False,0.0,0.449
2026-03-04 17:30:00+00:00,0.345,False,False,0.0,0.345
2026-03-04 18:00:00+00:00,0.957,False,False,0.0,0.957
2026-03-04 18:30:00+00:00,0.224,False,False,0.0,0.224
2026-03-04 19:00:00+00:00,0.19,False,False,0.0,0.19
2026-03-04 19:30:00+00:00,0.197,False,False,0.0,0.197
2026-03-04 20:00:00+00:00,0.164,False,False,0.0,0.164
2026-03-04 20:30:00+00:00,0.164,False,False,0.0,0.164
2026-03-04 21:00:00+00:00,0.166,False,False,0.0,0.166
2026-03-04 21:30:00+00:00,0.138,False,False,0.0,0.138
2026-03-04 22:00:00+00:00,0.117,False,False,0.0,0.117
2026-03-04 22:30:00+00:00,0.104,False,False,0.0,0.104
2026-03-04 23:00:00+00:00,0.089,True,False,0.0,0.089
2026-03-04 23:30:00+00:00,0.077,True,False,0.0,0.077
2026-03-05 00:00:00+00:00,0.077,True,False,0.0,0.077
2026-03-05 00:30:00+00:00,0.127,True,False,0.0,0.127
2026-03-05 01:00:00+00:00,0.081,True,False,0.0,0.081
2026-03-05 01:30:00+00:00,0.08,True,False,0.0,0.08
2026-03-05 02:00:00+00:00,0.079,True,False,0.0,0.079
2026-03-05 02:30:00+00:00,0.072,True,False,0.0,0.072
2026-03-05 03:00:00+00:00,0.067,True,False,0.0,0.067
2026-03-05 03:30:00+00:00,0.068,True,False,0.0,0.068
2026-03-05 04:00:00+00:00,0.056,True,False,0.0,0.056
2026-03-05 04:30:00+00:00,0.067,True,False,0.0,0.067
2026-03-05 05:00:00+00:00,0.067,False,False,0.0,0.067
2026-03-05 05:30:00+00:00,0.07,False,False,0.0,0.07
2026-03-05 06:00:00+00:00,0.07,False,False,0.0,0.07
2026-03-05 06:30:00+00:00,0.1,False,False,0.0,0.1
2026-03-05 07:00:00+00:00,0.151,False,False,0.0,0.151
2026-03-05 07:30:00+00:00,0.436,False,False,0.0,0.436
2026-03-05 08:00:00+00:00,0.406,False,False,0.0,0.406
2026-03-05 08:30:00+00:00,0.387,False,False,0.0,0.387
2026-03-05 09:00:00+00:00,0.192,False,False,0.0,0.192
2026-03-05 09:30:00+00:00,1.029,False,False,0.0,1.029
2026-03-05 10:00:00+00:00,1.584,False,False,0.0,1.584
2026-03-05 10:30:00+00:00,0.838,False,False,0.0,0.838
2026-03-05 11:00:00+00:00,0.781,False,False,0.0,0.781
2026-03-05 11:30:00+00:00,0.737,False,False,0.0,0.737
2026-03-05 12:00:00+00:00,0.366,False,False,0.0,0.366
2026-03-05 12:30:00+00:00,0.318,False,False,0.0,0.318
2026-03-05 13:00:00+00:00,0.372,False,False,0.0,0.372
2026-03-05 13:30:00+00:00,0.477,False,False,0.0,0.477
2026-03-05 14:00:00+00:00,0.237,False,False,0.0,0.237
2026-03-05 14:30:00+00:00,0.187,False,False,0.0,0.187
2026-03-05 15:00:00+00:00,0.393,False,False,0.0,0.393
2026-03-05 15:30:00+00:00,0.347,False,False,0.0,0.347
2026-03-05 16:00:00+00:00,0.741,False,False,0.0,0.741
2026-03-05 16:30:00+00:00,0.674,False,False,0.0,0.674
2026-03-05 17:00:00+00:00,0.303,False,False,0.0,0.303
2026-03-05 17:30:00+00:00,0.245,False,False,0.0,0.245
2026-03-05 18:00:00+00:00,0.272,False,False,0.0,0.272
2026-03-05 18:30:00+00:00,0.278,False,False,0.0,0.278
2026-03-05 19:00:00+00:00,0.236,False,False,0.0,0.236
2026-03-05 19:30:00+00:00,0.212,False,False,0.0,0.212
2026-03-05 20:00:00+00:00,0.203,False,False,0.0,0.203
2026-03-05 20:30:00+00:00,0.277,False,False,0.0,0.277
2026-03-05 21:00:00+00:00,0.265,False,False,0.0,0.265
2026-03-05 21:30:00+00:00,0.261,False,False,0.0,0.261
2026-03-05 22:00:00+00:00,0.239,False,False,0.0,0.239
2026-03-05 22:30:00+00:00,0.238,False,False,0.0,0.238
2026-03-05 23:00:00+00:00,0.099,True,False,0.0,0.099
2026-03-05 23:30:00+00:00,0.084,True,False,0.0,0.084
2026-03-06 00:00:00+00:00,0.069,True,False,0.0,0.069
2026-03-06 00:30:00+00:00,0.079,True,False,0.0,0.079
2026-03-06 01:00:00+00:00,0.079,True,False,0.0,0.079
2026-03-06 01:30:00+00:00,0.075,True,False,0.0,0.075
2026-03-06 02:00:00+00:00,0.07,True,False,0.0,0.07
2026-03-06 02:30:00+00:00,0.072,True,False,0.0,0.072
2026-03-06 03:00:00+00:00,0.07,True,False,0.0,0.07
2026-03-06 03:30:00+00:00,0.058,True,False,0.0,0.058
2026-03-06 04:00:00+00:00,0.069,True,False,0.0,0.069
2026-03-06 04:30:00+00:00,0.068,True,False,0.0,0.068
2026-03-06 05:00:00+00:00,0.057,False,False,0.0,0.057
2026-03-06 05:30:00+00:00,0.072,False,False,0.0,0.072
2026-03-06 06:00:00+00:00,0.077,False,False,0.0,0.077
2026-03-06 06:30:00+00:00,0.095,False,False,0.0,0.095
2026-03-06 07:00:00+00:00,0.448,False,False,0.0,0.448
2026-03-06 07:30:00+00:00,1.288,False,False,0.0,1.288
2026-03-06 08:00:00+00:00,0.486,False,False,0.0,0.486
2026-03-06 08:30:00+00:00,0.336,False,False,0.0,0.336
2026-03-06 09:00:00+00:00,0.168,False,False,0.0,0.168
2026-03-06 09:30:00+00:00,0.122,False,False,0.0,0.122
2026-03-06 10:00:00+00:00,0.123,False,False,0.0,0.123
2026-03-06 10:30:00+00:00,0.114,False,False,0.0,0.114
2026-03-06 11:00:00+00:00,0.115,False,False,0.0,0.115
2026-03-06 11:30:00+00:00,0.194,False,False,0.0,0.194
2026-03-06 12:00:00+00:00,0.131,False,False,0.0,0.131
2026-03-06 12:30:00+00:00,0.185,False,False,0.0,0.185
2026-03-06 13:00:00+00:00,0.138,False,False,0.0,0.138
2026-03-06 13:30:00+00:00,0.114,False,False,0.0,0.114
2026-03-06 14:00:00+00:00,0.154,False,False,0.0,0.154
2026-03-06 14:30:00+00:00,0.118,False,False,0.0,0.118
2026-03-06 15:00:00+00:00,0.129,False,False,0.0,0.129
2026-03-06 15:30:00+00:00,2.08,False,False,0.0,2.08
2026-03-06 16:00:00+00:00,0.765,False,False,0.0,0.765
2026-03-06 16:30:00+00:00,1.092,False,False,0.0,1.092
2026-03-06 17:00:00+00:00,1.603,False,False,0.0,1.603
2026-03-06 17:30:00+00:00,0.266,False,False,0.0,0.266
2026-03-06 18:00:00+00:00,0.235,False,False,0.0,0.235
2026-03-06 18:30:00+00:00,0.228,False,False,0.0,0.228
2026-03-06 19:00:00+00:00,0.259,False,False,0.0,0.259
2026-03-06 19:30:00+00:00,0.239,False,False,0.0,0.239
2026-03-06 20:00:00+00:00,0.272,False,False,0.0,0.272
2026-03-06 20:30:00+00:00,0.217,False,False,0.0,0.217
2026-03-06 21:00:00+00:00,0.179,False,False,0.0,0.179
2026-03-06 21:30:00+00:00,0.154,False,False,0.0,0.154
2026-03-06 22:00:00+00:00,0.149,False,False,0.0,0.149
2026-03-06 22:30:00+00:00,0.146,False,False,0.0,0.146
2026-03-06 23:00:00+00:00,0.141,True,False,0.0,0.141
2026-03-06 23:30:00+00:00,0.143,True,False,0.0,0.143
2026-03-07 00:00:00+00:00,0.13,True,False,0.0,0.13
2026-03-07 00:30:00+00:00,0.141,True,False,0.0,0.141
2026-03-07 01:00:00+00:00,0.096,True,False,0.0,0.096
2026-03-07 01:30:00+00:00,3.734,True,True,3.648,0.08599999999999985
2026-03-07 02:00:00+00:00,0.089,True,False,0.0,0.089
2026-03-07 02:30:00+00:00,3.753,True,True,3.6750000000000003,0.07799999999999985
2026-03-07 03:00:00+00:00,3.806,True,True,3.732,0.07399999999999984
2026-03-07 03:30:00+00:00,0.077,True,False,0.0,0.077
2026-03-07 04:00:00+00:00,3.778,True,True,3.704,0.07399999999999984
2026-03-07 04:30:00+00:00,3.474,True,True,3.4010000000000002,0.07299999999999995
2026-03-07 05:00:00+00:00,0.073,False,False,0.0,0.073
2026-03-07 05:30:00+00:00,0.08,False,False,0.0,0.08
2026-03-07 06:00:00+00:00,0.076,False,False,0.0,0.076
2026-03-07 06:30:00+00:00,0.112,False,False,0.0,0.112
2026-03-07 07:00:00+00:00,0.308,False,False,0.0,0.308
2026-03-07 07:30:00+00:00,1.088,False,False,0.0,1.088
2026-03-07 08:00:00+00:00,0.327,False,False,0.0,0.327
2026-03-07 08:30:00+00:00,0.285,False,False,0.0,0.285
2026-03-07 09:00:00+00:00,0.459,False,False,0.0,0.459
2026-03-07 09:30:00+00:00,0.704,False,False,0.0,0.704
2026-03-07 10:00:00+00:00,0.658,False,False,0.0,0.658
2026-03-07 10:30:00+00:00,0.337,False,False,0.0,0.337
2026-03-07 11:00:00+00:00,0.509,False,False,0.0,0.509
2026-03-07 11:30:00+00:00,0.301,False,False,0.0,0.301
2026-03-07 12:00:00+00:00,0.339,False,False,0.0,0.339
2026-03-07 12:30:00+00:00,0.162,False,False,0.0,0.162
2026-03-07 13:00:00+00:00,0.113,False,False,0.0,0.113
2026-03-07 13:30:00+00:00,0.119,False,False,0.0,0.119
2026-03-07 14:00:00+00:00,0.119,False,False,0.0,0.119
2026-03-07 14:30:00+00:00,0.102,False,False,0.0,0.102
2026-03-07 15:00:00+00:00,0.465,False,False,0.0,0.465
2026-03-07 15:30:00+00:00,0.314,False,False,0.0,0.314
2026-03-07 16:00:00+00:00,1.18,False,False,0.0,1.18
2026-03-07 16:30:00+00:00,1.407,False,False,0.0,1.407
2026-03-07 17:00:00+00:00,0.314,False,False,0.0,0.314
2026-03-07 17:30:00+00:00,0.246,False,False,0.0,0.246
2026-03-07 18:00:00+00:00,0.303,False,False,0.0,0.303
2026-03-07 18:30:00+00:00,0.204,False,False,0.0,0.204
2026-03-07 19:00:00+00:00,0.173,False,False,0.0,0.173
2026-03-07 19:30:00+00:00,0.193,False,False,0.0,0.193
2026-03-07 20:00:00+00:00,0.174,False,False,0.0,0.174
2026-03-07 20:30:00+00:00,0.177,False,False,0.0,0.177
2026-03-07 21:00:00+00:00,0.185,False,False,0.0,0.185
2026-03-07 21:30:00+00:00,0.167,False,False,0.0,0.167
2026-03-07 22:00:00+00:00,0.141,False,False,0.0,0.141
2026-03-07 22:30:00+00:00,0.128,False,False,0.0,0.128
2026-03-07 23:00:00+00:00,0.141,True,False,0.0,0.141
2026-03-07 23:30:00+00:00,0.178,True,False,0.0,0.178
2026-03-08 00:00:00+00:00,0.095,True,False,0.0,0.095
2026-03-08 00:30:00+00:00,0.089,True,False,0.0,0.089
2026-03-08 01:00:00+00:00,0.084,True,False,0.0,0.084
2026-03-08 01:30:00+00:00,0.083,True,False,0.0,0.083
2026-03-08 02:00:00+00:00,0.082,True,False,0.0,0.082
2026-03-08 02:30:00+00:00,0.073,True,False,0.0,0.073
2026-03-08 03:00:00+00:00,0.067,True,False,0.0,0.067
2026-03-08 03:30:00+00:00,0.069,True,False,0.0,0.069
2026-03-08 04:00:00+00:00,0.069,True,False,0.0,0.069
2026-03-08 04:30:00+00:00,0.069,True,False,0.0,0.069
2026-03-08 05:00:00+00:00,0.058,False,False,0.0,0.058
2026-03-08 05:30:00+00:00,0.073,False,False,0.0,0.073
2026-03-08 06:00:00+00:00,0.08,False,False,0.0,0.08
2026-03-08 06:30:00+00:00,0.094,False,False,0.0,0.094
2026-03-08 07:00:00+00:00,0.575,False,False,0.0,0.575
2026-03-08 07:30:00+00:00,0.734,False,False,0.0,0.734
2026-03-08 08:00:00+00:00,0.511,False,False,0.0,0.511
2026-03-08 08:30:00+00:00,0.471,False,False,0.0,0.471
2026-03-08 09:00:00+00:00,1.016,False,False,0.0,1.016
2026-03-08 09:30:00+00:00,0.604,False,False,0.0,0.604
2026-03-08 10:00:00+00:00,0.264,False,False,0.0,0.264
2026-03-08 10:30:00+00:00,0.178,False,False,0.0,0.178
2026-03-08 11:00:00+00:00,0.18,False,False,0.0,0.18
2026-03-08 11:30:00+00:00,0.417,False,False,0.0,0.417
2026-03-08 12:00:00+00:00,0.403,False,False,0.0,0.403
2026-03-08 12:30:00+00:00,0.392,False,False,0.0,0.392
2026-03-08 13:00:00+00:00,0.282,False,False,0.0,0.282
2026-03-08 13:30:00+00:00,0.136,False,False,0.0,0.136
2026-03-08 14:00:00+00:00,0.122,False,False,0.0,0.122
2026-03-08 14:30:00+00:00,0.142,False,False,0.0,0.142
2026-03-08 15:00:00+00:00,0.356,False,False,0.0,0.356
2026-03-08 15:30:00+00:00,0.834,False,False,0.0,0.834
2026-03-08 16:00:00+00:00,2.168,False,False,0.0,2.168
2026-03-08 16:30:00+00:00,1.288,False,False,0.0,1.288
2026-03-08 17:00:00+00:00,0.256,False,False,0.0,0.256
2026-03-08 17:30:00+00:00,0.321,False,False,0.0,0.321
2026-03-08 18:00:00+00:00,0.218,False,False,0.0,0.218
2026-03-08 18:30:00+00:00,0.287,False,False,0.0,0.287
2026-03-08 19:00:00+00:00,0.171,False,False,0.0,0.171
2026-03-08 19:30:00+00:00,0.145,False,False,0.0,0.145
2026-03-08 20:00:00+00:00,0.161,False,False,0.0,0.161
2026-03-08 20:30:00+00:00,0.171,False,False,0.0,0.171
2026-03-08 21:00:00+00:00,0.187,False,False,0.0,0.187
2026-03-08 21:30:00+00:00,0.139,False,False,0.0,0.139
2026-03-08 22:00:00+00:00,0.148,False,False,0.0,0.148
2026-03-08 22:30:00+00:00,0.144,False,False,0.0,0.144
2026-03-08 23:00:00+00:00,0.125,True,False,0.0,0.125
2026-03-08 23:30:00+00:00,0.074,True,False,0.0,0.074
2026-03-09 00:00:00+00:00,0.083,True,False,0.0,0.083
2026-03-09 00:30:00+00:00,0.08,True,False,0.0,0.08
2026-03-09 01:00:00+00:00,0.07,True,False,0.0,0.07
2026-03-09 01:30:00+00:00,0.082,True,False,0.0,0.082
2026-03-09 02:00:00+00:00,0.079,True,False,0.0,0.079
2026-03-09 02:30:00+00:00,0.061,True,False,0.0,0.061
2026-03-09 03:00:00+00:00,0.071,True,False,0.0,0.071
2026-03-09 03:30:00+00:00,0.071,True,False,0.0,0.071
2026-03-09 04:00:00+00:00,0.058,True,False,0.0,0.058
2026-03-09 04:30:00+00:00,0.093,True,False,0.0,0.093
2026-03-09 05:00:00+00:00,0.095,False,False,0.0,0.095
2026-03-09 05:30:00+00:00,0.076,False,False,0.0,0.076
2026-03-09 06:00:00+00:00,0.082,False,False,0.0,0.082
2026-03-09 06:30:00+00:00,0.109,False,False,0.0,0.109
2026-03-09 07:00:00+00:00,0.477,False,False,0.0,0.477
2026-03-09 07:30:00+00:00,0.913,False,False,0.0,0.913
2026-03-09 08:00:00+00:00,0.51,False,False,0.0,0.51
2026-03-09 08:30:00+00:00,0.627,False,False,0.0,0.627
2026-03-09 09:00:00+00:00,0.454,False,False,0.0,0.454
2026-03-09 09:30:00+00:00,0.283,False,False,0.0,0.283
2026-03-09 10:00:00+00:00,0.191,False,False,0.0,0.191
2026-03-09 10:30:00+00:00,0.191,False,False,0.0,0.191
2026-03-09 11:00:00+00:00,0.154,False,False,0.0,0.154
2026-03-09 11:30:00+00:00,0.118,False,False,0.0,0.118
2026-03-09 12:00:00+00:00,0.157,False,False,0.0,0.157
2026-03-09 12:30:00+00:00,0.16,False,False,0.0,0.16
2026-03-09 13:00:00+00:00,0.175,False,False,0.0,0.175
2026-03-09 13:30:00+00:00,0.148,False,False,0.0,0.148
2026-03-09 14:00:00+00:00,0.152,False,False,0.0,0.152
2026-03-09 14:30:00+00:00,0.135,False,False,0.0,0.135
2026-03-09 15:00:00+00:00,0.211,False,False,0.0,0.211
2026-03-09 15:30:00+00:00,0.195,False,False,0.0,0.195
2026-03-09 16:00:00+00:00,0.302,False,False,0.0,0.302
2026-03-09 16:30:00+00:00,0.301,False,False,0.0,0.301
2026-03-09 17:00:00+00:00,0.285,False,False,0.0,0.285
2026-03-09 17:30:00+00:00,0.835,False,False,0.0,0.835
2026-03-09 18:00:00+00:00,1.84,False,False,0.0,1.84
2026-03-09 18:30:00+00:00,0.907,False,False,0.0,0.907
2026-03-09 19:00:00+00:00,0.234,False,False,0.0,0.234
2026-03-09 19:30:00+00:00,0.359,False,False,0.0,0.359
2026-03-09 20:00:00+00:00,0.387,False,False,0.0,0.387
2026-03-09 20:30:00+00:00,0.252,False,False,0.0,0.252
2026-03-09 21:00:00+00:00,0.128,False,False,0.0,0.128
2026-03-09 21:30:00+00:00,0.445,False,False,0.0,0.445
2026-03-09 22:00:00+00:00,0.107,False,False,0.0,0.107
2026-03-09 22:30:00+00:00,0.095,False,False,0.0,0.095
2026-03-09 23:00:00+00:00,0.093,True,False,0.0,0.093
2026-03-09 23:30:00+00:00,0.081,True,False,0.0,0.081
2026-03-10 00:00:00+00:00,0.079,True,False,0.0,0.079
2026-03-10 00:30:00+00:00,0.08,True,False,0.0,0.08
2026-03-10 01:00:00+00:00,0.09,True,False,0.0,0.09
2026-03-10 01:30:00+00:00,0.071,True,False,0.0,0.071
2026-03-10 02:00:00+00:00,0.08,True,False,0.0,0.08
2026-03-10 02:30:00+00:00,0.071,True,False,0.0,0.071
2026-03-10 03:00:00+00:00,0.069,True,False,0.0,0.069
2026-03-10 03:30:00+00:00,0.058,True,False,0.0,0.058
2026-03-10 04:00:00+00:00,0.069,True,False,0.0,0.069
2026-03-10 04:30:00+00:00,0.068,True,False,0.0,0.068
2026-03-10 05:00:00+00:00,0.061,False,False,0.0,0.061
2026-03-10 05:30:00+00:00,0.067,False,False,0.0,0.067
2026-03-10 06:00:00+00:00,0.079,False,False,0.0,0.079
2026-03-10 06:30:00+00:00,0.102,False,False,0.0,0.102
2026-03-10 07:00:00+00:00,0.336,False,False,0.0,0.336
2026-03-10 07:30:00+00:00,0.628,False,False,0.0,0.628
2026-03-10 08:00:00+00:00,0.345,False,False,0.0,0.345
2026-03-10 08:30:00+00:00,0.224,False,False,0.0,0.224
2026-03-10 09:00:00+00:00,0.154,False,False,0.0,0.154
2026-03-10 09:30:00+00:00,0.093,False,False,0.0,0.093
2026-03-10 10:00:00+00:00,0.095,False,False,0.0,0.095
2026-03-10 10:30:00+00:00,0.094,False,False,0.0,0.094
2026-03-10 11:00:00+00:00,0.092,False,False,0.0,0.092
2026-03-10 11:30:00+00:00,0.092,False,False,0.0,0.092
2026-03-10 12:00:00+00:00,0.114,False,False,0.0,0.114
2026-03-10 12:30:00+00:00,0.113,False,False,0.0,0.113
2026-03-10 13:00:00+00:00,0.093,False,False,0.0,0.093
2026-03-10 13:30:00+00:00,0.092,False,False,0.0,0.092
2026-03-10 14:00:00+00:00,0.091,False,False,0.0,0.091
2026-03-10 14:30:00+00:00,0.081,False,False,0.0,0.081
2026-03-10 15:00:00+00:00,0.092,False,False,0.0,0.092
2026-03-10 15:30:00+00:00,0.372,False,False,0.0,0.372
2026-03-10 16:00:00+00:00,0.688,False,False,0.0,0.688
2026-03-10 16:30:00+00:00,0.299,False,False,0.0,0.299
2026-03-10 17:00:00+00:00,0.265,False,False,0.0,0.265
2026-03-10 17:30:00+00:00,0.241,False,False,0.0,0.241
2026-03-10 18:00:00+00:00,0.166,False,False,0.0,0.166
2026-03-10 18:30:00+00:00,0.177,False,False,0.0,0.177
2026-03-10 19:00:00+00:00,0.221,False,False,0.0,0.221
2026-03-10 19:30:00+00:00,0.297,False,False,0.0,0.297
2026-03-10 20:00:00+00:00,0.272,False,False,0.0,0.272
2026-03-10 20:30:00+00:00,0.252,False,False,0.0,0.252
2026-03-10 21:00:00+00:00,0.311,False,False,0.0,0.311
2026-03-10 21:30:00+00:00,0.298,False,False,0.0,0.298
2026-03-10 22:00:00+00:00,0.189,False,False,0.0,0.189
2026-03-10 22:30:00+00:00,0.182,False,False,0.0,0.182
2026-03-10 23:00:00+00:00,0.186,True,False,0.0,0.186
2026-03-10 23:30:00+00:00,3.81,True,True,3.706,0.10400000000000009
2026-03-11 00:00:00+00:00,0.143,True,False,0.0,0.143
2026-03-11 00:30:00+00:00,0.08,True,False,0.0,0.08
2026-03-11 01:00:00+00:00,2.562,True,True,2.4739999999999998,0.08800000000000008
2026-03-11 01:30:00+00:00,1.504,True,True,1.418,0.08600000000000008
2026-03-11 02:00:00+00:00,1.587,True,True,1.502,0.08499999999999996
2026-03-11 02:30:00+00:00,3.766,True,True,3.688,0.07799999999999985
2026-03-11 03:00:00+00:00,3.817,True,True,3.7430000000000003,0.07399999999999984
2026-03-11 03:30:00+00:00,3.439,True,True,3.364,0.07500000000000018
2026-03-11 04:00:00+00:00,1.586,True,True,1.512,0.07400000000000007
2026-03-11 04:30:00+00:00,1.925,True,True,1.852,0.07299999999999995
2026-03-11 05:00:00+00:00,1.919,False,False,0.0,1.919
2026-03-11 05:30:00+00:00,1.905,False,False,0.0,1.905
2026-03-11 06:00:00+00:00,3.815,False,True,3.7319999999999998,0.08300000000000018
2026-03-11 06:30:00+00:00,0.106,False,False,0.0,0.106
2026-03-11 07:00:00+00:00,0.974,False,False,0.0,0.974
2026-03-11 07:30:00+00:00,0.285,False,False,0.0,0.285
2026-03-11 08:00:00+00:00,0.492,False,False,0.0,0.492
2026-03-11 08:30:00+00:00,0.22,False,False,0.0,0.22
2026-03-11 09:00:00+00:00,1.098,False,False,0.0,1.098
2026-03-11 09:30:00+00:00,0.277,False,False,0.0,0.277
2026-03-11 10:00:00+00:00,0.295,False,False,0.0,0.295
2026-03-11 10:30:00+00:00,0.254,False,False,0.0,0.254
2026-03-11 11:00:00+00:00,0.543,False,False,0.0,0.543
2026-03-11 11:30:00+00:00,0.188,False,False,0.0,0.188
2026-03-11 12:00:00+00:00,0.203,False,False,0.0,0.203
2026-03-11 12:30:00+00:00,0.217,False,False,0.0,0.217
2026-03-11 13:00:00+00:00,0.263,False,False,0.0,0.263
2026-03-11 13:30:00+00:00,0.262,False,False,0.0,0.262
2026-03-11 14:00:00+00:00,0.25,False,False,0.0,0.25
2026-03-11 14:30:00+00:00,0.236,False,False,0.0,0.236
2026-03-11 15:00:00+00:00,0.825,False,False,0.0,0.825
2026-03-11 15:30:00+00:00,0.199,False,False,0.0,0.199
2026-03-11 16:00:00+00:00,1.731,False,False,0.0,1.731
2026-03-11 16:30:00+00:00,1.45,False,False,0.0,1.45
2026-03-11 17:00:00+00:00,1.0,False,False,0.0,1.0
2026-03-11 17:30:00+00:00,0.821,False,False,0.0,0.821
2026-03-11 18:00:00+00:00,0.725,False,False,0.0,0.725
2026-03-11 18:30:00+00:00,0.228,False,False,0.0,0.228
2026-03-11 19:00:00+00:00,0.185,False,False,0.0,0.185
2026-03-11 19:30:00+00:00,0.184,False,False,0.0,0.184
2026-03-11 20:00:00+00:00,0.18,False,False,0.0,0.18
2026-03-11 20:30:00+00:00,0.159,False,False,0.0,0.159
2026-03-11 21:00:00+00:00,0.16,False,False,0.0,0.16
2026-03-11 21:30:00+00:00,0.124,False,False,0.0,0.124
2026-03-11 22:00:00+00:00,0.089,False,False,0.0,0.089
2026-03-11 22:30:00+00:00,0.089,False,False,0.0,0.089
2026-03-11 23:00:00+00:00,0.086,True,False,0.0,0.086
2026-03-11 23:30:00+00:00,0.081,True,False,0.0,0.081
2026-03-12 00:00:00+00:00,0.081,True,False,0.0,0.081
2026-03-12 00:30:00+00:00,0.079,True,False,0.0,0.079
2026-03-12 01:00:00+00:00,0.07,True,False,0.0,0.07
2026-03-12 01:30:00+00:00,0.08,True,False,0.0,0.08
2026-03-12 02:00:00+00:00,0.08,True,False,0.0,0.08
2026-03-12 02:30:00+00:00,0.066,True,False,0.0,0.066
2026-03-12 03:00:00+00:00,0.065,True,False,0.0,0.065
2026-03-12 03:30:00+00:00,0.069,True,False,0.0,0.069
2026-03-12 04:00:00+00:00,0.067,True,False,0.0,0.067
2026-03-12 04:30:00+00:00,0.06,True,False,0.0,0.06
2026-03-12 05:00:00+00:00,0.069,False,False,0.0,0.069
2026-03-12 05:30:00+00:00,0.069,False,False,0.0,0.069
2026-03-12 06:00:00+00:00,0.07,False,False,0.0,0.07
2026-03-12 06:30:00+00:00,0.124,False,False,0.0,0.124
2026-03-12 07:00:00+00:00,0.458,False,False,0.0,0.458
2026-03-12 07:30:00+00:00,0.676,False,False,0.0,0.676
2026-03-12 08:00:00+00:00,0.337,False,False,0.0,0.337
2026-03-12 08:30:00+00:00,0.812,False,False,0.0,0.812
2026-03-12 09:00:00+00:00,0.525,False,False,0.0,0.525
2026-03-12 09:30:00+00:00,0.319,False,False,0.0,0.319
2026-03-12 10:00:00+00:00,0.107,False,False,0.0,0.107
2026-03-12 10:30:00+00:00,0.095,False,False,0.0,0.095
2026-03-12 11:00:00+00:00,0.102,False,False,0.0,0.102
2026-03-12 11:30:00+00:00,1.08,False,False,0.0,1.08
2026-03-12 12:00:00+00:00,1.252,False,False,0.0,1.252
2026-03-12 12:30:00+00:00,0.501,False,False,0.0,0.501
2026-03-12 13:00:00+00:00,0.198,False,False,0.0,0.198
2026-03-12 13:30:00+00:00,0.194,False,False,0.0,0.194
2026-03-12 14:00:00+00:00,0.198,False,False,0.0,0.198
2026-03-12 14:30:00+00:00,0.233,False,False,0.0,0.233
2026-03-12 15:00:00+00:00,0.247,False,False,0.0,0.247
2026-03-12 15:30:00+00:00,0.246,False,False,0.0,0.246
2026-03-12 16:00:00+00:00,0.245,False,False,0.0,0.245
2026-03-12 16:30:00+00:00,0.243,False,False,0.0,0.243
2026-03-12 17:00:00+00:00,0.236,False,False,0.0,0.236
2026-03-12 17:30:00+00:00,0.217,False,False,0.0,0.217
2026-03-12 18:00:00+00:00,0.159,False,False,0.0,0.159
2026-03-12 18:30:00+00:00,0.142,False,False,0.0,0.142
2026-03-12 19:00:00+00:00,0.118,False,False,0.0,0.118
2026-03-12 19:30:00+00:00,0.144,False,False,0.0,0.144
2026-03-12 20:00:00+00:00,0.506,False,False,0.0,0.506
2026-03-12 20:30:00+00:00,0.144,False,False,0.0,0.144
2026-03-12 21:00:00+00:00,0.117,False,False,0.0,0.117
2026-03-12 21:30:00+00:00,0.227,False,False,0.0,0.227
2026-03-12 22:00:00+00:00,0.252,False,False,0.0,0.252
2026-03-12 22:30:00+00:00,0.074,False,False,0.0,0.074
2026-03-12 23:00:00+00:00,0.086,True,False,0.0,0.086
2026-03-12 23:30:00+00:00,0.081,True,False,0.0,0.081
2026-03-13 00:00:00+00:00,0.069,True,False,0.0,0.069
2026-03-13 00:30:00+00:00,0.078,True,False,0.0,0.078
2026-03-13 01:00:00+00:00,0.079,True,False,0.0,0.079
2026-03-13 01:30:00+00:00,0.071,True,False,0.0,0.071
2026-03-13 02:00:00+00:00,0.074,True,False,0.0,0.074
2026-03-13 02:30:00+00:00,0.072,True,False,0.0,0.072
2026-03-13 03:00:00+00:00,0.062,True,False,0.0,0.062
2026-03-13 03:30:00+00:00,0.061,True,False,0.0,0.061
2026-03-13 04:00:00+00:00,0.068,True,False,0.0,0.068
2026-03-13 04:30:00+00:00,0.062,True,False,0.0,0.062
2026-03-13 05:00:00+00:00,0.061,False,False,0.0,0.061
2026-03-13 05:30:00+00:00,0.071,False,False,0.0,0.071
2026-03-13 06:00:00+00:00,0.073,False,False,0.0,0.073
2026-03-13 06:30:00+00:00,0.1,False,False,0.0,0.1
2026-03-13 07:00:00+00:00,0.289,False,False,0.0,0.289
2026-03-13 07:30:00+00:00,0.692,False,False,0.0,0.692
2026-03-13 08:00:00+00:00,0.412,False,False,0.0,0.412
2026-03-13 08:30:00+00:00,0.467,False,False,0.0,0.467
2026-03-13 09:00:00+00:00,0.656,False,False,0.0,0.656
2026-03-13 09:30:00+00:00,0.23,False,False,0.0,0.23
2026-03-13 10:00:00+00:00,0.288,False,False,0.0,0.288
2026-03-13 10:30:00+00:00,0.228,False,False,0.0,0.228
2026-03-13 11:00:00+00:00,0.211,False,False,0.0,0.211
2026-03-13 11:30:00+00:00,0.174,False,False,0.0,0.174
2026-03-13 12:00:00+00:00,0.939,False,False,0.0,0.939
2026-03-13 12:30:00+00:00,0.192,False,False,0.0,0.192
2026-03-13 13:00:00+00:00,0.177,False,False,0.0,0.177
2026-03-13 13:30:00+00:00,0.171,False,False,0.0,0.171
2026-03-13 14:00:00+00:00,0.172,False,False,0.0,0.172
2026-03-13 14:30:00+00:00,0.179,False,False,0.0,0.179
2026-03-13 15:00:00+00:00,0.221,False,False,0.0,0.221
2026-03-13 15:30:00+00:00,0.3,False,False,0.0,0.3
2026-03-13 16:00:00+00:00,0.364,False,False,0.0,0.364
2026-03-13 16:30:00+00:00,0.327,False,False,0.0,0.327
2026-03-13 17:00:00+00:00,0.34,False,False,0.0,0.34
2026-03-13 17:30:00+00:00,0.955,False,False,0.0,0.955
2026-03-13 18:00:00+00:00,0.476,False,False,0.0,0.476
2026-03-13 18:30:00+00:00,0.242,False,False,0.0,0.242
2026-03-13 19:00:00+00:00,0.232,False,False,0.0,0.232
2026-03-13 19:30:00+00:00,0.224,False,False,0.0,0.224
2026-03-13 20:00:00+00:00,0.225,False,False,0.0,0.225
2026-03-13 20:30:00+00:00,0.209,False,False,0.0,0.209
2026-03-13 21:00:00+00:00,0.188,False,False,0.0,0.188
2026-03-13 21:30:00+00:00,0.136,False,False,0.0,0.136
2026-03-13 22:00:00+00:00,0.109,False,False,0.0,0.109
2026-03-13 22:30:00+00:00,0.095,False,False,0.0,0.095
2026-03-13 23:00:00+00:00,0.084,True,False,0.0,0.084
2026-03-13 23:30:00+00:00,0.086,True,False,0.0,0.086
2026-03-14 00:00:00+00:00,0.101,True,False,0.0,0.101
2026-03-14 00:30:00+00:00,0.08,True,False,0.0,0.08
2026-03-14 01:00:00+00:00,0.078,True,False,0.0,0.078
2026-03-14 01:30:00+00:00,0.086,True,False,0.0,0.086
2026-03-14 02:00:00+00:00,0.082,True,False,0.0,0.082
2026-03-14 02:30:00+00:00,0.131,True,False,0.0,0.131
2026-03-14 03:00:00+00:00,0.084,True,False,0.0,0.084
2026-03-14 03:30:00+00:00,0.078,True,False,0.0,0.078
2026-03-14 04:00:00+00:00,0.076,True,False,0.0,0.076
2026-03-14 04:30:00+00:00,0.074,True,False,0.0,0.074
2026-03-14 05:00:00+00:00,0.075,False,False,0.0,0.075
2026-03-14 05:30:00+00:00,0.078,False,False,0.0,0.078
2026-03-14 06:00:00+00:00,0.082,False,False,0.0,0.082
2026-03-14 06:30:00+00:00,0.111,False,False,0.0,0.111
2026-03-14 07:00:00+00:00,0.398,False,False,0.0,0.398
2026-03-14 07:30:00+00:00,0.383,False,False,0.0,0.383
2026-03-14 08:00:00+00:00,0.383,False,False,0.0,0.383
2026-03-14 08:30:00+00:00,0.825,False,False,0.0,0.825
2026-03-14 09:00:00+00:00,0.767,False,False,0.0,0.767
2026-03-14 09:30:00+00:00,0.708,False,False,0.0,0.708
2026-03-14 10:00:00+00:00,0.402,False,False,0.0,0.402
2026-03-14 10:30:00+00:00,0.583,False,False,0.0,0.583
2026-03-14 11:00:00+00:00,0.266,False,False,0.0,0.266
2026-03-14 11:30:00+00:00,0.292,False,False,0.0,0.292
2026-03-14 12:00:00+00:00,0.392,False,False,0.0,0.392
2026-03-14 12:30:00+00:00,0.24,False,False,0.0,0.24
2026-03-14 13:00:00+00:00,0.125,False,False,0.0,0.125
2026-03-14 13:30:00+00:00,0.142,False,False,0.0,0.142
2026-03-14 14:00:00+00:00,0.157,False,False,0.0,0.157
2026-03-14 14:30:00+00:00,0.335,False,False,0.0,0.335
2026-03-14 15:00:00+00:00,1.37,False,False,0.0,1.37
2026-03-14 15:30:00+00:00,1.063,False,False,0.0,1.063
2026-03-14 16:00:00+00:00,1.251,False,False,0.0,1.251
2026-03-14 16:30:00+00:00,0.599,False,False,0.0,0.599
2026-03-14 17:00:00+00:00,0.289,False,False,0.0,0.289
2026-03-14 17:30:00+00:00,0.366,False,False,0.0,0.366
2026-03-14 18:00:00+00:00,0.304,False,False,0.0,0.304
2026-03-14 18:30:00+00:00,0.301,False,False,0.0,0.301
2026-03-14 19:00:00+00:00,0.556,False,False,0.0,0.556
2026-03-14 19:30:00+00:00,0.2,False,False,0.0,0.2
2026-03-14 20:00:00+00:00,0.243,False,False,0.0,0.243
2026-03-14 20:30:00+00:00,0.45,False,False,0.0,0.45
2026-03-14 21:00:00+00:00,0.337,False,False,0.0,0.337
2026-03-14 21:30:00+00:00,0.207,False,False,0.0,0.207
2026-03-14 22:00:00+00:00,0.219,False,False,0.0,0.219
2026-03-14 22:30:00+00:00,0.288,False,False,0.0,0.288
2026-03-14 23:00:00+00:00,0.279,True,False,0.0,0.279
2026-03-14 23:30:00+00:00,0.278,True,False,0.0,0.278
2026-03-15 00:00:00+00:00,0.256,True,False,0.0,0.256
2026-03-15 00:30:00+00:00,0.089,True,False,0.0,0.089
2026-03-15 01:00:00+00:00,0.081,True,False,0.0,0.081
2026-03-15 01:30:00+00:00,0.084,True,False,0.0,0.084
2026-03-15 02:00:00+00:00,0.085,True,False,0.0,0.085
2026-03-15 02:30:00+00:00,0.076,True,False,0.0,0.076
2026-03-15 03:00:00+00:00,0.06,True,False,0.0,0.06
2026-03-15 03:30:00+00:00,0.074,True,False,0.0,0.074
2026-03-15 04:00:00+00:00,0.071,True,False,0.0,0.071
2026-03-15 04:30:00+00:00,0.06,True,False,0.0,0.06
2026-03-15 05:00:00+00:00,0.072,False,False,0.0,0.072
2026-03-15 05:30:00+00:00,0.075,False,False,0.0,0.075
2026-03-15 06:00:00+00:00,0.071,False,False,0.0,0.071
2026-03-15 06:30:00+00:00,0.113,False,False,0.0,0.113
2026-03-15 07:00:00+00:00,0.164,False,False,0.0,0.164
2026-03-15 07:30:00+00:00,0.447,False,False,0.0,0.447
2026-03-15 08:00:00+00:00,1.413,False,False,0.0,1.413
2026-03-15 08:30:00+00:00,1.343,False,False,0.0,1.343
2026-03-15 09:00:00+00:00,1.433,False,False,0.0,1.433
2026-03-15 09:30:00+00:00,1.223,False,False,0.0,1.223
2026-03-15 10:00:00+00:00,0.56,False,False,0.0,0.56
2026-03-15 10:30:00+00:00,0.111,False,False,0.0,0.111
2026-03-15 11:00:00+00:00,0.113,False,False,0.0,0.113
2026-03-15 11:30:00+00:00,0.085,False,False,0.0,0.085
2026-03-15 12:00:00+00:00,0.118,False,False,0.0,0.118
2026-03-15 12:30:00+00:00,0.117,False,False,0.0,0.117
2026-03-15 13:00:00+00:00,0.091,False,False,0.0,0.091
2026-03-15 13:30:00+00:00,1.275,False,False,0.0,1.275
2026-03-15 14:00:00+00:00,3.951,False,True,3.735,0.2160000000000002
2026-03-15 14:30:00+00:00,3.973,False,True,3.754,0.21899999999999986
2026-03-15 15:00:00+00:00,4.008,False,True,3.789,0.21899999999999986
2026-03-15 15:30:00+00:00,4.022,False,True,3.7230000000000003,0.29899999999999993
2026-03-15 16:00:00+00:00,0.417,False,False,0.0,0.417
2026-03-15 16:30:00+00:00,2.161,False,False,0.0,2.161
2026-03-15 17:00:00+00:00,0.351,False,False,0.0,0.351
2026-03-15 17:30:00+00:00,0.391,False,False,0.0,0.391
2026-03-15 18:00:00+00:00,0.181,False,False,0.0,0.181
2026-03-15 18:30:00+00:00,0.2,False,False,0.0,0.2
2026-03-15 19:00:00+00:00,0.16,False,False,0.0,0.16
2026-03-15 19:30:00+00:00,0.168,False,False,0.0,0.168
2026-03-15 20:00:00+00:00,0.17,False,False,0.0,0.17
2026-03-15 20:30:00+00:00,0.155,False,False,0.0,0.155
2026-03-15 21:00:00+00:00,0.162,False,False,0.0,0.162
2026-03-15 21:30:00+00:00,1.904,False,False,0.0,1.904
2026-03-15 22:00:00+00:00,0.075,False,False,0.0,0.075
2026-03-15 22:30:00+00:00,0.117,False,False,0.0,0.117
2026-03-15 23:00:00+00:00,3.452,True,True,3.3335,0.11850000000000005
2026-03-15 23:30:00+00:00,3.792,True,True,3.6879999999999997,0.10400000000000009
2026-03-16 00:00:00+00:00,3.508,True,True,3.413,0.0950000000000002
2026-03-16 00:30:00+00:00,3.765,True,True,3.6750000000000003,0.08999999999999986
2026-03-16 01:00:00+00:00,0.081,True,False,0.0,0.081
2026-03-16 01:30:00+00:00,0.082,True,False,0.0,0.082
2026-03-16 02:00:00+00:00,0.085,True,False,0.0,0.085
2026-03-16 02:30:00+00:00,3.735,True,True,3.657,0.07799999999999985
2026-03-16 03:00:00+00:00,3.815,True,True,3.741,0.07399999999999984
2026-03-16 03:30:00+00:00,0.518,True,False,0.0,0.518
2026-03-16 04:00:00+00:00,0.062,True,False,0.0,0.062
2026-03-16 04:30:00+00:00,0.069,True,False,0.0,0.069
2026-03-16 05:00:00+00:00,0.07,False,False,0.0,0.07
2026-03-16 05:30:00+00:00,0.068,False,False,0.0,0.068
2026-03-16 06:00:00+00:00,0.075,False,False,0.0,0.075
2026-03-16 06:30:00+00:00,0.111,False,False,0.0,0.111
2026-03-16 07:00:00+00:00,0.198,False,False,0.0,0.198
2026-03-16 07:30:00+00:00,0.492,False,False,0.0,0.492
2026-03-16 08:00:00+00:00,0.815,False,False,0.0,0.815
2026-03-16 08:30:00+00:00,0.549,False,False,0.0,0.549
2026-03-16 09:00:00+00:00,0.268,False,False,0.0,0.268
2026-03-16 09:30:00+00:00,0.609,False,False,0.0,0.609
2026-03-16 10:00:00+00:00,0.561,False,False,0.0,0.561
2026-03-16 10:30:00+00:00,0.151,False,False,0.0,0.151
2026-03-16 11:00:00+00:00,0.11,False,False,0.0,0.11
2026-03-16 11:30:00+00:00,0.115,False,False,0.0,0.115
2026-03-16 12:00:00+00:00,0.131,False,False,0.0,0.131
2026-03-16 12:30:00+00:00,0.126,False,False,0.0,0.126
2026-03-16 13:00:00+00:00,0.334,False,False,0.0,0.334
2026-03-16 13:30:00+00:00,0.193,False,False,0.0,0.193
2026-03-16 14:00:00+00:00,0.215,False,False,0.0,0.215
2026-03-16 14:30:00+00:00,0.233,False,False,0.0,0.233
2026-03-16 15:00:00+00:00,0.193,False,False,0.0,0.193
2026-03-16 15:30:00+00:00,0.24,False,False,0.0,0.24
2026-03-16 16:00:00+00:00,0.986,False,False,0.0,0.986
2026-03-16 16:30:00+00:00,0.658,False,False,0.0,0.658
2026-03-16 17:00:00+00:00,1.663,False,False,0.0,1.663
2026-03-16 17:30:00+00:00,1.508,False,False,0.0,1.508
2026-03-16 18:00:00+00:00,0.433,False,False,0.0,0.433
2026-03-16 18:30:00+00:00,0.206,False,False,0.0,0.206
2026-03-16 19:00:00+00:00,0.165,False,False,0.0,0.165
2026-03-16 19:30:00+00:00,0.163,False,False,0.0,0.163
2026-03-16 20:00:00+00:00,0.152,False,False,0.0,0.152
2026-03-16 20:30:00+00:00,0.28,False,False,0.0,0.28
2026-03-16 21:00:00+00:00,0.117,False,False,0.0,0.117
2026-03-16 21:30:00+00:00,0.139,False,False,0.0,0.139
2026-03-16 22:00:00+00:00,0.092,False,False,0.0,0.092
2026-03-16 22:30:00+00:00,0.088,False,False,0.0,0.088
2026-03-16 23:00:00+00:00,0.081,True,False,0.0,0.081
2026-03-16 23:30:00+00:00,0.079,True,False,0.0,0.079
2026-03-17 00:00:00+00:00,0.08,True,False,0.0,0.08
2026-03-17 00:30:00+00:00,0.08,True,False,0.0,0.08
2026-03-17 01:00:00+00:00,0.083,True,False,0.0,0.083
2026-03-17 01:30:00+00:00,0.075,True,False,0.0,0.075
2026-03-17 02:00:00+00:00,0.079,True,False,0.0,0.079
2026-03-17 02:30:00+00:00,0.072,True,False,0.0,0.072
2026-03-17 03:00:00+00:00,0.066,True,False,0.0,0.066
2026-03-17 03:30:00+00:00,0.065,True,False,0.0,0.065
2026-03-17 04:00:00+00:00,0.069,True,False,0.0,0.069
2026-03-17 04:30:00+00:00,0.069,True,False,0.0,0.069
2026-03-17 05:00:00+00:00,0.056,False,False,0.0,0.056
2026-03-17 05:30:00+00:00,0.072,False,False,0.0,0.072
2026-03-17 06:00:00+00:00,0.079,False,False,0.0,0.079
2026-03-17 06:30:00+00:00,0.091,False,False,0.0,0.091
2026-03-17 07:00:00+00:00,0.341,False,False,0.0,0.341
2026-03-17 07:30:00+00:00,0.258,False,False,0.0,0.258
2026-03-17 08:00:00+00:00,0.762,False,False,0.0,0.762
2026-03-17 08:30:00+00:00,0.158,False,False,0.0,0.158
2026-03-17 09:00:00+00:00,0.097,False,False,0.0,0.097
2026-03-17 09:30:00+00:00,0.127,False,False,0.0,0.127
2026-03-17 10:00:00+00:00,0.365,False,False,0.0,0.365
2026-03-17 10:30:00+00:00,0.09,False,False,0.0,0.09
2026-03-17 11:00:00+00:00,0.088,False,False,0.0,0.088
2026-03-17 11:30:00+00:00,0.078,False,False,0.0,0.078
2026-03-17 12:00:00+00:00,0.101,False,False,0.0,0.101
2026-03-17 12:30:00+00:00,0.101,False,False,0.0,0.101
2026-03-17 13:00:00+00:00,0.081,False,False,0.0,0.081
2026-03-17 13:30:00+00:00,0.067,False,False,0.0,0.067
2026-03-17 14:00:00+00:00,0.08,False,False,0.0,0.08
2026-03-17 14:30:00+00:00,0.079,False,False,0.0,0.079
2026-03-17 15:00:00+00:00,0.074,False,False,0.0,0.074
2026-03-17 15:30:00+00:00,0.093,False,False,0.0,0.093
2026-03-17 16:00:00+00:00,0.309,False,False,0.0,0.309
2026-03-17 16:30:00+00:00,0.354,False,False,0.0,0.354
2026-03-17 17:00:00+00:00,0.282,False,False,0.0,0.282
2026-03-17 17:30:00+00:00,0.229,False,False,0.0,0.229
2026-03-17 18:00:00+00:00,0.125,False,False,0.0,0.125
2026-03-17 18:30:00+00:00,0.155,False,False,0.0,0.155
2026-03-17 19:00:00+00:00,0.131,False,False,0.0,0.131
2026-03-17 19:30:00+00:00,0.151,False,False,0.0,0.151
2026-03-17 20:00:00+00:00,0.138,False,False,0.0,0.138
2026-03-17 20:30:00+00:00,0.126,False,False,0.0,0.126
2026-03-17 21:00:00+00:00,0.159,False,False,0.0,0.159
2026-03-17 21:30:00+00:00,0.081,False,False,0.0,0.081
2026-03-17 22:00:00+00:00,0.085,False,False,0.0,0.085
2026-03-17 22:30:00+00:00,0.084,False,False,0.0,0.084
2026-03-17 23:00:00+00:00,0.073,True,False,0.0,0.073
2026-03-17 23:30:00+00:00,0.078,True,False,0.0,0.078
2026-03-18 00:00:00+00:00,0.079,True,False,0.0,0.079
2026-03-18 00:30:00+00:00,0.099,True,False,0.0,0.099
2026-03-18 01:00:00+00:00,0.108,True,False,0.0,0.108
2026-03-18 01:30:00+00:00,0.08,True,False,0.0,0.08
2026-03-18 02:00:00+00:00,0.079,True,False,0.0,0.079
2026-03-18 02:30:00+00:00,0.072,True,False,0.0,0.072
2026-03-18 03:00:00+00:00,0.07,True,False,0.0,0.07
2026-03-18 03:30:00+00:00,0.068,True,False,0.0,0.068
2026-03-18 04:00:00+00:00,0.073,True,False,0.0,0.073
2026-03-18 04:30:00+00:00,0.055,True,False,0.0,0.055
2026-03-18 05:00:00+00:00,0.067,False,False,0.0,0.067
2026-03-18 05:30:00+00:00,0.071,False,False,0.0,0.071
2026-03-18 06:00:00+00:00,0.071,False,False,0.0,0.071
2026-03-18 06:30:00+00:00,0.101,False,False,0.0,0.101
2026-03-18 07:00:00+00:00,0.389,False,False,0.0,0.389
2026-03-18 07:30:00+00:00,0.438,False,False,0.0,0.438
2026-03-18 08:00:00+00:00,0.462,False,False,0.0,0.462
2026-03-18 08:30:00+00:00,0.411,False,False,0.0,0.411
2026-03-18 09:00:00+00:00,0.62,False,False,0.0,0.62
2026-03-18 09:30:00+00:00,0.178,False,False,0.0,0.178
2026-03-18 10:00:00+00:00,0.121,False,False,0.0,0.121
2026-03-18 10:30:00+00:00,0.191,False,False,0.0,0.191
2026-03-18 11:00:00+00:00,0.122,False,False,0.0,0.122
2026-03-18 11:30:00+00:00,0.125,False,False,0.0,0.125
2026-03-18 12:00:00+00:00,0.129,False,False,0.0,0.129
2026-03-18 12:30:00+00:00,0.132,False,False,0.0,0.132
2026-03-18 13:00:00+00:00,0.123,False,False,0.0,0.123
2026-03-18 13:30:00+00:00,0.128,False,False,0.0,0.128
2026-03-18 14:00:00+00:00,0.109,False,False,0.0,0.109
2026-03-18 14:30:00+00:00,0.121,False,False,0.0,0.121
2026-03-18 15:00:00+00:00,0.17,False,False,0.0,0.17
2026-03-18 15:30:00+00:00,0.137,False,False,0.0,0.137
2026-03-18 16:00:00+00:00,1.113,False,False,0.0,1.113
2026-03-18 16:30:00+00:00,0.551,False,False,0.0,0.551
2026-03-18 17:00:00+00:00,0.673,False,False,0.0,0.673
2026-03-18 17:30:00+00:00,0.612,False,False,0.0,0.612
2026-03-18 18:00:00+00:00,0.312,False,False,0.0,0.312
2026-03-18 18:30:00+00:00,0.531,False,False,0.0,0.531
2026-03-18 19:00:00+00:00,0.562,False,False,0.0,0.562
2026-03-18 19:30:00+00:00,0.166,False,False,0.0,0.166
2026-03-18 20:00:00+00:00,0.26,False,False,0.0,0.26
2026-03-18 20:30:00+00:00,0.161,False,False,0.0,0.161
2026-03-18 21:00:00+00:00,0.136,False,False,0.0,0.136
2026-03-18 21:30:00+00:00,0.105,False,False,0.0,0.105
2026-03-18 22:00:00+00:00,0.103,False,False,0.0,0.103
2026-03-18 22:30:00+00:00,0.096,False,False,0.0,0.096
2026-03-18 23:00:00+00:00,0.092,True,False,0.0,0.092
2026-03-18 23:30:00+00:00,0.088,True,False,0.0,0.088
2026-03-19 00:00:00+00:00,0.096,True,False,0.0,0.096
2026-03-19 00:30:00+00:00,0.095,True,False,0.0,0.095
2026-03-19 01:00:00+00:00,0.084,True,False,0.0,0.084
2026-03-19 01:30:00+00:00,0.095,True,False,0.0,0.095
2026-03-19 02:00:00+00:00,0.146,True,False,0.0,0.146
2026-03-19 02:30:00+00:00,0.091,True,False,0.0,0.091
2026-03-19 03:00:00+00:00,0.09,True,False,0.0,0.09
2026-03-19 03:30:00+00:00,0.089,True,False,0.0,0.089
2026-03-19 04:00:00+00:00,0.086,True,False,0.0,0.086
2026-03-19 04:30:00+00:00,0.085,True,False,0.0,0.085
2026-03-19 05:00:00+00:00,0.085,False,False,0.0,0.085
2026-03-19 05:30:00+00:00,0.085,False,False,0.0,0.085
2026-03-19 06:00:00+00:00,0.092,False,False,0.0,0.092
2026-03-19 06:30:00+00:00,0.121,False,False,0.0,0.121
2026-03-19 07:00:00+00:00,0.241,False,False,0.0,0.241
2026-03-19 07:30:00+00:00,0.446,False,False,0.0,0.446
2026-03-19 08:00:00+00:00,0.329,False,False,0.0,0.329
2026-03-19 08:30:00+00:00,0.345,False,False,0.0,0.345
2026-03-19 09:00:00+00:00,0.402,False,False,0.0,0.402
2026-03-19 09:30:00+00:00,0.133,False,False,0.0,0.133
2026-03-19 10:00:00+00:00,0.127,False,False,0.0,0.127
2026-03-19 10:30:00+00:00,0.12,False,False,0.0,0.12
2026-03-19 11:00:00+00:00,0.125,False,False,0.0,0.125
2026-03-19 11:30:00+00:00,0.251,False,False,0.0,0.251
2026-03-19 12:00:00+00:00,0.265,False,False,0.0,0.265
2026-03-19 12:30:00+00:00,0.318,False,False,0.0,0.318
2026-03-19 13:00:00+00:00,0.954,False,False,0.0,0.954
2026-03-19 13:30:00+00:00,0.97,False,False,0.0,0.97
2026-03-19 14:00:00+00:00,0.181,False,False,0.0,0.181
2026-03-19 14:30:00+00:00,0.242,False,False,0.0,0.242
2026-03-19 15:00:00+00:00,0.231,False,False,0.0,0.231
2026-03-19 15:30:00+00:00,0.309,False,False,0.0,0.309
2026-03-19 16:00:00+00:00,0.299,False,False,0.0,0.299
2026-03-19 16:30:00+00:00,0.373,False,False,0.0,0.373
2026-03-19 17:00:00+00:00,0.449,False,False,0.0,0.449
2026-03-19 17:30:00+00:00,0.577,False,False,0.0,0.577
2026-03-19 18:00:00+00:00,0.32,False,False,0.0,0.32
2026-03-19 18:30:00+00:00,0.277,False,False,0.0,0.277
2026-03-19 19:00:00+00:00,0.479,False,False,0.0,0.479
2026-03-19 19:30:00+00:00,0.286,False,False,0.0,0.286
2026-03-19 20:00:00+00:00,0.144,False,False,0.0,0.144
2026-03-19 20:30:00+00:00,0.139,False,False,0.0,0.139
2026-03-19 21:00:00+00:00,0.184,False,False,0.0,0.184
2026-03-19 21:30:00+00:00,0.123,False,False,0.0,0.123
2026-03-19 22:00:00+00:00,0.104,False,False,0.0,0.104
2026-03-19 22:30:00+00:00,2.397,False,False,0.0,2.397
2026-03-19 23:00:00+00:00,3.463,True,True,3.3445,0.11850000000000005
2026-03-19 23:30:00+00:00,0.088,True,False,0.0,0.088
2026-03-20 00:00:00+00:00,3.394,True,True,3.299,0.0950000000000002
2026-03-20 00:30:00+00:00,0.074,True,False,0.0,0.074
2026-03-20 01:00:00+00:00,3.727,True,True,3.639,0.08800000000000008
2026-03-20 01:30:00+00:00,3.796,True,True,3.71,0.08599999999999985
2026-03-20 02:00:00+00:00,3.814,True,True,3.729,0.08499999999999996
2026-03-20 02:30:00+00:00,3.809,True,True,3.7310000000000003,0.07799999999999985
2026-03-20 03:00:00+00:00,3.815,True,True,3.741,0.07399999999999984
2026-03-20 03:30:00+00:00,3.83,True,True,3.755,0.07500000000000018
2026-03-20 04:00:00+00:00,2.705,True,True,2.6310000000000002,0.07399999999999984
2026-03-20 04:30:00+00:00,0.062,True,False,0.0,0.062
2026-03-20 05:00:00+00:00,0.068,False,False,0.0,0.068
2026-03-20 05:30:00+00:00,0.067,False,False,0.0,0.067
2026-03-20 06:00:00+00:00,0.071,False,False,0.0,0.071
2026-03-20 06:30:00+00:00,0.105,False,False,0.0,0.105
2026-03-20 07:00:00+00:00,0.43,False,False,0.0,0.43
2026-03-20 07:30:00+00:00,0.295,False,False,0.0,0.295
2026-03-20 08:00:00+00:00,0.79,False,False,0.0,0.79
2026-03-20 08:30:00+00:00,0.444,False,False,0.0,0.444
2026-03-20 09:00:00+00:00,0.63,False,False,0.0,0.63
2026-03-20 09:30:00+00:00,0.219,False,False,0.0,0.219
2026-03-20 10:00:00+00:00,0.225,False,False,0.0,0.225
2026-03-20 10:30:00+00:00,0.23,False,False,0.0,0.23
2026-03-20 11:00:00+00:00,0.206,False,False,0.0,0.206
2026-03-20 11:30:00+00:00,0.159,False,False,0.0,0.159
2026-03-20 12:00:00+00:00,0.133,False,False,0.0,0.133
2026-03-20 12:30:00+00:00,0.132,False,False,0.0,0.132
2026-03-20 13:00:00+00:00,0.229,False,False,0.0,0.229
2026-03-20 13:30:00+00:00,0.89,False,False,0.0,0.89
2026-03-20 14:00:00+00:00,0.118,False,False,0.0,0.118
2026-03-20 14:30:00+00:00,0.134,False,False,0.0,0.134
2026-03-20 15:00:00+00:00,0.17,False,False,0.0,0.17
2026-03-20 15:30:00+00:00,0.58,False,False,0.0,0.58
2026-03-20 16:00:00+00:00,0.342,False,False,0.0,0.342
2026-03-20 16:30:00+00:00,0.789,False,False,0.0,0.789
2026-03-20 17:00:00+00:00,0.912,False,False,0.0,0.912
2026-03-20 17:30:00+00:00,0.994,False,False,0.0,0.994
2026-03-20 18:00:00+00:00,0.609,False,False,0.0,0.609
2026-03-20 18:30:00+00:00,0.228,False,False,0.0,0.228
2026-03-20 19:00:00+00:00,0.26,False,False,0.0,0.26
2026-03-20 19:30:00+00:00,0.221,False,False,0.0,0.221
2026-03-20 20:00:00+00:00,0.221,False,False,0.0,0.221
2026-03-20 20:30:00+00:00,0.211,False,False,0.0,0.211
2026-03-20 21:00:00+00:00,0.218,False,False,0.0,0.218
2026-03-20 21:30:00+00:00,0.183,False,False,0.0,0.183
2026-03-20 22:00:00+00:00,0.18,False,False,0.0,0.18
2026-03-20 22:30:00+00:00,0.175,False,False,0.0,0.175
2026-03-20 23:00:00+00:00,0.181,True,False,0.0,0.181
2026-03-20 23:30:00+00:00,0.162,True,False,0.0,0.162
2026-03-21 00:00:00+00:00,0.087,True,False,0.0,0.087
2026-03-21 00:30:00+00:00,0.079,True,False,0.0,0.079
2026-03-21 01:00:00+00:00,0.079,True,False,0.0,0.079
2026-03-21 01:30:00+00:00,0.081,True,False,0.0,0.081
2026-03-21 02:00:00+00:00,0.074,True,False,0.0,0.074
2026-03-21 02:30:00+00:00,0.071,True,False,0.0,0.071
2026-03-21 03:00:00+00:00,0.071,True,False,0.0,0.071
2026-03-21 03:30:00+00:00,0.065,True,False,0.0,0.065
2026-03-21 04:00:00+00:00,0.065,True,False,0.0,0.065
2026-03-21 04:30:00+00:00,0.07,True,False,0.0,0.07
2026-03-21 05:00:00+00:00,0.061,False,False,0.0,0.061
2026-03-21 05:30:00+00:00,0.07,False,False,0.0,0.07
2026-03-21 06:00:00+00:00,0.081,False,False,0.0,0.081
2026-03-21 06:30:00+00:00,0.097,False,False,0.0,0.097
2026-03-21 07:00:00+00:00,0.251,False,False,0.0,0.251
2026-03-21 07:30:00+00:00,0.52,False,False,0.0,0.52
2026-03-21 08:00:00+00:00,0.294,False,False,0.0,0.294
2026-03-21 08:30:00+00:00,0.837,False,False,0.0,0.837
2026-03-21 09:00:00+00:00,0.561,False,False,0.0,0.561
2026-03-21 09:30:00+00:00,1.39,False,False,0.0,1.39
2026-03-21 10:00:00+00:00,1.38,False,False,0.0,1.38
2026-03-21 10:30:00+00:00,1.885,False,False,0.0,1.885
2026-03-21 11:00:00+00:00,1.164,False,False,0.0,1.164
2026-03-21 11:30:00+00:00,1.033,False,False,0.0,1.033
2026-03-21 12:00:00+00:00,0.516,False,False,0.0,0.516
2026-03-21 12:30:00+00:00,0.179,False,False,0.0,0.179
2026-03-21 13:00:00+00:00,0.114,False,False,0.0,0.114
2026-03-21 13:30:00+00:00,0.074,False,False,0.0,0.074
2026-03-21 14:00:00+00:00,0.071,False,False,0.0,0.071
2026-03-21 14:30:00+00:00,0.068,False,False,0.0,0.068
2026-03-21 15:00:00+00:00,0.109,False,False,0.0,0.109
2026-03-21 15:30:00+00:00,0.818,False,False,0.0,0.818
2026-03-21 16:00:00+00:00,0.742,False,False,0.0,0.742
2026-03-21 16:30:00+00:00,0.262,False,False,0.0,0.262
2026-03-21 17:00:00+00:00,0.209,False,False,0.0,0.209
2026-03-21 17:30:00+00:00,0.22,False,False,0.0,0.22
2026-03-21 18:00:00+00:00,0.238,False,False,0.0,0.238
2026-03-21 18:30:00+00:00,0.3,False,False,0.0,0.3
2026-03-21 19:00:00+00:00,0.287,False,False,0.0,0.287
2026-03-21 19:30:00+00:00,0.28,False,False,0.0,0.28
2026-03-21 20:00:00+00:00,0.29,False,False,0.0,0.29
2026-03-21 20:30:00+00:00,0.294,False,False,0.0,0.294
2026-03-21 21:00:00+00:00,0.289,False,False,0.0,0.289
2026-03-21 21:30:00+00:00,0.234,False,False,0.0,0.234
2026-03-21 22:00:00+00:00,0.198,False,False,0.0,0.198
2026-03-21 22:30:00+00:00,0.129,False,False,0.0,0.129
2026-03-21 23:00:00+00:00,0.076,True,False,0.0,0.076
2026-03-21 23:30:00+00:00,0.073,True,False,0.0,0.073
2026-03-22 00:00:00+00:00,0.082,True,False,0.0,0.082
2026-03-22 00:30:00+00:00,0.079,True,False,0.0,0.079
2026-03-22 01:00:00+00:00,0.067,True,False,0.0,0.067
2026-03-22 01:30:00+00:00,0.081,True,False,0.0,0.081
2026-03-22 02:00:00+00:00,0.079,True,False,0.0,0.079
2026-03-22 02:30:00+00:00,0.062,True,False,0.0,0.062
2026-03-22 03:00:00+00:00,0.067,True,False,0.0,0.067
2026-03-22 03:30:00+00:00,0.069,True,False,0.0,0.069
2026-03-22 04:00:00+00:00,0.06,True,False,0.0,0.06
2026-03-22 04:30:00+00:00,0.065,True,False,0.0,0.065
2026-03-22 05:00:00+00:00,0.069,False,False,0.0,0.069
2026-03-22 05:30:00+00:00,0.065,False,False,0.0,0.065
2026-03-22 06:00:00+00:00,0.076,False,False,0.0,0.076
2026-03-22 06:30:00+00:00,0.107,False,False,0.0,0.107
2026-03-22 07:00:00+00:00,0.403,False,False,0.0,0.403
2026-03-22 07:30:00+00:00,0.204,False,False,0.0,0.204
2026-03-22 08:00:00+00:00,0.536,False,False,0.0,0.536
2026-03-22 08:30:00+00:00,0.247,False,False,0.0,0.247
2026-03-22 09:00:00+00:00,1.823,False,False,0.0,1.823
2026-03-22 09:30:00+00:00,0.393,False,False,0.0,0.393
2026-03-22 10:00:00+00:00,0.384,False,False,0.0,0.384
2026-03-22 10:30:00+00:00,0.29,False,False,0.0,0.29
2026-03-22 11:00:00+00:00,0.6,False,False,0.0,0.6
2026-03-22 11:30:00+00:00,1.059,False,False,0.0,1.059
2026-03-22 12:00:00+00:00,0.296,False,False,0.0,0.296
2026-03-22 12:30:00+00:00,0.618,False,False,0.0,0.618
2026-03-22 13:00:00+00:00,0.195,False,False,0.0,0.195
2026-03-22 13:30:00+00:00,0.108,False,False,0.0,0.108
2026-03-22 14:00:00+00:00,0.1,False,False,0.0,0.1
2026-03-22 14:30:00+00:00,0.137,False,False,0.0,0.137
2026-03-22 15:00:00+00:00,0.889,False,False,0.0,0.889
2026-03-22 15:30:00+00:00,1.379,False,False,0.0,1.379
2026-03-22 16:00:00+00:00,1.494,False,False,0.0,1.494
2026-03-22 16:30:00+00:00,0.731,False,False,0.0,0.731
2026-03-22 17:00:00+00:00,0.264,False,False,0.0,0.264
2026-03-22 17:30:00+00:00,0.253,False,False,0.0,0.253
2026-03-22 18:00:00+00:00,0.2,False,False,0.0,0.2
2026-03-22 18:30:00+00:00,0.182,False,False,0.0,0.182
2026-03-22 19:00:00+00:00,0.184,False,False,0.0,0.184
2026-03-22 19:30:00+00:00,0.164,False,False,0.0,0.164
2026-03-22 20:00:00+00:00,0.171,False,False,0.0,0.171
2026-03-22 20:30:00+00:00,0.14,False,False,0.0,0.14
2026-03-22 21:00:00+00:00,0.11,False,False,0.0,0.11
2026-03-22 21:30:00+00:00,3.72,False,True,3.532,0.18800000000000017
2026-03-22 22:00:00+00:00,0.084,False,False,0.0,0.084
2026-03-22 22:30:00+00:00,0.071,False,False,0.0,0.071
2026-03-22 23:00:00+00:00,0.083,True,False,0.0,0.083
2026-03-22 23:30:00+00:00,0.083,True,False,0.0,0.083
2026-03-23 00:00:00+00:00,3.758,True,True,3.663,0.0950000000000002
2026-03-23 00:30:00+00:00,0.083,True,False,0.0,0.083
2026-03-23 01:00:00+00:00,3.718,True,True,3.63,0.08800000000000008
2026-03-23 01:30:00+00:00,0.081,True,False,0.0,0.081
2026-03-23 02:00:00+00:00,3.701,True,True,3.616,0.08499999999999996
2026-03-23 02:30:00+00:00,3.767,True,True,3.689,0.07799999999999985
2026-03-23 03:00:00+00:00,3.785,True,True,3.7110000000000003,0.07399999999999984
2026-03-23 03:30:00+00:00,0.069,True,False,0.0,0.069
2026-03-23 04:00:00+00:00,3.725,True,True,3.6510000000000002,0.07399999999999984
2026-03-23 04:30:00+00:00,2.063,True,True,1.9900000000000002,0.07299999999999995
2026-03-23 05:00:00+00:00,0.069,False,False,0.0,0.069
2026-03-23 05:30:00+00:00,0.062,False,False,0.0,0.062
2026-03-23 06:00:00+00:00,0.082,False,False,0.0,0.082
2026-03-23 06:30:00+00:00,0.108,False,False,0.0,0.108
2026-03-23 07:00:00+00:00,0.542,False,False,0.0,0.542
2026-03-23 07:30:00+00:00,0.734,False,False,0.0,0.734
2026-03-23 08:00:00+00:00,0.371,False,False,0.0,0.371
2026-03-23 08:30:00+00:00,1.065,False,False,0.0,1.065
2026-03-23 09:00:00+00:00,0.843,False,False,0.0,0.843
2026-03-23 09:30:00+00:00,0.354,False,False,0.0,0.354
2026-03-23 10:00:00+00:00,0.266,False,False,0.0,0.266
2026-03-23 10:30:00+00:00,0.345,False,False,0.0,0.345
2026-03-23 11:00:00+00:00,0.257,False,False,0.0,0.257
2026-03-23 11:30:00+00:00,0.267,False,False,0.0,0.267
2026-03-23 12:00:00+00:00,0.326,False,False,0.0,0.326
2026-03-23 12:30:00+00:00,0.173,False,False,0.0,0.173
2026-03-23 13:00:00+00:00,0.86,False,False,0.0,0.86
2026-03-23 13:30:00+00:00,1.65,False,False,0.0,1.65
2026-03-23 14:00:00+00:00,1.043,False,False,0.0,1.043
2026-03-23 14:30:00+00:00,0.273,False,False,0.0,0.273
2026-03-23 15:00:00+00:00,0.32,False,False,0.0,0.32
2026-03-23 15:30:00+00:00,0.914,False,False,0.0,0.914
2026-03-23 16:00:00+00:00,0.309,False,False,0.0,0.309
2026-03-23 16:30:00+00:00,0.264,False,False,0.0,0.264
2026-03-23 17:00:00+00:00,0.276,False,False,0.0,0.276
2026-03-23 17:30:00+00:00,0.291,False,False,0.0,0.291
2026-03-23 18:00:00+00:00,0.199,False,False,0.0,0.199
2026-03-23 18:30:00+00:00,0.21,False,False,0.0,0.21
2026-03-23 19:00:00+00:00,0.212,False,False,0.0,0.212
2026-03-23 19:30:00+00:00,0.404,False,False,0.0,0.404
2026-03-23 20:00:00+00:00,0.183,False,False,0.0,0.183
2026-03-23 20:30:00+00:00,0.189,False,False,0.0,0.189
2026-03-23 21:00:00+00:00,0.184,False,False,0.0,0.184
2026-03-23 21:30:00+00:00,0.158,False,False,0.0,0.158
2026-03-23 22:00:00+00:00,0.141,False,False,0.0,0.141
2026-03-23 22:30:00+00:00,0.125,False,False,0.0,0.125
2026-03-23 23:00:00+00:00,0.121,True,False,0.0,0.121
2026-03-23 23:30:00+00:00,0.123,True,False,0.0,0.123
2026-03-24 00:00:00+00:00,0.122,True,False,0.0,0.122
2026-03-24 00:30:00+00:00,0.122,True,False,0.0,0.122
2026-03-24 01:00:00+00:00,0.122,True,False,0.0,0.122
2026-03-24 01:30:00+00:00,0.122,True,False,0.0,0.122
2026-03-24 02:00:00+00:00,0.11,True,False,0.0,0.11
2026-03-24 02:30:00+00:00,0.117,True,False,0.0,0.117
2026-03-24 03:00:00+00:00,0.111,True,False,0.0,0.111
2026-03-24 03:30:00+00:00,0.1,True,False,0.0,0.1
2026-03-24 04:00:00+00:00,0.107,True,False,0.0,0.107
2026-03-24 04:30:00+00:00,0.109,True,False,0.0,0.109
2026-03-24 05:00:00+00:00,0.104,False,False,0.0,0.104
2026-03-24 05:30:00+00:00,0.107,False,False,0.0,0.107
2026-03-24 06:00:00+00:00,0.121,False,False,0.0,0.121
2026-03-24 06:30:00+00:00,0.15,False,False,0.0,0.15
2026-03-24 07:00:00+00:00,0.503,False,False,0.0,0.503
2026-03-24 07:30:00+00:00,0.384,False,False,0.0,0.384
2026-03-24 08:00:00+00:00,0.284,False,False,0.0,0.284
2026-03-24 08:30:00+00:00,0.628,False,False,0.0,0.628
2026-03-24 09:00:00+00:00,0.175,False,False,0.0,0.175
2026-03-24 09:30:00+00:00,0.167,False,False,0.0,0.167
2026-03-24 10:00:00+00:00,0.323,False,False,0.0,0.323
2026-03-24 10:30:00+00:00,0.356,False,False,0.0,0.356
2026-03-24 11:00:00+00:00,0.123,False,False,0.0,0.123
2026-03-24 11:30:00+00:00,0.132,False,False,0.0,0.132
2026-03-24 12:00:00+00:00,0.149,False,False,0.0,0.149
2026-03-24 12:30:00+00:00,0.148,False,False,0.0,0.148
2026-03-24 13:00:00+00:00,0.117,False,False,0.0,0.117
2026-03-24 13:30:00+00:00,0.124,False,False,0.0,0.124
2026-03-24 14:00:00+00:00,0.125,False,False,0.0,0.125
2026-03-24 14:30:00+00:00,0.124,False,False,0.0,0.124
2026-03-24 15:00:00+00:00,0.112,False,False,0.0,0.112
2026-03-24 15:30:00+00:00,1.025,False,False,0.0,1.025
2026-03-24 16:00:00+00:00,0.401,False,False,0.0,0.401
2026-03-24 16:30:00+00:00,0.342,False,False,0.0,0.342
2026-03-24 17:00:00+00:00,0.362,False,False,0.0,0.362
2026-03-24 17:30:00+00:00,0.251,False,False,0.0,0.251
2026-03-24 18:00:00+00:00,0.199,False,False,0.0,0.199
2026-03-24 18:30:00+00:00,0.179,False,False,0.0,0.179
2026-03-24 19:00:00+00:00,0.192,False,False,0.0,0.192
2026-03-24 19:30:00+00:00,0.189,False,False,0.0,0.189
2026-03-24 20:00:00+00:00,0.17,False,False,0.0,0.17
2026-03-24 20:30:00+00:00,0.156,False,False,0.0,0.156
2026-03-24 21:00:00+00:00,0.149,False,False,0.0,0.149
2026-03-24 21:30:00+00:00,0.123,False,False,0.0,0.123
2026-03-24 22:00:00+00:00,0.114,False,False,0.0,0.114
2026-03-24 22:30:00+00:00,0.133,False,False,0.0,0.133
2026-03-24 23:00:00+00:00,0.089,True,False,0.0,0.089
2026-03-24 23:30:00+00:00,0.087,True,False,0.0,0.087
2026-03-25 00:00:00+00:00,0.082,True,False,0.0,0.082
2026-03-25 00:30:00+00:00,0.079,True,False,0.0,0.079
2026-03-25 01:00:00+00:00,0.078,True,False,0.0,0.078
2026-03-25 01:30:00+00:00,0.079,True,False,0.0,0.079
2026-03-25 02:00:00+00:00,0.089,True,False,0.0,0.089
2026-03-25 02:30:00+00:00,0.063,True,False,0.0,0.063
2026-03-25 03:00:00+00:00,0.068,True,False,0.0,0.068
2026-03-25 03:30:00+00:00,0.068,True,False,0.0,0.068
2026-03-25 04:00:00+00:00,0.063,True,False,0.0,0.063
2026-03-25 04:30:00+00:00,0.06,True,False,0.0,0.06
2026-03-25 05:00:00+00:00,0.068,False,False,0.0,0.068
2026-03-25 05:30:00+00:00,0.071,False,False,0.0,0.071
2026-03-25 06:00:00+00:00,0.067,False,False,0.0,0.067
2026-03-25 06:30:00+00:00,0.105,False,False,0.0,0.105
2026-03-25 07:00:00+00:00,0.64,False,False,0.0,0.64
2026-03-25 07:30:00+00:00,0.343,False,False,0.0,0.343
2026-03-25 08:00:00+00:00,0.446,False,False,0.0,0.446
2026-03-25 08:30:00+00:00,1.376,False,False,0.0,1.376
2026-03-25 09:00:00+00:00,1.388,False,False,0.0,1.388
2026-03-25 09:30:00+00:00,0.469,False,False,0.0,0.469
2026-03-25 10:00:00+00:00,0.114,False,False,0.0,0.114
2026-03-25 10:30:00+00:00,0.124,False,False,0.0,0.124
2026-03-25 11:00:00+00:00,0.179,False,False,0.0,0.179
2026-03-25 11:30:00+00:00,0.16,False,False,0.0,0.16
2026-03-25 12:00:00+00:00,0.94,False,False,0.0,0.94
2026-03-25 12:30:00+00:00,0.356,False,False,0.0,0.356
2026-03-25 13:00:00+00:00,0.177,False,False,0.0,0.177
2026-03-25 13:30:00+00:00,0.114,False,False,0.0,0.114
2026-03-25 14:00:00+00:00,0.113,False,False,0.0,0.113
2026-03-25 14:30:00+00:00,0.102,False,False,0.0,0.102
2026-03-25 15:00:00+00:00,0.261,False,False,0.0,0.261
2026-03-25 15:30:00+00:00,0.982,False,False,0.0,0.982
2026-03-25 16:00:00+00:00,0.256,False,False,0.0,0.256
2026-03-25 16:30:00+00:00,0.228,False,False,0.0,0.228
2026-03-25 17:00:00+00:00,0.244,False,False,0.0,0.244
2026-03-25 17:30:00+00:00,0.272,False,False,0.0,0.272
2026-03-25 18:00:00+00:00,0.302,False,False,0.0,0.302
2026-03-25 18:30:00+00:00,0.203,False,False,0.0,0.203
2026-03-25 19:00:00+00:00,0.199,False,False,0.0,0.199
2026-03-25 19:30:00+00:00,0.173,False,False,0.0,0.173
2026-03-25 20:00:00+00:00,0.16,False,False,0.0,0.16
2026-03-25 20:30:00+00:00,0.162,False,False,0.0,0.162
2026-03-25 21:00:00+00:00,0.158,False,False,0.0,0.158
2026-03-25 21:30:00+00:00,0.155,False,False,0.0,0.155
2026-03-25 22:00:00+00:00,0.156,False,False,0.0,0.156
2026-03-25 22:30:00+00:00,0.114,False,False,0.0,0.114
2026-03-25 23:00:00+00:00,0.084,True,False,0.0,0.084
2026-03-25 23:30:00+00:00,0.091,True,False,0.0,0.091
2026-03-26 00:00:00+00:00,0.087,True,False,0.0,0.087
2026-03-26 00:30:00+00:00,0.078,True,False,0.0,0.078
2026-03-26 01:00:00+00:00,0.085,True,False,0.0,0.085
2026-03-26 01:30:00+00:00,0.086,True,False,0.0,0.086
2026-03-26 02:00:00+00:00,0.077,True,False,0.0,0.077
2026-03-26 02:30:00+00:00,0.076,True,False,0.0,0.076
2026-03-26 03:00:00+00:00,0.075,True,False,0.0,0.075
2026-03-26 03:30:00+00:00,0.064,True,False,0.0,0.064
2026-03-26 04:00:00+00:00,0.075,True,False,0.0,0.075
2026-03-26 04:30:00+00:00,0.074,True,False,0.0,0.074
2026-03-26 05:00:00+00:00,0.062,False,False,0.0,0.062
2026-03-26 05:30:00+00:00,0.078,False,False,0.0,0.078
2026-03-26 06:00:00+00:00,0.083,False,False,0.0,0.083
2026-03-26 06:30:00+00:00,0.104,False,False,0.0,0.104
2026-03-26 07:00:00+00:00,0.347,False,False,0.0,0.347
2026-03-26 07:30:00+00:00,0.846,False,False,0.0,0.846
2026-03-26 08:00:00+00:00,0.618,False,False,0.0,0.618
2026-03-26 08:30:00+00:00,0.32,False,False,0.0,0.32
2026-03-26 09:00:00+00:00,0.419,False,False,0.0,0.419
2026-03-26 09:30:00+00:00,0.87,False,False,0.0,0.87
2026-03-26 10:00:00+00:00,0.374,False,False,0.0,0.374
2026-03-26 10:30:00+00:00,0.318,False,False,0.0,0.318
2026-03-26 11:00:00+00:00,0.533,False,False,0.0,0.533
2026-03-26 11:30:00+00:00,0.318,False,False,0.0,0.318
2026-03-26 12:00:00+00:00,0.353,False,False,0.0,0.353
2026-03-26 12:30:00+00:00,0.346,False,False,0.0,0.346
2026-03-26 13:00:00+00:00,0.321,False,False,0.0,0.321
2026-03-26 13:30:00+00:00,0.241,False,False,0.0,0.241
2026-03-26 14:00:00+00:00,0.243,False,False,0.0,0.243
2026-03-26 14:30:00+00:00,0.248,False,False,0.0,0.248
2026-03-26 15:00:00+00:00,0.226,False,False,0.0,0.226
2026-03-26 15:30:00+00:00,0.273,False,False,0.0,0.273
2026-03-26 16:00:00+00:00,0.299,False,False,0.0,0.299
2026-03-26 16:30:00+00:00,0.328,False,False,0.0,0.328
2026-03-26 17:00:00+00:00,0.33,False,False,0.0,0.33
2026-03-26 17:30:00+00:00,0.301,False,False,0.0,0.301
2026-03-26 18:00:00+00:00,0.76,False,False,0.0,0.76
2026-03-26 18:30:00+00:00,1.326,False,False,0.0,1.326
2026-03-26 19:00:00+00:00,0.311,False,False,0.0,0.311
2026-03-26 19:30:00+00:00,0.218,False,False,0.0,0.218
2026-03-26 20:00:00+00:00,0.205,False,False,0.0,0.205
2026-03-26 20:30:00+00:00,0.201,False,False,0.0,0.201
2026-03-26 21:00:00+00:00,0.179,False,False,0.0,0.179
2026-03-26 21:30:00+00:00,0.169,False,False,0.0,0.169
2026-03-26 22:00:00+00:00,0.168,False,False,0.0,0.168
2026-03-26 22:30:00+00:00,0.162,False,False,0.0,0.162
2026-03-26 23:00:00+00:00,0.094,True,False,0.0,0.094
2026-03-26 23:30:00+00:00,0.079,True,False,0.0,0.079
2026-03-27 00:00:00+00:00,0.066,True,False,0.0,0.066
2026-03-27 00:30:00+00:00,0.112,True,False,0.0,0.112
2026-03-27 01:00:00+00:00,0.093,True,False,0.0,0.093
2026-03-27 01:30:00+00:00,0.078,True,False,0.0,0.078
2026-03-27 02:00:00+00:00,0.077,True,False,0.0,0.077
2026-03-27 02:30:00+00:00,0.07,True,False,0.0,0.07
2026-03-27 03:00:00+00:00,0.066,True,False,0.0,0.066
2026-03-27 03:30:00+00:00,0.066,True,False,0.0,0.066
2026-03-27 04:00:00+00:00,0.06,True,False,0.0,0.06
2026-03-27 04:30:00+00:00,0.062,True,False,0.0,0.062
2026-03-27 05:00:00+00:00,0.066,False,False,0.0,0.066
2026-03-27 05:30:00+00:00,0.058,False,False,0.0,0.058
2026-03-27 06:00:00+00:00,0.077,False,False,0.0,0.077
2026-03-27 06:30:00+00:00,0.104,False,False,0.0,0.104
2026-03-27 07:00:00+00:00,0.214,False,False,0.0,0.214
2026-03-27 07:30:00+00:00,0.563,False,False,0.0,0.563
2026-03-27 08:00:00+00:00,0.339,False,False,0.0,0.339
2026-03-27 08:30:00+00:00,0.236,False,False,0.0,0.236
2026-03-27 09:00:00+00:00,0.273,False,False,0.0,0.273
2026-03-27 09:30:00+00:00,0.253,False,False,0.0,0.253
2026-03-27 10:00:00+00:00,0.25,False,False,0.0,0.25
2026-03-27 10:30:00+00:00,0.285,False,False,0.0,0.285
2026-03-27 11:00:00+00:00,0.253,False,False,0.0,0.253
2026-03-27 11:30:00+00:00,0.164,False,False,0.0,0.164
2026-03-27 12:00:00+00:00,0.293,False,False,0.0,0.293
2026-03-27 12:30:00+00:00,0.275,False,False,0.0,0.275
2026-03-27 13:00:00+00:00,0.352,False,False,0.0,0.352
2026-03-27 13:30:00+00:00,0.256,False,False,0.0,0.256
2026-03-27 14:00:00+00:00,0.157,False,False,0.0,0.157
2026-03-27 14:30:00+00:00,0.123,False,False,0.0,0.123
2026-03-27 15:00:00+00:00,0.181,False,False,0.0,0.181
2026-03-27 15:30:00+00:00,0.19,False,False,0.0,0.19
2026-03-27 16:00:00+00:00,0.482,False,False,0.0,0.482
2026-03-27 16:30:00+00:00,0.549,False,False,0.0,0.549
2026-03-27 17:00:00+00:00,0.295,False,False,0.0,0.295
2026-03-27 17:30:00+00:00,0.232,False,False,0.0,0.232
2026-03-27 18:00:00+00:00,0.685,False,False,0.0,0.685
2026-03-27 18:30:00+00:00,0.219,False,False,0.0,0.219
2026-03-27 19:00:00+00:00,0.184,False,False,0.0,0.184
2026-03-27 19:30:00+00:00,0.2,False,False,0.0,0.2
2026-03-27 20:00:00+00:00,0.156,False,False,0.0,0.156
2026-03-27 20:30:00+00:00,0.157,False,False,0.0,0.157
2026-03-27 21:00:00+00:00,0.166,False,False,0.0,0.166
2026-03-27 21:30:00+00:00,0.158,False,False,0.0,0.158
2026-03-27 22:00:00+00:00,0.145,False,False,0.0,0.145
2026-03-27 22:30:00+00:00,0.148,False,False,0.0,0.148
2026-03-27 23:00:00+00:00,0.163,True,False,0.0,0.163
2026-03-27 23:30:00+00:00,0.155,True,False,0.0,0.155
2026-03-28 00:00:00+00:00,0.13,True,False,0.0,0.13
2026-03-28 00:30:00+00:00,0.125,True,False,0.0,0.125
2026-03-28 01:00:00+00:00,0.123,True,False,0.0,0.123
2026-03-28 01:30:00+00:00,0.124,True,False,0.0,0.124
2026-03-28 02:00:00+00:00,0.122,True,False,0.0,0.122
2026-03-28 02:30:00+00:00,0.114,True,False,0.0,0.114
2026-03-28 03:00:00+00:00,0.11,True,False,0.0,0.11
2026-03-28 03:30:00+00:00,0.111,True,False,0.0,0.111
2026-03-28 04:00:00+00:00,0.111,True,False,0.0,0.111
2026-03-28 04:30:00+00:00,0.109,True,False,0.0,0.109
2026-03-28 05:00:00+00:00,0.109,False,False,0.0,0.109
2026-03-28 05:30:00+00:00,0.118,False,False,0.0,0.118
2026-03-28 06:00:00+00:00,0.149,False,False,0.0,0.149
2026-03-28 06:30:00+00:00,0.12,False,False,0.0,0.12
2026-03-28 07:00:00+00:00,0.163,False,False,0.0,0.163
2026-03-28 07:30:00+00:00,0.422,False,False,0.0,0.422
2026-03-28 08:00:00+00:00,0.203,False,False,0.0,0.203
2026-03-28 08:30:00+00:00,0.444,False,False,0.0,0.444
2026-03-28 09:00:00+00:00,0.755,False,False,0.0,0.755
2026-03-28 09:30:00+00:00,0.571,False,False,0.0,0.571
2026-03-28 10:00:00+00:00,0.224,False,False,0.0,0.224
2026-03-28 10:30:00+00:00,0.211,False,False,0.0,0.211
2026-03-28 11:00:00+00:00,0.165,False,False,0.0,0.165
2026-03-28 11:30:00+00:00,0.243,False,False,0.0,0.243
2026-03-28 12:00:00+00:00,0.192,False,False,0.0,0.192
2026-03-28 12:30:00+00:00,0.192,False,False,0.0,0.192
2026-03-28 13:00:00+00:00,0.679,False,False,0.0,0.679
2026-03-28 13:30:00+00:00,0.613,False,False,0.0,0.613
2026-03-28 14:00:00+00:00,0.273,False,False,0.0,0.273
2026-03-28 14:30:00+00:00,0.275,False,False,0.0,0.275
2026-03-28 15:00:00+00:00,0.226,False,False,0.0,0.226
2026-03-28 15:30:00+00:00,0.321,False,False,0.0,0.321
2026-03-28 16:00:00+00:00,1.016,False,False,0.0,1.016
2026-03-28 16:30:00+00:00,0.932,False,False,0.0,0.932
2026-03-28 17:00:00+00:00,0.7,False,False,0.0,0.7
2026-03-28 17:30:00+00:00,0.725,False,False,0.0,0.725
2026-03-28 18:00:00+00:00,0.422,False,False,0.0,0.422
2026-03-28 18:30:00+00:00,0.64,False,False,0.0,0.64
2026-03-28 19:00:00+00:00,0.41,False,False,0.0,0.41
2026-03-28 19:30:00+00:00,0.216,False,False,0.0,0.216
2026-03-28 20:00:00+00:00,0.56,False,False,0.0,0.56
2026-03-28 20:30:00+00:00,0.383,False,False,0.0,0.383
2026-03-28 21:00:00+00:00,0.181,False,False,0.0,0.181
2026-03-28 21:30:00+00:00,0.191,False,False,0.0,0.191
2026-03-28 22:00:00+00:00,0.267,False,False,0.0,0.267
2026-03-28 22:30:00+00:00,0.265,False,False,0.0,0.265
2026-03-28 23:00:00+00:00,0.267,True,False,0.0,0.267
2026-03-28 23:30:00+00:00,3.92,True,True,3.816,0.10400000000000009
2026-03-29 00:00:00+00:00,3.536,True,True,3.441,0.0950000000000002
2026-03-29 00:30:00+00:00,0.086,True,False,0.0,0.086
2026-03-29 02:00:00+01:00,0.089,True,False,0.0,0.089
2026-03-29 02:30:00+01:00,0.078,True,False,0.0,0.078
2026-03-29 03:00:00+01:00,3.732,True,True,3.6580000000000004,0.07399999999999984
2026-03-29 03:30:00+01:00,3.767,True,True,3.6919999999999997,0.07500000000000018
2026-03-29 04:00:00+01:00,3.781,True,True,3.7070000000000003,0.07399999999999984
2026-03-29 04:30:00+01:00,3.812,True,True,3.739,0.07299999999999995
2026-03-29 05:00:00+01:00,3.809,False,True,3.736,0.07299999999999995
2026-03-29 05:30:00+01:00,3.809,False,True,3.733,0.07600000000000007
2026-03-29 06:00:00+01:00,3.422,False,True,3.339,0.08300000000000018
2026-03-29 06:30:00+01:00,0.109,False,False,0.0,0.109
2026-03-29 07:00:00+01:00,2.609,False,False,0.0,2.609
2026-03-29 07:30:00+01:00,0.105,False,False,0.0,0.105
2026-03-29 08:00:00+01:00,0.198,False,False,0.0,0.198
2026-03-29 08:30:00+01:00,0.534,False,False,0.0,0.534
2026-03-29 09:00:00+01:00,0.255,False,False,0.0,0.255
2026-03-29 09:30:00+01:00,0.226,False,False,0.0,0.226
2026-03-29 10:00:00+01:00,0.438,False,False,0.0,0.438
2026-03-29 10:30:00+01:00,1.413,False,False,0.0,1.413
2026-03-29 11:00:00+01:00,0.591,False,False,0.0,0.591
2026-03-29 11:30:00+01:00,0.085,False,False,0.0,0.085
2026-03-29 12:00:00+01:00,0.11,False,False,0.0,0.11
2026-03-29 12:30:00+01:00,0.114,False,False,0.0,0.114
2026-03-29 13:00:00+01:00,0.089,False,False,0.0,0.089
2026-03-29 13:30:00+01:00,0.08,False,False,0.0,0.08
2026-03-29 14:00:00+01:00,0.153,False,False,0.0,0.153
2026-03-29 14:30:00+01:00,0.201,False,False,0.0,0.201
2026-03-29 15:00:00+01:00,0.244,False,False,0.0,0.244
2026-03-29 15:30:00+01:00,0.216,False,False,0.0,0.216
2026-03-29 16:00:00+01:00,0.317,False,False,0.0,0.317
2026-03-29 16:30:00+01:00,0.249,False,False,0.0,0.249
2026-03-29 17:00:00+01:00,0.72,False,False,0.0,0.72
2026-03-29 17:30:00+01:00,0.638,False,False,0.0,0.638
2026-03-29 18:00:00+01:00,0.308,False,False,0.0,0.308
2026-03-29 18:30:00+01:00,0.288,False,False,0.0,0.288
2026-03-29 19:00:00+01:00,0.32,False,False,0.0,0.32
2026-03-29 19:30:00+01:00,0.248,False,False,0.0,0.248
2026-03-29 20:00:00+01:00,0.245,False,False,0.0,0.245
2026-03-29 20:30:00+01:00,0.226,False,False,0.0,0.226
2026-03-29 21:00:00+01:00,0.212,False,False,0.0,0.212
2026-03-29 21:30:00+01:00,0.241,False,False,0.0,0.241
2026-03-29 22:00:00+01:00,0.265,False,False,0.0,0.265
2026-03-29 22:30:00+01:00,0.27,False,False,0.0,0.27
2026-03-29 23:00:00+01:00,0.275,True,False,0.0,0.275
2026-03-29 23:30:00+01:00,0.265,True,False,0.0,0.265
2026-03-30 00:00:00+01:00,0.199,True,False,0.0,0.199
2026-03-30 00:30:00+01:00,0.089,True,False,0.0,0.089
2026-03-30 01:00:00+01:00,0.097,True,False,0.0,0.097
2026-03-30 01:30:00+01:00,0.117,True,False,0.0,0.117
2026-03-30 02:00:00+01:00,0.085,True,False,0.0,0.085
2026-03-30 02:30:00+01:00,0.077,True,False,0.0,0.077
2026-03-30 03:00:00+01:00,0.072,True,False,0.0,0.072
2026-03-30 03:30:00+01:00,0.073,True,False,0.0,0.073
2026-03-30 04:00:00+01:00,0.071,True,False,0.0,0.071
2026-03-30 04:30:00+01:00,0.078,True,False,0.0,0.078
2026-03-30 05:00:00+01:00,0.067,False,False,0.0,0.067
2026-03-30 05:30:00+01:00,0.071,False,False,0.0,0.071
2026-03-30 06:00:00+01:00,0.082,False,False,0.0,0.082
2026-03-30 06:30:00+01:00,0.107,False,False,0.0,0.107
2026-03-30 07:00:00+01:00,0.113,False,False,0.0,0.113
2026-03-30 07:30:00+01:00,0.463,False,False,0.0,0.463
2026-03-30 08:00:00+01:00,0.427,False,False,0.0,0.427
2026-03-30 08:30:00+01:00,0.412,False,False,0.0,0.412
2026-03-30 09:00:00+01:00,0.812,False,False,0.0,0.812
2026-03-30 09:30:00+01:00,0.665,False,False,0.0,0.665
2026-03-30 10:00:00+01:00,0.258,False,False,0.0,0.258
2026-03-30 10:30:00+01:00,0.709,False,False,0.0,0.709
2026-03-30 11:00:00+01:00,0.364,False,False,0.0,0.364
2026-03-30 11:30:00+01:00,0.164,False,False,0.0,0.164
2026-03-30 12:00:00+01:00,0.222,False,False,0.0,0.222
2026-03-30 12:30:00+01:00,0.296,False,False,0.0,0.296
2026-03-30 13:00:00+01:00,0.199,False,False,0.0,0.199
2026-03-30 13:30:00+01:00,0.684,False,False,0.0,0.684
2026-03-30 14:00:00+01:00,0.622,False,False,0.0,0.622
2026-03-30 14:30:00+01:00,0.655,False,False,0.0,0.655
2026-03-30 15:00:00+01:00,0.637,False,False,0.0,0.637
2026-03-30 15:30:00+01:00,1.695,False,False,0.0,1.695
2026-03-30 16:00:00+01:00,1.247,False,False,0.0,1.247
2026-03-30 16:30:00+01:00,0.512,False,False,0.0,0.512
2026-03-30 17:00:00+01:00,0.783,False,False,0.0,0.783
2026-03-30 17:30:00+01:00,0.736,False,False,0.0,0.736
2026-03-30 18:00:00+01:00,0.275,False,False,0.0,0.275
2026-03-30 18:30:00+01:00,0.221,False,False,0.0,0.221
2026-03-30 19:00:00+01:00,0.188,False,False,0.0,0.188
2026-03-30 19:30:00+01:00,0.187,False,False,0.0,0.187
2026-03-30 20:00:00+01:00,0.6,False,False,0.0,0.6
2026-03-30 20:30:00+01:00,0.185,False,False,0.0,0.185
2026-03-30 21:00:00+01:00,0.245,False,False,0.0,0.245
2026-03-30 21:30:00+01:00,0.172,False,False,0.0,0.172
2026-03-30 22:00:00+01:00,0.412,False,False,0.0,0.412
2026-03-30 22:30:00+01:00,0.092,False,False,0.0,0.092
2026-03-30 23:00:00+01:00,0.088,True,False,0.0,0.088
2026-03-30 23:30:00+01:00,0.086,True,False,0.0,0.086
2026-03-31 00:00:00+01:00,0.08,True,False,0.0,0.08
2026-03-31 00:30:00+01:00,0.09,True,False,0.0,0.09
2026-03-31 01:00:00+01:00,0.075,True,False,0.0,0.075
2026-03-31 01:30:00+01:00,0.078,True,False,0.0,0.078
2026-03-31 02:00:00+01:00,0.079,True,False,0.0,0.079
2026-03-31 02:30:00+01:00,0.072,True,False,0.0,0.072
2026-03-31 03:00:00+01:00,0.058,True,False,0.0,0.058
2026-03-31 03:30:00+01:00,0.07,True,False,0.0,0.07
2026-03-31 04:00:00+01:00,0.069,True,False,0.0,0.069
2026-03-31 04:30:00+01:00,0.064,True,False,0.0,0.064
2026-03-31 05:00:00+01:00,0.06,False,False,0.0,0.06
2026-03-31 05:30:00+01:00,0.072,False,False,0.0,0.072
2026-03-31 06:00:00+01:00,0.08,False,False,0.0,0.08
2026-03-31 06:30:00+01:00,0.092,False,False,0.0,0.092
2026-03-31 07:00:00+01:00,0.369,False,False,0.0,0.369
2026-03-31 07:30:00+01:00,0.265,False,False,0.0,0.265
2026-03-31 08:00:00+01:00,0.248,False,False,0.0,0.248
2026-03-31 08:30:00+01:00,0.158,False,False,0.0,0.158
2026-03-31 09:00:00+01:00,0.099,False,False,0.0,0.099
2026-03-31 09:30:00+01:00,0.095,False,False,0.0,0.095
2026-03-31 10:00:00+01:00,0.084,False,False,0.0,0.084
2026-03-31 10:30:00+01:00,0.095,False,False,0.0,0.095
2026-03-31 11:00:00+01:00,0.096,False,False,0.0,0.096
2026-03-31 11:30:00+01:00,0.09,False,False,0.0,0.09
2026-03-31 12:00:00+01:00,0.111,False,False,0.0,0.111
2026-03-31 12:30:00+01:00,0.119,False,False,0.0,0.119
2026-03-31 13:00:00+01:00,0.098,False,False,0.0,0.098
2026-03-31 13:30:00+01:00,0.082,False,False,0.0,0.082
2026-03-31 14:00:00+01:00,0.096,False,False,0.0,0.096
2026-03-31 14:30:00+01:00,0.095,False,False,0.0,0.095
2026-03-31 15:00:00+01:00,0.082,False,False,0.0,0.082
2026-03-31 15:30:00+01:00,0.267,False,False,0.0,0.267
2026-03-31 16:00:00+01:00,0.937,False,False,0.0,0.937
2026-03-31 16:30:00+01:00,0.248,False,False,0.0,0.248
2026-03-31 17:00:00+01:00,0.243,False,False,0.0,0.243
2026-03-31 17:30:00+01:00,0.234,False,False,0.0,0.234
2026-03-31 18:00:00+01:00,0.376,False,False,0.0,0.376
2026-03-31 18:30:00+01:00,0.245,False,False,0.0,0.245
2026-03-31 19:00:00+01:00,0.265,False,False,0.0,0.265
2026-03-31 19:30:00+01:00,0.232,False,False,0.0,0.232
2026-03-31 20:00:00+01:00,0.673,False,False,0.0,0.673
2026-03-31 20:30:00+01:00,0.294,False,False,0.0,0.294
2026-03-31 21:00:00+01:00,0.352,False,False,0.0,0.352
2026-03-31 21:30:00+01:00,0.327,False,False,0.0,0.327
2026-03-31 22:00:00+01:00,0.614,False,False,0.0,0.614
2026-03-31 22:30:00+01:00,0.309,False,False,0.0,0.309
2026-03-31 23:00:00+01:00,0.288,True,False,0.0,0.288
2026-03-31 23:30:00+01:00,0.303,True,False,0.0,0.303
2026-04-01 00:00:00+01:00,0.282,True,False,0.0,0.282
2026-04-01 00:30:00+01:00,0.087,True,False,0.0,0.087
2026-04-01 01:00:00+01:00,0.083,True,False,0.0,0.083
2026-04-01 01:30:00+01:00,0.081,True,False,0.0,0.081
2026-04-01 02:00:00+01:00,0.081,True,False,0.0,0.081
2026-04-01 02:30:00+01:00,0.073,True,False,0.0,0.073
2026-04-01 03:00:00+01:00,0.07,True,False,0.0,0.07
2026-04-01 03:30:00+01:00,0.085,True,False,0.0,0.085
2026-04-01 04:00:00+01:00,0.057,True,False,0.0,0.057
2026-04-01 04:30:00+01:00,0.07,True,False,0.0,0.07
2026-04-01 05:00:00+01:00,0.069,False,False,0.0,0.069
2026-04-01 05:30:00+01:00,0.068,False,False,0.0,0.068
2026-04-01 06:00:00+01:00,0.071,False,False,0.0,0.071
2026-04-01 06:30:00+01:00,0.102,False,False,0.0,0.102
2026-04-01 07:00:00+01:00,0.382,False,False,0.0,0.382
2026-04-01 07:30:00+01:00,0.614,False,False,0.0,0.614
2026-04-01 08:00:00+01:00,0.503,False,False,0.0,0.503
2026-04-01 08:30:00+01:00,0.281,False,False,0.0,0.281
2026-04-01 09:00:00+01:00,0.353,False,False,0.0,0.353
2026-04-01 09:30:00+01:00,0.252,False,False,0.0,0.252
2026-04-01 10:00:00+01:00,0.205,False,False,0.0,0.205
2026-04-01 10:30:00+01:00,0.249,False,False,0.0,0.249
2026-04-01 11:00:00+01:00,0.238,False,False,0.0,0.238
2026-04-01 11:30:00+01:00,0.134,False,False,0.0,0.134
2026-04-01 12:00:00+01:00,0.256,False,False,0.0,0.256
2026-04-01 12:30:00+01:00,0.14,False,False,0.0,0.14
2026-04-01 13:00:00+01:00,0.12,False,False,0.0,0.12
2026-04-01 13:30:00+01:00,0.128,False,False,0.0,0.128
2026-04-01 14:00:00+01:00,0.132,False,False,0.0,0.132
2026-04-01 14:30:00+01:00,0.184,False,False,0.0,0.184
2026-04-01 15:00:00+01:00,0.127,False,False,0.0,0.127
2026-04-01 15:30:00+01:00,0.162,False,False,0.0,0.162
2026-04-01 16:00:00+01:00,1.154,False,False,0.0,1.154
2026-04-01 16:30:00+01:00,1.277,False,False,0.0,1.277
2026-04-01 17:00:00+01:00,0.246,False,False,0.0,0.246
2026-04-01 17:30:00+01:00,0.367,False,False,0.0,0.367
2026-04-01 18:00:00+01:00,0.674,False,False,0.0,0.674
2026-04-01 18:30:00+01:00,0.693,False,False,0.0,0.693
2026-04-01 19:00:00+01:00,0.579,False,False,0.0,0.579
2026-04-01 19:30:00+01:00,0.291,False,False,0.0,0.291
2026-04-01 20:00:00+01:00,0.564,False,False,0.0,0.564
2026-04-01 20:30:00+01:00,0.526,False,False,0.0,0.526
2026-04-01 21:00:00+01:00,0.183,False,False,0.0,0.183
2026-04-01 21:30:00+01:00,0.164,False,False,0.0,0.164
2026-04-01 22:00:00+01:00,0.082,False,False,0.0,0.082
2026-04-01 22:30:00+01:00,0.089,False,False,0.0,0.089
2026-04-01 23:00:00+01:00,0.084,True,False,0.0,0.084
2026-04-01 23:30:00+01:00,0.082,True,False,0.0,0.082
2026-04-02 00:00:00+01:00,0.072,True,False,0.0,0.072
2026-04-02 00:30:00+01:00,0.081,True,False,0.0,0.081
2026-04-02 01:00:00+01:00,0.082,True,False,0.0,0.082
2026-04-02 01:30:00+01:00,0.081,True,False,0.0,0.081
2026-04-02 02:00:00+01:00,0.071,True,False,0.0,0.071
2026-04-02 02:30:00+01:00,0.073,True,False,0.0,0.073
2026-04-02 03:00:00+01:00,0.072,True,False,0.0,0.072
2026-04-02 03:30:00+01:00,0.07,True,False,0.0,0.07
2026-04-02 04:00:00+01:00,0.058,True,False,0.0,0.058
2026-04-02 04:30:00+01:00,0.072,True,False,0.0,0.072
2026-04-02 05:00:00+01:00,0.07,False,False,0.0,0.07
2026-04-02 05:30:00+01:00,0.069,False,False,0.0,0.069
2026-04-02 06:00:00+01:00,0.075,False,False,0.0,0.075
2026-04-02 06:30:00+01:00,0.102,False,False,0.0,0.102
2026-04-02 07:00:00+01:00,0.162,False,False,0.0,0.162
2026-04-02 07:30:00+01:00,0.352,False,False,0.0,0.352
2026-04-02 08:00:00+01:00,0.234,False,False,0.0,0.234
2026-04-02 08:30:00+01:00,0.279,False,False,0.0,0.279
2026-04-02 09:00:00+01:00,0.179,False,False,0.0,0.179
2026-04-02 09:30:00+01:00,0.159,False,False,0.0,0.159
2026-04-02 10:00:00+01:00,0.237,False,False,0.0,0.237
2026-04-02 10:30:00+01:00,0.179,False,False,0.0,0.179
2026-04-02 11:00:00+01:00,0.145,False,False,0.0,0.145
2026-04-02 11:30:00+01:00,0.689,False,False,0.0,0.689
2026-04-02 12:00:00+01:00,1.908,False,False,0.0,1.908
2026-04-02 12:30:00+01:00,0.908,False,False,0.0,0.908
2026-04-02 13:00:00+01:00,0.281,False,False,0.0,0.281
2026-04-02 13:30:00+01:00,0.31,False,False,0.0,0.31
2026-04-02 14:00:00+01:00,0.247,False,False,0.0,0.247
2026-04-02 14:30:00+01:00,1.194,False,False,0.0,1.194
2026-04-02 15:00:00+01:00,0.98,False,False,0.0,0.98
2026-04-02 15:30:00+01:00,0.44,False,False,0.0,0.44
2026-04-02 16:00:00+01:00,0.431,False,False,0.0,0.431
2026-04-02 16:30:00+01:00,0.284,False,False,0.0,0.284
2026-04-02 17:00:00+01:00,0.255,False,False,0.0,0.255
2026-04-02 17:30:00+01:00,0.465,False,False,0.0,0.465
2026-04-02 18:00:00+01:00,0.265,False,False,0.0,0.265
2026-04-02 18:30:00+01:00,0.34,False,False,0.0,0.34
2026-04-02 19:00:00+01:00,0.343,False,False,0.0,0.343
2026-04-02 19:30:00+01:00,0.875,False,False,0.0,0.875
2026-04-02 20:00:00+01:00,0.445,False,False,0.0,0.445
2026-04-02 20:30:00+01:00,0.194,False,False,0.0,0.194
2026-04-02 21:00:00+01:00,0.873,False,False,0.0,0.873
2026-04-02 21:30:00+01:00,0.156,False,False,0.0,0.156
2026-04-02 22:00:00+01:00,2.487,False,False,0.0,2.487
2026-04-02 22:30:00+01:00,0.135,False,False,0.0,0.135
2026-04-02 23:00:00+01:00,0.125,True,False,0.0,0.125
2026-04-02 23:30:00+01:00,0.125,True,False,0.0,0.125
2026-04-03 00:00:00+01:00,0.125,True,False,0.0,0.125
2026-04-03 00:30:00+01:00,0.082,True,False,0.0,0.082
2026-04-03 01:00:00+01:00,3.743,True,True,3.655,0.08800000000000008
2026-04-03 01:30:00+01:00,0.081,True,False,0.0,0.081
2026-04-03 02:00:00+01:00,0.079,True,False,0.0,0.079
2026-04-03 02:30:00+01:00,3.729,True,True,3.6510000000000002,0.07799999999999985
2026-04-03 03:00:00+01:00,3.505,True,True,3.431,0.07399999999999984
2026-04-03 03:30:00+01:00,3.803,True,True,3.7279999999999998,0.07500000000000018
2026-04-03 04:00:00+01:00,3.807,True,True,3.733,0.07399999999999984
2026-04-03 04:30:00+01:00,3.802,True,True,3.729,0.07299999999999995
2026-04-03 05:00:00+01:00,2.664,False,False,0.0,2.664
2026-04-03 05:30:00+01:00,0.069,False,False,0.0,0.069
2026-04-03 06:00:00+01:00,0.07,False,False,0.0,0.07
2026-04-03 06:30:00+01:00,0.105,False,False,0.0,0.105
2026-04-03 07:00:00+01:00,0.264,False,False,0.0,0.264
2026-04-03 07:30:00+01:00,0.322,False,False,0.0,0.322
2026-04-03 08:00:00+01:00,0.226,False,False,0.0,0.226
2026-04-03 08:30:00+01:00,0.553,False,False,0.0,0.553
2026-04-03 09:00:00+01:00,0.322,False,False,0.0,0.322
2026-04-03 09:30:00+01:00,0.372,False,False,0.0,0.372
2026-04-03 10:00:00+01:00,0.265,False,False,0.0,0.265
2026-04-03 10:30:00+01:00,0.376,False,False,0.0,0.376
2026-04-03 11:00:00+01:00,0.556,False,False,0.0,0.556
2026-04-03 11:30:00+01:00,1.073,False,False,0.0,1.073
2026-04-03 12:00:00+01:00,1.051,False,False,0.0,1.051
2026-04-03 12:30:00+01:00,0.348,False,False,0.0,0.348
2026-04-03 13:00:00+01:00,0.327,False,False,0.0,0.327
2026-04-03 13:30:00+01:00,0.247,False,False,0.0,0.247
2026-04-03 14:00:00+01:00,0.088,False,False,0.0,0.088
2026-04-03 14:30:00+01:00,0.092,False,False,0.0,0.092
2026-04-03 15:00:00+01:00,0.074,False,False,0.0,0.074
2026-04-03 15:30:00+01:00,0.107,False,False,0.0,0.107
2026-04-03 16:00:00+01:00,0.107,False,False,0.0,0.107
2026-04-03 16:30:00+01:00,0.1,False,False,0.0,0.1
2026-04-03 17:00:00+01:00,0.566,False,False,0.0,0.566
2026-04-03 17:30:00+01:00,0.905,False,False,0.0,0.905
2026-04-03 18:00:00+01:00,0.932,False,False,0.0,0.932
2026-04-03 18:30:00+01:00,0.243,False,False,0.0,0.243
2026-04-03 19:00:00+01:00,0.212,False,False,0.0,0.212
2026-04-03 19:30:00+01:00,0.593,False,False,0.0,0.593
2026-04-03 20:00:00+01:00,0.184,False,False,0.0,0.184
2026-04-03 20:30:00+01:00,0.162,False,False,0.0,0.162
2026-04-03 21:00:00+01:00,0.218,False,False,0.0,0.218
2026-04-03 21:30:00+01:00,0.398,False,False,0.0,0.398
2026-04-03 22:00:00+01:00,0.142,False,False,0.0,0.142
2026-04-03 22:30:00+01:00,0.117,False,False,0.0,0.117
2026-04-03 23:00:00+01:00,0.084,True,False,0.0,0.084
2026-04-03 23:30:00+01:00,0.074,True,False,0.0,0.074
2026-04-04 00:00:00+01:00,0.062,True,False,0.0,0.062
2026-04-04 00:30:00+01:00,0.065,True,False,0.0,0.065
2026-04-04 01:00:00+01:00,0.068,True,False,0.0,0.068
2026-04-04 01:30:00+01:00,0.069,True,False,0.0,0.069
2026-04-04 02:00:00+01:00,0.115,True,False,0.0,0.115
2026-04-04 02:30:00+01:00,0.073,True,False,0.0,0.073
2026-04-04 03:00:00+01:00,0.066,True,False,0.0,0.066
2026-04-04 03:30:00+01:00,0.063,True,False,0.0,0.063
2026-04-04 04:00:00+01:00,0.058,True,False,0.0,0.058
2026-04-04 04:30:00+01:00,0.058,True,False,0.0,0.058
2026-04-04 05:00:00+01:00,0.056,False,False,0.0,0.056
2026-04-04 05:30:00+01:00,0.066,False,False,0.0,0.066
2026-04-04 06:00:00+01:00,0.059,False,False,0.0,0.059
2026-04-04 06:30:00+01:00,0.089,False,False,0.0,0.089
2026-04-04 07:00:00+01:00,0.13,False,False,0.0,0.13
2026-04-04 07:30:00+01:00,0.139,False,False,0.0,0.139
2026-04-04 08:00:00+01:00,0.38,False,False,0.0,0.38
2026-04-04 08:30:00+01:00,0.16,False,False,0.0,0.16
2026-04-04 09:00:00+01:00,0.27,False,False,0.0,0.27
2026-04-04 09:30:00+01:00,0.119,False,False,0.0,0.119
2026-04-04 10:00:00+01:00,0.488,False,False,0.0,0.488
2026-04-04 10:30:00+01:00,0.743,False,False,0.0,0.743
2026-04-04 11:00:00+01:00,1.721,False,False,0.0,1.721
2026-04-04 11:30:00+01:00,1.205,False,False,0.0,1.205
2026-04-04 12:00:00+01:00,0.596,False,False,0.0,0.596
2026-04-04 12:30:00+01:00,0.952,False,False,0.0,0.952
2026-04-04 13:00:00+01:00,0.891,False,False,0.0,0.891
2026-04-04 13:30:00+01:00,0.433,False,False,0.0,0.433
2026-04-04 14:00:00+01:00,0.238,False,False,0.0,0.238
2026-04-04 14:30:00+01:00,0.464,False,False,0.0,0.464
2026-04-04 15:00:00+01:00,0.31,False,False,0.0,0.31
2026-04-04 15:30:00+01:00,0.186,False,False,0.0,0.186
2026-04-04 16:00:00+01:00,0.185,False,False,0.0,0.185
2026-04-04 16:30:00+01:00,0.495,False,False,0.0,0.495
2026-04-04 17:00:00+01:00,0.177,False,False,0.0,0.177
2026-04-04 17:30:00+01:00,0.173,False,False,0.0,0.173
2026-04-04 18:00:00+01:00,0.79,False,False,0.0,0.79
2026-04-04 18:30:00+01:00,0.58,False,False,0.0,0.58
2026-04-04 19:00:00+01:00,0.185,False,False,0.0,0.185
2026-04-04 19:30:00+01:00,0.177,False,False,0.0,0.177
2026-04-04 20:00:00+01:00,0.214,False,False,0.0,0.214
2026-04-04 20:30:00+01:00,0.176,False,False,0.0,0.176
2026-04-04 21:00:00+01:00,0.175,False,False,0.0,0.175
2026-04-04 21:30:00+01:00,0.158,False,False,0.0,0.158
2026-04-04 22:00:00+01:00,0.141,False,False,0.0,0.141
2026-04-04 22:30:00+01:00,0.137,False,False,0.0,0.137
2026-04-04 23:00:00+01:00,0.145,True,False,0.0,0.145
2026-04-04 23:30:00+01:00,0.157,True,False,0.0,0.157
2026-04-05 00:00:00+01:00,0.125,True,False,0.0,0.125
2026-04-05 00:30:00+01:00,0.084,True,False,0.0,0.084
2026-04-05 01:00:00+01:00,0.08,True,False,0.0,0.08
2026-04-05 01:30:00+01:00,0.08,True,False,0.0,0.08
2026-04-05 02:00:00+01:00,0.082,True,False,0.0,0.082
2026-04-05 02:30:00+01:00,0.072,True,False,0.0,0.072
2026-04-05 03:00:00+01:00,0.071,True,False,0.0,0.071
2026-04-05 03:30:00+01:00,0.056,True,False,0.0,0.056
2026-04-05 04:00:00+01:00,0.07,True,False,0.0,0.07
2026-04-05 04:30:00+01:00,0.068,True,False,0.0,0.068
2026-04-05 05:00:00+01:00,0.067,False,False,0.0,0.067
2026-04-05 05:30:00+01:00,0.058,False,False,0.0,0.058
2026-04-05 06:00:00+01:00,0.08,False,False,0.0,0.08
2026-04-05 06:30:00+01:00,0.099,False,False,0.0,0.099
2026-04-05 07:00:00+01:00,0.105,False,False,0.0,0.105
2026-04-05 07:30:00+01:00,0.185,False,False,0.0,0.185
2026-04-05 08:00:00+01:00,0.435,False,False,0.0,0.435
2026-04-05 08:30:00+01:00,0.276,False,False,0.0,0.276
2026-04-05 09:00:00+01:00,0.498,False,False,0.0,0.498
2026-04-05 09:30:00+01:00,0.263,False,False,0.0,0.263
2026-04-05 10:00:00+01:00,0.601,False,False,0.0,0.601
2026-04-05 10:30:00+01:00,0.131,False,False,0.0,0.131
2026-04-05 11:00:00+01:00,0.136,False,False,0.0,0.136
2026-04-05 11:30:00+01:00,0.136,False,False,0.0,0.136
2026-04-05 12:00:00+01:00,0.155,False,False,0.0,0.155
2026-04-05 12:30:00+01:00,0.15,False,False,0.0,0.15
2026-04-05 13:00:00+01:00,0.137,False,False,0.0,0.137
2026-04-05 13:30:00+01:00,0.075,False,False,0.0,0.075
2026-04-05 14:00:00+01:00,0.064,False,False,0.0,0.064
2026-04-05 14:30:00+01:00,0.064,False,False,0.0,0.064
2026-04-05 15:00:00+01:00,0.072,False,False,0.0,0.072
2026-04-05 15:30:00+01:00,0.094,False,False,0.0,0.094
2026-04-05 16:00:00+01:00,0.171,False,False,0.0,0.171
2026-04-05 16:30:00+01:00,0.381,False,False,0.0,0.381
2026-04-05 17:00:00+01:00,0.775,False,False,0.0,0.775
2026-04-05 17:30:00+01:00,0.75,False,False,0.0,0.75
2026-04-05 18:00:00+01:00,0.725,False,False,0.0,0.725
2026-04-05 18:30:00+01:00,0.255,False,False,0.0,0.255
2026-04-05 19:00:00+01:00,0.249,False,False,0.0,0.249
2026-04-05 19:30:00+01:00,0.242,False,False,0.0,0.242
2026-04-05 20:00:00+01:00,0.225,False,False,0.0,0.225
2026-04-05 20:30:00+01:00,0.695,False,False,0.0,0.695
2026-04-05 21:00:00+01:00,0.304,False,False,0.0,0.304
2026-04-05 21:30:00+01:00,0.269,False,False,0.0,0.269
2026-04-05 22:00:00+01:00,0.348,False,False,0.0,0.348
2026-04-05 22:30:00+01:00,0.507,False,False,0.0,0.507
2026-04-05 23:00:00+01:00,0.201,True,False,0.0,0.201
2026-04-05 23:30:00+01:00,0.157,True,False,0.0,0.157
2026-04-06 00:00:00+01:00,0.105,True,False,0.0,0.105
2026-04-06 00:30:00+01:00,0.087,True,False,0.0,0.087
2026-04-06 01:00:00+01:00,0.106,True,False,0.0,0.106
2026-04-06 01:30:00+01:00,0.117,True,False,0.0,0.117
2026-04-06 02:00:00+01:00,0.084,True,False,0.0,0.084
2026-04-06 02:30:00+01:00,0.073,True,False,0.0,0.073
2026-04-06 03:00:00+01:00,0.069,True,False,0.0,0.069
2026-04-06 03:30:00+01:00,0.068,True,False,0.0,0.068
2026-04-06 04:00:00+01:00,0.07,True,False,0.0,0.07
2026-04-06 04:30:00+01:00,0.074,True,False,0.0,0.074
2026-04-06 05:00:00+01:00,0.055,False,False,0.0,0.055
2026-04-06 05:30:00+01:00,0.073,False,False,0.0,0.073
2026-04-06 06:00:00+01:00,0.079,False,False,0.0,0.079
2026-04-06 06:30:00+01:00,0.099,False,False,0.0,0.099
2026-04-06 07:00:00+01:00,0.129,False,False,0.0,0.129
2026-04-06 07:30:00+01:00,0.395,False,False,0.0,0.395
2026-04-06 08:00:00+01:00,0.181,False,False,0.0,0.181
2026-04-06 08:30:00+01:00,0.212,False,False,0.0,0.212
2026-04-06 09:00:00+01:00,0.338,False,False,0.0,0.338
2026-04-06 09:30:00+01:00,0.337,False,False,0.0,0.337
2026-04-06 10:00:00+01:00,0.149,False,False,0.0,0.149
2026-04-06 10:30:00+01:00,1.234,False,False,0.0,1.234
2026-04-06 11:00:00+01:00,1.327,False,False,0.0,1.327
2026-04-06 11:30:00+01:00,1.383,False,False,0.0,1.383
2026-04-06 12:00:00+01:00,0.401,False,False,0.0,0.401
2026-04-06 12:30:00+01:00,0.174,False,False,0.0,0.174
2026-04-06 13:00:00+01:00,0.097,False,False,0.0,0.097
2026-04-06 13:30:00+01:00,0.119,False,False,0.0,0.119
2026-04-06 14:00:00+01:00,0.134,False,False,0.0,0.134
2026-04-06 14:30:00+01:00,0.321,False,False,0.0,0.321
2026-04-06 15:00:00+01:00,0.15,False,False,0.0,0.15
2026-04-06 15:30:00+01:00,0.328,False,False,0.0,0.328
2026-04-06 16:00:00+01:00,0.982,False,False,0.0,0.982
2026-04-06 16:30:00+01:00,0.534,False,False,0.0,0.534
2026-04-06 17:00:00+01:00,0.267,False,False,0.0,0.267
2026-04-06 17:30:00+01:00,1.264,False,False,0.0,1.264
2026-04-06 18:00:00+01:00,1.417,False,False,0.0,1.417
2026-04-06 18:30:00+01:00,0.701,False,False,0.0,0.701
2026-04-06 19:00:00+01:00,0.638,False,False,0.0,0.638
2026-04-06 19:30:00+01:00,0.521,False,False,0.0,0.521
2026-04-06 20:00:00+01:00,0.42,False,False,0.0,0.42
2026-04-06 20:30:00+01:00,0.364,False,False,0.0,0.364
2026-04-06 21:00:00+01:00,0.353,False,False,0.0,0.353
2026-04-06 21:30:00+01:00,0.349,False,False,0.0,0.349
2026-04-06 22:00:00+01:00,0.268,False,False,0.0,0.268
2026-04-06 22:30:00+01:00,0.265,False,False,0.0,0.265
2026-04-06 23:00:00+01:00,0.214,True,False,0.0,0.214
2026-04-06 23:30:00+01:00,0.153,True,False,0.0,0.153
2026-04-07 00:00:00+01:00,0.072,True,False,0.0,0.072
2026-04-07 00:30:00+01:00,0.079,True,False,0.0,0.079
2026-04-07 01:00:00+01:00,0.079,True,False,0.0,0.079
2026-04-07 01:30:00+01:00,0.078,True,False,0.0,0.078
2026-04-07 02:00:00+01:00,0.079,True,False,0.0,0.079
2026-04-07 02:30:00+01:00,0.072,True,False,0.0,0.072
2026-04-07 03:00:00+01:00,0.068,True,False,0.0,0.068
2026-04-07 03:30:00+01:00,0.055,True,False,0.0,0.055
2026-04-07 04:00:00+01:00,0.069,True,False,0.0,0.069
2026-04-07 04:30:00+01:00,0.068,True,False,0.0,0.068
2026-04-07 05:00:00+01:00,0.06,False,False,0.0,0.06
2026-04-07 05:30:00+01:00,0.066,False,False,0.0,0.066
2026-04-07 06:00:00+01:00,0.079,False,False,0.0,0.079
2026-04-07 06:30:00+01:00,0.102,False,False,0.0,0.102
2026-04-07 07:00:00+01:00,0.378,False,False,0.0,0.378
2026-04-07 07:30:00+01:00,0.311,False,False,0.0,0.311
2026-04-07 08:00:00+01:00,1.097,False,False,0.0,1.097
2026-04-07 08:30:00+01:00,1.288,False,False,0.0,1.288
2026-04-07 09:00:00+01:00,1.227,False,False,0.0,1.227
2026-04-07 09:30:00+01:00,1.337,False,False,0.0,1.337
2026-04-07 10:00:00+01:00,0.296,False,False,0.0,0.296
2026-04-07 10:30:00+01:00,0.097,False,False,0.0,0.097
2026-04-07 11:00:00+01:00,0.071,False,False,0.0,0.071
2026-04-07 11:30:00+01:00,0.073,False,False,0.0,0.073
2026-04-07 12:00:00+01:00,0.117,False,False,0.0,0.117
2026-04-07 12:30:00+01:00,0.155,False,False,0.0,0.155
2026-04-07 13:00:00+01:00,0.107,False,False,0.0,0.107
2026-04-07 13:30:00+01:00,0.132,False,False,0.0,0.132
2026-04-07 14:00:00+01:00,0.09,False,False,0.0,0.09
2026-04-07 14:30:00+01:00,0.202,False,False,0.0,0.202
2026-04-07 15:00:00+01:00,0.085,False,False,0.0,0.085
2026-04-07 15:30:00+01:00,0.114,False,False,0.0,0.114
2026-04-07 16:00:00+01:00,0.179,False,False,0.0,0.179
2026-04-07 16:30:00+01:00,0.232,False,False,0.0,0.232
2026-04-07 17:00:00+01:00,0.816,False,False,0.0,0.816
2026-04-07 17:30:00+01:00,0.548,False,False,0.0,0.548
2026-04-07 18:00:00+01:00,0.231,False,False,0.0,0.231
2026-04-07 18:30:00+01:00,0.202,False,False,0.0,0.202
2026-04-07 19:00:00+01:00,0.165,False,False,0.0,0.165
2026-04-07 19:30:00+01:00,0.172,False,False,0.0,0.172
2026-04-07 20:00:00+01:00,0.141,False,False,0.0,0.141
2026-04-07 20:30:00+01:00,0.174,False,False,0.0,0.174
2026-04-07 21:00:00+01:00,0.599,False,False,0.0,0.599
2026-04-07 21:30:00+01:00,0.157,False,False,0.0,0.157
2026-04-07 22:00:00+01:00,0.158,False,False,0.0,0.158
2026-04-07 22:30:00+01:00,0.292,False,False,0.0,0.292
2026-04-07 23:00:00+01:00,0.331,True,False,0.0,0.331
2026-04-07 23:30:00+01:00,3.709,True,True,3.605,0.10400000000000009
2026-04-08 00:00:00+01:00,3.827,True,True,3.7319999999999998,0.0950000000000002
2026-04-08 00:30:00+01:00,3.862,True,True,3.7720000000000002,0.08999999999999986
2026-04-08 01:00:00+01:00,3.815,True,True,3.727,0.08800000000000008
2026-04-08 01:30:00+01:00,3.81,True,True,3.724,0.08599999999999985
2026-04-08 02:00:00+01:00,3.805,True,True,3.72,0.08499999999999996
2026-04-08 02:30:00+01:00,3.814,True,True,3.736,0.07799999999999985
2026-04-08 03:00:00+01:00,3.828,True,True,3.754,0.07399999999999984
2026-04-08 03:30:00+01:00,3.813,True,True,3.738,0.07500000000000018
2026-04-08 04:00:00+01:00,0.076,True,False,0.0,0.076
2026-04-08 04:30:00+01:00,0.062,True,False,0.0,0.062
2026-04-08 05:00:00+01:00,0.068,False,False,0.0,0.068
2026-04-08 05:30:00+01:00,0.072,False,False,0.0,0.072
2026-04-08 06:00:00+01:00,0.074,False,False,0.0,0.074
2026-04-08 06:30:00+01:00,0.093,False,False,0.0,0.093
2026-04-08 07:00:00+01:00,0.387,False,False,0.0,0.387
2026-04-08 07:30:00+01:00,0.369,False,False,0.0,0.369
2026-04-08 08:00:00+01:00,0.294,False,False,0.0,0.294
2026-04-08 08:30:00+01:00,0.547,False,False,0.0,0.547
2026-04-08 09:00:00+01:00,0.401,False,False,0.0,0.401
2026-04-08 09:30:00+01:00,0.086,False,False,0.0,0.086
2026-04-08 10:00:00+01:00,0.074,False,False,0.0,0.074
2026-04-08 10:30:00+01:00,0.105,False,False,0.0,0.105
2026-04-08 11:00:00+01:00,0.12,False,False,0.0,0.12
2026-04-08 11:30:00+01:00,0.099,False,False,0.0,0.099
2026-04-08 12:00:00+01:00,0.083,False,False,0.0,0.083
2026-04-08 12:30:00+01:00,0.091,False,False,0.0,0.091
2026-04-08 13:00:00+01:00,0.081,False,False,0.0,0.081
2026-04-08 13:30:00+01:00,0.082,False,False,0.0,0.082
2026-04-08 14:00:00+01:00,0.159,False,False,0.0,0.159
2026-04-08 14:30:00+01:00,0.106,False,False,0.0,0.106
2026-04-08 15:00:00+01:00,0.154,False,False,0.0,0.154
2026-04-08 15:30:00+01:00,0.114,False,False,0.0,0.114
2026-04-08 16:00:00+01:00,0.214,False,False,0.0,0.214
2026-04-08 16:30:00+01:00,0.515,False,False,0.0,0.515
2026-04-08 17:00:00+01:00,0.298,False,False,0.0,0.298
2026-04-08 17:30:00+01:00,0.457,False,False,0.0,0.457
2026-04-08 18:00:00+01:00,1.108,False,False,0.0,1.108
2026-04-08 18:30:00+01:00,0.644,False,False,0.0,0.644
2026-04-08 19:00:00+01:00,1.032,False,False,0.0,1.032
2026-04-08 19:30:00+01:00,1.926,False,False,0.0,1.926
2026-04-08 20:00:00+01:00,0.795,False,False,0.0,0.795
2026-04-08 20:30:00+01:00,0.306,False,False,0.0,0.306
2026-04-08 21:00:00+01:00,0.34,False,False,0.0,0.34
2026-04-08 21:30:00+01:00,0.32,False,False,0.0,0.32
2026-04-08 22:00:00+01:00,0.306,False,False,0.0,0.306
2026-04-08 22:30:00+01:00,0.298,False,False,0.0,0.298
2026-04-08 23:00:00+01:00,0.25,True,False,0.0,0.25
2026-04-08 23:30:00+01:00,0.192,True,False,0.0,0.192
2026-04-09 00:00:00+01:00,0.2,True,False,0.0,0.2
2026-04-09 00:30:00+01:00,0.082,True,False,0.0,0.082
2026-04-09 01:00:00+01:00,0.08,True,False,0.0,0.08
2026-04-09 01:30:00+01:00,0.072,True,False,0.0,0.072
2026-04-09 02:00:00+01:00,0.077,True,False,0.0,0.077
2026-04-09 02:30:00+01:00,0.074,True,False,0.0,0.074
2026-04-09 03:00:00+01:00,0.071,True,False,0.0,0.071
2026-04-09 03:30:00+01:00,0.058,True,False,0.0,0.058
2026-04-09 04:00:00+01:00,0.071,True,False,0.0,0.071
2026-04-09 04:30:00+01:00,0.069,True,False,0.0,0.069
2026-04-09 05:00:00+01:00,0.066,False,False,0.0,0.066
2026-04-09 05:30:00+01:00,0.064,False,False,0.0,0.064
2026-04-09 06:00:00+01:00,0.081,False,False,0.0,0.081
2026-04-09 06:30:00+01:00,0.101,False,False,0.0,0.101
2026-04-09 07:00:00+01:00,0.395,False,False,0.0,0.395
2026-04-09 07:30:00+01:00,0.374,False,False,0.0,0.374
2026-04-09 08:00:00+01:00,0.361,False,False,0.0,0.361
2026-04-09 08:30:00+01:00,0.261,False,False,0.0,0.261
2026-04-09 09:00:00+01:00,0.284,False,False,0.0,0.284
2026-04-09 09:30:00+01:00,0.565,False,False,0.0,0.565
2026-04-09 10:00:00+01:00,0.232,False,False,0.0,0.232
2026-04-09 10:30:00+01:00,0.203,False,False,0.0,0.203
2026-04-09 11:00:00+01:00,0.247,False,False,0.0,0.247
2026-04-09 11:30:00+01:00,0.364,False,False,0.0,0.364
2026-04-09 12:00:00+01:00,0.294,False,False,0.0,0.294
2026-04-09 12:30:00+01:00,0.413,False,False,0.0,0.413
2026-04-09 13:00:00+01:00,0.211,False,False,0.0,0.211
2026-04-09 13:30:00+01:00,0.25,False,False,0.0,0.25
2026-04-09 14:00:00+01:00,0.075,False,False,0.0,0.075
2026-04-09 14:30:00+01:00,0.073,False,False,0.0,0.073
2026-04-09 15:00:00+01:00,0.071,False,False,0.0,0.071
2026-04-09 15:30:00+01:00,0.097,False,False,0.0,0.097
2026-04-09 16:00:00+01:00,0.139,False,False,0.0,0.139
2026-04-09 16:30:00+01:00,0.106,False,False,0.0,0.106
2026-04-09 17:00:00+01:00,1.099,False,False,0.0,1.099
2026-04-09 17:30:00+01:00,0.246,False,False,0.0,0.246
2026-04-09 18:00:00+01:00,0.278,False,False,0.0,0.278
2026-04-09 18:30:00+01:00,0.183,False,False,0.0,0.183
2026-04-09 19:00:00+01:00,0.211,False,False,0.0,0.211
2026-04-09 19:30:00+01:00,0.197,False,False,0.0,0.197
2026-04-09 20:00:00+01:00,0.175,False,False,0.0,0.175
2026-04-09 20:30:00+01:00,0.153,False,False,0.0,0.153
2026-04-09 21:00:00+01:00,0.146,False,False,0.0,0.146
2026-04-09 21:30:00+01:00,0.108,False,False,0.0,0.108
2026-04-09 22:00:00+01:00,0.111,False,False,0.0,0.111
2026-04-09 22:30:00+01:00,0.133,False,False,0.0,0.133
2026-04-09 23:00:00+01:00,0.1,True,False,0.0,0.1
2026-04-09 23:30:00+01:00,0.133,True,False,0.0,0.133
2026-04-10 00:00:00+01:00,0.087,True,False,0.0,0.087
2026-04-10 00:30:00+01:00,0.087,True,False,0.0,0.087
2026-04-10 01:00:00+01:00,0.083,True,False,0.0,0.083
2026-04-10 01:30:00+01:00,0.08,True,False,0.0,0.08
2026-04-10 02:00:00+01:00,0.081,True,False,0.0,0.081
2026-04-10 02:30:00+01:00,0.072,True,False,0.0,0.072
2026-04-10 03:00:00+01:00,0.069,True,False,0.0,0.069
2026-04-10 03:30:00+01:00,0.065,True,False,0.0,0.065
2026-04-10 04:00:00+01:00,0.068,True,False,0.0,0.068
2026-04-10 04:30:00+01:00,0.068,True,False,0.0,0.068
2026-04-10 05:00:00+01:00,0.068,False,False,0.0,0.068
2026-04-10 05:30:00+01:00,0.071,False,False,0.0,0.071
2026-04-10 06:00:00+01:00,0.07,False,False,0.0,0.07
2026-04-10 06:30:00+01:00,0.097,False,False,0.0,0.097
2026-04-10 07:00:00+01:00,0.796,False,False,0.0,0.796
2026-04-10 07:30:00+01:00,0.494,False,False,0.0,0.494
2026-04-10 08:00:00+01:00,0.273,False,False,0.0,0.273
2026-04-10 08:30:00+01:00,0.662,False,False,0.0,0.662
2026-04-10 09:00:00+01:00,0.617,False,False,0.0,0.617
2026-04-10 09:30:00+01:00,1.915,False,False,0.0,1.915
2026-04-10 10:00:00+01:00,0.405,False,False,0.0,0.405
2026-04-10 10:30:00+01:00,0.233,False,False,0.0,0.233
2026-04-10 11:00:00+01:00,0.161,False,False,0.0,0.161
2026-04-10 11:30:00+01:00,0.16,False,False,0.0,0.16
2026-04-10 12:00:00+01:00,0.126,False,False,0.0,0.126
2026-04-10 12:30:00+01:00,0.125,False,False,0.0,0.125
2026-04-10 13:00:00+01:00,0.094,False,False,0.0,0.094
2026-04-10 13:30:00+01:00,0.079,False,False,0.0,0.079
2026-04-10 14:00:00+01:00,0.088,False,False,0.0,0.088
2026-04-10 14:30:00+01:00,0.088,False,False,0.0,0.088
2026-04-10 15:00:00+01:00,0.088,False,False,0.0,0.088
2026-04-10 15:30:00+01:00,0.102,False,False,0.0,0.102
2026-04-10 16:00:00+01:00,0.429,False,False,0.0,0.429
2026-04-10 16:30:00+01:00,0.817,False,False,0.0,0.817
2026-04-10 17:00:00+01:00,0.713,False,False,0.0,0.713
2026-04-10 17:30:00+01:00,0.613,False,False,0.0,0.613
2026-04-10 18:00:00+01:00,0.885,False,False,0.0,0.885
2026-04-10 18:30:00+01:00,0.319,False,False,0.0,0.319
2026-04-10 19:00:00+01:00,0.228,False,False,0.0,0.228
2026-04-10 19:30:00+01:00,0.239,False,False,0.0,0.239
2026-04-10 20:00:00+01:00,0.243,False,False,0.0,0.243
2026-04-10 20:30:00+01:00,0.245,False,False,0.0,0.245
2026-04-10 21:00:00+01:00,0.698,False,False,0.0,0.698
2026-04-10 21:30:00+01:00,0.32,False,False,0.0,0.32
2026-04-10 22:00:00+01:00,0.766,False,False,0.0,0.766
2026-04-10 22:30:00+01:00,1.238,False,False,0.0,1.238
2026-04-10 23:00:00+01:00,0.28,True,False,0.0,0.28
2026-04-10 23:30:00+01:00,0.27,True,False,0.0,0.27
2026-04-11 00:00:00+01:00,0.127,True,False,0.0,0.127
2026-04-11 00:30:00+01:00,0.082,True,False,0.0,0.082
2026-04-11 01:00:00+01:00,0.087,True,False,0.0,0.087
2026-04-11 01:30:00+01:00,0.079,True,False,0.0,0.079
2026-04-11 02:00:00+01:00,0.071,True,False,0.0,0.071
2026-04-11 02:30:00+01:00,0.073,True,False,0.0,0.073
2026-04-11 03:00:00+01:00,0.071,True,False,0.0,0.071
2026-04-11 03:30:00+01:00,0.07,True,False,0.0,0.07
2026-04-11 04:00:00+01:00,0.062,True,False,0.0,0.062
2026-04-11 04:30:00+01:00,0.064,True,False,0.0,0.064
2026-04-11 05:00:00+01:00,0.068,False,False,0.0,0.068
2026-04-11 05:30:00+01:00,0.064,False,False,0.0,0.064
2026-04-11 06:00:00+01:00,0.076,False,False,0.0,0.076
2026-04-11 06:30:00+01:00,0.107,False,False,0.0,0.107
2026-04-11 07:00:00+01:00,0.133,False,False,0.0,0.133
2026-04-11 07:30:00+01:00,0.419,False,False,0.0,0.419
2026-04-11 08:00:00+01:00,0.202,False,False,0.0,0.202
2026-04-11 08:30:00+01:00,0.179,False,False,0.0,0.179
2026-04-11 09:00:00+01:00,0.86,False,False,0.0,0.86
2026-04-11 09:30:00+01:00,0.229,False,False,0.0,0.229
2026-04-11 10:00:00+01:00,1.277,False,False,0.0,1.277
2026-04-11 10:30:00+01:00,0.435,False,False,0.0,0.435
2026-04-11 11:00:00+01:00,0.874,False,False,0.0,0.874
2026-04-11 11:30:00+01:00,2.058,False,False,0.0,2.058
2026-04-11 12:00:00+01:00,0.8,False,False,0.0,0.8
2026-04-11 12:30:00+01:00,3.77,False,True,3.508,0.262
2026-04-11 13:00:00+01:00,0.314,False,False,0.0,0.314
2026-04-11 13:30:00+01:00,0.274,False,False,0.0,0.274
2026-04-11 14:00:00+01:00,0.203,False,False,0.0,0.203
2026-04-11 14:30:00+01:00,0.189,False,False,0.0,0.189
2026-04-11 15:00:00+01:00,0.222,False,False,0.0,0.222
2026-04-11 15:30:00+01:00,0.393,False,False,0.0,0.393
2026-04-11 16:00:00+01:00,1.869,False,False,0.0,1.869
2026-04-11 16:30:00+01:00,0.235,False,False,0.0,0.235
2026-04-11 17:00:00+01:00,4.577,False,True,4.2535,0.3235000000000001
2026-04-11 17:30:00+01:00,1.171,False,False,0.0,1.171
2026-04-11 18:00:00+01:00,0.761,False,False,0.0,0.761
2026-04-11 18:30:00+01:00,1.033,False,False,0.0,1.033
2026-04-11 19:00:00+01:00,0.363,False,False,0.0,0.363
2026-04-11 19:30:00+01:00,0.15,False,False,0.0,0.15
2026-04-11 20:00:00+01:00,0.16,False,False,0.0,0.16
2026-04-11 20:30:00+01:00,0.222,False,False,0.0,0.222
2026-04-11 21:00:00+01:00,0.266,False,False,0.0,0.266
2026-04-11 21:30:00+01:00,3.829,False,True,3.641,0.18800000000000017
2026-04-11 22:00:00+01:00,0.208,False,False,0.0,0.208
2026-04-11 22:30:00+01:00,0.21,False,False,0.0,0.21
2026-04-11 23:00:00+01:00,0.222,True,False,0.0,0.222
2026-04-11 23:30:00+01:00,0.198,True,False,0.0,0.198
2026-04-12 00:00:00+01:00,0.105,True,False,0.0,0.105
2026-04-12 00:30:00+01:00,3.358,True,True,3.2680000000000002,0.08999999999999986
2026-04-12 01:00:00+01:00,0.084,True,False,0.0,0.084
2026-04-12 01:30:00+01:00,3.715,True,True,3.629,0.08599999999999985
2026-04-12 02:00:00+01:00,3.806,True,True,3.721,0.08499999999999996
2026-04-12 02:30:00+01:00,0.072,True,False,0.0,0.072
2026-04-12 03:00:00+01:00,3.722,True,True,3.648,0.07399999999999984
2026-04-12 03:30:00+01:00,0.062,True,False,0.0,0.062
2026-04-12 04:00:00+01:00,3.725,True,True,3.6510000000000002,0.07399999999999984
2026-04-12 04:30:00+01:00,3.05,True,True,2.977,0.07299999999999995
2026-04-12 05:00:00+01:00,0.056,False,False,0.0,0.056
2026-04-12 05:30:00+01:00,0.072,False,False,0.0,0.072
2026-04-12 06:00:00+01:00,0.078,False,False,0.0,0.078
2026-04-12 06:30:00+01:00,0.097,False,False,0.0,0.097
2026-04-12 07:00:00+01:00,0.566,False,False,0.0,0.566
2026-04-12 07:30:00+01:00,0.553,False,False,0.0,0.553
2026-04-12 08:00:00+01:00,0.522,False,False,0.0,0.522
2026-04-12 08:30:00+01:00,0.843,False,False,0.0,0.843
2026-04-12 09:00:00+01:00,0.611,False,False,0.0,0.611
2026-04-12 09:30:00+01:00,0.128,False,False,0.0,0.128
2026-04-12 10:00:00+01:00,0.094,False,False,0.0,0.094
2026-04-12 10:30:00+01:00,0.092,False,False,0.0,0.092
2026-04-12 11:00:00+01:00,0.081,False,False,0.0,0.081
2026-04-12 11:30:00+01:00,0.092,False,False,0.0,0.092
2026-04-12 12:00:00+01:00,0.232,False,False,0.0,0.232
2026-04-12 12:30:00+01:00,3.805,False,True,3.543,0.262
2026-04-12 13:00:00+01:00,0.849,False,False,0.0,0.849
2026-04-12 13:30:00+01:00,4.158,False,True,3.9295000000000004,0.22849999999999993
2026-04-12 14:00:00+01:00,2.186,False,True,1.97,0.21599999999999997
2026-04-12 14:30:00+01:00,0.155,False,False,0.0,0.155
2026-04-12 15:00:00+01:00,0.716,False,False,0.0,0.716
2026-04-12 15:30:00+01:00,0.745,False,False,0.0,0.745
2026-04-12 16:00:00+01:00,0.797,False,False,0.0,0.797
2026-04-12 16:30:00+01:00,0.285,False,False,0.0,0.285
2026-04-12 17:00:00+01:00,0.275,False,False,0.0,0.275
2026-04-12 17:30:00+01:00,0.662,False,False,0.0,0.662
2026-04-12 18:00:00+01:00,0.835,False,False,0.0,0.835
2026-04-12 18:30:00+01:00,0.218,False,False,0.0,0.218
2026-04-12 19:00:00+01:00,0.213,False,False,0.0,0.213
2026-04-12 19:30:00+01:00,0.356,False,False,0.0,0.356
2026-04-12 20:00:00+01:00,0.229,False,False,0.0,0.229
2026-04-12 20:30:00+01:00,0.288,False,False,0.0,0.288
2026-04-12 21:00:00+01:00,0.245,False,False,0.0,0.245
2026-04-12 21:30:00+01:00,0.217,False,False,0.0,0.217
2026-04-12 22:00:00+01:00,0.208,False,False,0.0,0.208
2026-04-12 22:30:00+01:00,0.207,False,False,0.0,0.207
2026-04-12 23:00:00+01:00,0.278,True,False,0.0,0.278
2026-04-12 23:30:00+01:00,0.178,True,False,0.0,0.178
2026-04-13 00:00:00+01:00,0.107,True,False,0.0,0.107
2026-04-13 00:30:00+01:00,0.077,True,False,0.0,0.077
2026-04-13 01:00:00+01:00,0.082,True,False,0.0,0.082
2026-04-13 01:30:00+01:00,0.079,True,False,0.0,0.079
2026-04-13 02:00:00+01:00,0.079,True,False,0.0,0.079
2026-04-13 02:30:00+01:00,0.074,True,False,0.0,0.074
2026-04-13 03:00:00+01:00,0.069,True,False,0.0,0.069
2026-04-13 03:30:00+01:00,0.063,True,False,0.0,0.063
2026-04-13 04:00:00+01:00,0.066,True,False,0.0,0.066
2026-04-13 04:30:00+01:00,0.068,True,False,0.0,0.068
2026-04-13 05:00:00+01:00,0.068,False,False,0.0,0.068
2026-04-13 05:30:00+01:00,0.061,False,False,0.0,0.061
2026-04-13 06:00:00+01:00,0.081,False,False,0.0,0.081
2026-04-13 06:30:00+01:00,0.108,False,False,0.0,0.108
2026-04-13 07:00:00+01:00,0.463,False,False,0.0,0.463
2026-04-13 07:30:00+01:00,0.304,False,False,0.0,0.304
2026-04-13 08:00:00+01:00,0.297,False,False,0.0,0.297
2026-04-13 08:30:00+01:00,0.474,False,False,0.0,0.474
2026-04-13 09:00:00+01:00,0.201,False,False,0.0,0.201
2026-04-13 09:30:00+01:00,0.204,False,False,0.0,0.204
2026-04-13 10:00:00+01:00,0.32,False,False,0.0,0.32
2026-04-13 10:30:00+01:00,0.143,False,False,0.0,0.143
2026-04-13 11:00:00+01:00,0.119,False,False,0.0,0.119
2026-04-13 11:30:00+01:00,0.119,False,False,0.0,0.119
2026-04-13 12:00:00+01:00,0.205,False,False,0.0,0.205
2026-04-13 12:30:00+01:00,0.195,False,False,0.0,0.195
2026-04-13 13:00:00+01:00,0.245,False,False,0.0,0.245
2026-04-13 13:30:00+01:00,0.189,False,False,0.0,0.189
2026-04-13 14:00:00+01:00,0.176,False,False,0.0,0.176
2026-04-13 14:30:00+01:00,0.167,False,False,0.0,0.167
2026-04-13 15:00:00+01:00,0.175,False,False,0.0,0.175
2026-04-13 15:30:00+01:00,0.302,False,False,0.0,0.302
2026-04-13 16:00:00+01:00,1.053,False,False,0.0,1.053
2026-04-13 16:30:00+01:00,1.558,False,False,0.0,1.558
2026-04-13 17:00:00+01:00,1.027,False,False,0.0,1.027
2026-04-13 17:30:00+01:00,0.301,False,False,0.0,0.301
2026-04-13 18:00:00+01:00,0.331,False,False,0.0,0.331
2026-04-13 18:30:00+01:00,0.424,False,False,0.0,0.424
2026-04-13 19:00:00+01:00,0.372,False,False,0.0,0.372
2026-04-13 19:30:00+01:00,0.911,False,False,0.0,0.911
2026-04-13 20:00:00+01:00,0.854,False,False,0.0,0.854
2026-04-13 20:30:00+01:00,0.27,False,False,0.0,0.27
2026-04-13 21:00:00+01:00,0.269,False,False,0.0,0.269
2026-04-13 21:30:00+01:00,0.313,False,False,0.0,0.313
2026-04-13 22:00:00+01:00,0.317,False,False,0.0,0.317
2026-04-13 22:30:00+01:00,0.286,False,False,0.0,0.286
2026-04-13 23:00:00+01:00,0.198,True,False,0.0,0.198
2026-04-13 23:30:00+01:00,0.128,True,False,0.0,0.128
2026-04-14 00:00:00+01:00,0.084,True,False,0.0,0.084
2026-04-14 00:30:00+01:00,0.085,True,False,0.0,0.085
2026-04-14 01:00:00+01:00,0.082,True,False,0.0,0.082
2026-04-14 01:30:00+01:00,0.072,True,False,0.0,0.072
2026-04-14 02:00:00+01:00,0.083,True,False,0.0,0.083
2026-04-14 02:30:00+01:00,0.071,True,False,0.0,0.071
2026-04-14 03:00:00+01:00,0.065,True,False,0.0,0.065
2026-04-14 03:30:00+01:00,0.072,True,False,0.0,0.072
2026-04-14 04:00:00+01:00,0.067,True,False,0.0,0.067
2026-04-14 04:30:00+01:00,0.087,True,False,0.0,0.087
2026-04-14 05:00:00+01:00,0.097,False,False,0.0,0.097
2026-04-14 05:30:00+01:00,0.077,False,False,0.0,0.077
2026-04-14 06:00:00+01:00,0.084,False,False,0.0,0.084
2026-04-14 06:30:00+01:00,0.113,False,False,0.0,0.113
2026-04-14 07:00:00+01:00,0.448,False,False,0.0,0.448
2026-04-14 07:30:00+01:00,0.436,False,False,0.0,0.436
2026-04-14 08:00:00+01:00,0.302,False,False,0.0,0.302
2026-04-14 08:30:00+01:00,0.751,False,False,0.0,0.751
2026-04-14 09:00:00+01:00,0.16,False,False,0.0,0.16
2026-04-14 09:30:00+01:00,0.149,False,False,0.0,0.149
2026-04-14 10:00:00+01:00,0.118,False,False,0.0,0.118
2026-04-14 10:30:00+01:00,0.106,False,False,0.0,0.106
2026-04-14 11:00:00+01:00,0.214,False,False,0.0,0.214
2026-04-14 11:30:00+01:00,0.155,False,False,0.0,0.155
2026-04-14 12:00:00+01:00,0.173,False,False,0.0,0.173
2026-04-14 12:30:00+01:00,0.197,False,False,0.0,0.197
2026-04-14 13:00:00+01:00,0.175,False,False,0.0,0.175
2026-04-14 13:30:00+01:00,0.17,False,False,0.0,0.17
2026-04-14 14:00:00+01:00,0.169,False,False,0.0,0.169
2026-04-14 14:30:00+01:00,0.165,False,False,0.0,0.165
2026-04-14 15:00:00+01:00,0.271,False,False,0.0,0.271
2026-04-14 15:30:00+01:00,1.054,False,False,0.0,1.054
2026-04-14 16:00:00+01:00,1.246,False,False,0.0,1.246
2026-04-14 16:30:00+01:00,0.879,False,False,0.0,0.879
2026-04-14 17:00:00+01:00,0.706,False,False,0.0,0.706
2026-04-14 17:30:00+01:00,0.597,False,False,0.0,0.597
2026-04-14 18:00:00+01:00,0.289,False,False,0.0,0.289
2026-04-14 18:30:00+01:00,0.41,False,False,0.0,0.41
2026-04-14 19:00:00+01:00,0.276,False,False,0.0,0.276
2026-04-14 19:30:00+01:00,0.23,False,False,0.0,0.23
2026-04-14 20:00:00+01:00,0.234,False,False,0.0,0.234
2026-04-14 20:30:00+01:00,0.278,False,False,0.0,0.278
2026-04-14 21:00:00+01:00,0.337,False,False,0.0,0.337
2026-04-14 21:30:00+01:00,0.308,False,False,0.0,0.308
2026-04-14 22:00:00+01:00,0.309,False,False,0.0,0.309
2026-04-14 22:30:00+01:00,0.271,False,False,0.0,0.271
2026-04-14 23:00:00+01:00,0.268,True,False,0.0,0.268
2026-04-14 23:30:00+01:00,0.141,True,False,0.0,0.141
2026-04-15 00:00:00+01:00,0.081,True,False,0.0,0.081
2026-04-15 00:30:00+01:00,0.123,True,False,0.0,0.123
2026-04-15 01:00:00+01:00,0.089,True,False,0.0,0.089
2026-04-15 01:30:00+01:00,0.083,True,False,0.0,0.083
2026-04-15 02:00:00+01:00,0.093,True,False,0.0,0.093
2026-04-15 02:30:00+01:00,0.073,True,False,0.0,0.073
2026-04-15 03:00:00+01:00,0.071,True,False,0.0,0.071
2026-04-15 03:30:00+01:00,0.071,True,False,0.0,0.071
2026-04-15 04:00:00+01:00,0.068,True,False,0.0,0.068
2026-04-15 04:30:00+01:00,0.064,True,False,0.0,0.064
2026-04-15 05:00:00+01:00,0.069,False,False,0.0,0.069
2026-04-15 05:30:00+01:00,0.071,False,False,0.0,0.071
2026-04-15 06:00:00+01:00,0.068,False,False,0.0,0.068
2026-04-15 06:30:00+01:00,0.104,False,False,0.0,0.104
2026-04-15 07:00:00+01:00,0.846,False,False,0.0,0.846
2026-04-15 07:30:00+01:00,0.684,False,False,0.0,0.684
2026-04-15 08:00:00+01:00,0.26,False,False,0.0,0.26
2026-04-15 08:30:00+01:00,1.742,False,False,0.0,1.742
2026-04-15 09:00:00+01:00,0.531,False,False,0.0,0.531
2026-04-15 09:30:00+01:00,0.205,False,False,0.0,0.205
2026-04-15 10:00:00+01:00,0.244,False,False,0.0,0.244
2026-04-15 10:30:00+01:00,0.188,False,False,0.0,0.188
2026-04-15 11:00:00+01:00,0.27,False,False,0.0,0.27
2026-04-15 11:30:00+01:00,0.201,False,False,0.0,0.201
2026-04-15 12:00:00+01:00,0.276,False,False,0.0,0.276
2026-04-15 12:30:00+01:00,0.161,False,False,0.0,0.161
2026-04-15 13:00:00+01:00,0.119,False,False,0.0,0.119
2026-04-15 13:30:00+01:00,0.118,False,False,0.0,0.118
2026-04-15 14:00:00+01:00,0.119,False,False,0.0,0.119
2026-04-15 14:30:00+01:00,0.199,False,False,0.0,0.199
2026-04-15 15:00:00+01:00,0.104,False,False,0.0,0.104
2026-04-15 15:30:00+01:00,0.201,False,False,0.0,0.201
2026-04-15 16:00:00+01:00,0.953,False,False,0.0,0.953
2026-04-15 16:30:00+01:00,1.024,False,False,0.0,1.024
2026-04-15 17:00:00+01:00,0.924,False,False,0.0,0.924
2026-04-15 17:30:00+01:00,0.678,False,False,0.0,0.678
2026-04-15 18:00:00+01:00,0.252,False,False,0.0,0.252
2026-04-15 18:30:00+01:00,0.328,False,False,0.0,0.328
2026-04-15 19:00:00+01:00,0.211,False,False,0.0,0.211
2026-04-15 19:30:00+01:00,0.175,False,False,0.0,0.175
2026-04-15 20:00:00+01:00,0.181,False,False,0.0,0.181
2026-04-15 20:30:00+01:00,0.149,False,False,0.0,0.149
2026-04-15 21:00:00+01:00,0.143,False,False,0.0,0.143
2026-04-15 21:30:00+01:00,0.117,False,False,0.0,0.117
2026-04-15 22:00:00+01:00,0.111,False,False,0.0,0.111
2026-04-15 22:30:00+01:00,0.11,False,False,0.0,0.11
2026-04-15 23:00:00+01:00,0.104,True,False,0.0,0.104
2026-04-15 23:30:00+01:00,0.095,True,False,0.0,0.095
2026-04-16 00:00:00+01:00,0.086,True,False,0.0,0.086
2026-04-16 00:30:00+01:00,0.095,True,False,0.0,0.095
2026-04-16 01:00:00+01:00,0.135,True,False,0.0,0.135
2026-04-16 01:30:00+01:00,0.095,True,False,0.0,0.095
2026-04-16 02:00:00+01:00,0.096,True,False,0.0,0.096
2026-04-16 02:30:00+01:00,3.721,True,True,3.6430000000000002,0.07799999999999985
2026-04-16 03:00:00+01:00,3.795,True,True,3.721,0.07399999999999984
2026-04-16 03:30:00+01:00,3.826,True,True,3.751,0.07500000000000018
2026-04-16 04:00:00+01:00,3.846,True,True,3.7720000000000002,0.07399999999999984
2026-04-16 04:30:00+01:00,0.07,True,False,0.0,0.07
2026-04-16 05:00:00+01:00,0.866,False,False,0.0,0.866
2026-04-16 05:30:00+01:00,0.082,False,False,0.0,0.082
2026-04-16 06:00:00+01:00,0.083,False,False,0.0,0.083
2026-04-16 06:30:00+01:00,0.111,False,False,0.0,0.111
2026-04-16 07:00:00+01:00,0.471,False,False,0.0,0.471
2026-04-16 07:30:00+01:00,0.325,False,False,0.0,0.325
2026-04-16 08:00:00+01:00,0.385,False,False,0.0,0.385
2026-04-16 08:30:00+01:00,0.199,False,False,0.0,0.199
2026-04-16 09:00:00+01:00,1.712,False,False,0.0,1.712
2026-04-16 09:30:00+01:00,1.162,False,False,0.0,1.162
2026-04-16 10:00:00+01:00,0.29,False,False,0.0,0.29
2026-04-16 10:30:00+01:00,0.172,False,False,0.0,0.172
2026-04-16 11:00:00+01:00,0.151,False,False,0.0,0.151
2026-04-16 11:30:00+01:00,0.167,False,False,0.0,0.167
2026-04-16 12:00:00+01:00,0.185,False,False,0.0,0.185
2026-04-16 12:30:00+01:00,1.367,False,False,0.0,1.367
2026-04-16 13:00:00+01:00,0.443,False,False,0.0,0.443
2026-04-16 13:30:00+01:00,0.353,False,False,0.0,0.353
2026-04-16 14:00:00+01:00,0.633,False,False,0.0,0.633
2026-04-16 14:30:00+01:00,1.378,False,False,0.0,1.378
2026-04-16 15:00:00+01:00,0.677,False,False,0.0,0.677
2026-04-16 15:30:00+01:00,0.331,False,False,0.0,0.331
2026-04-16 16:00:00+01:00,0.37,False,False,0.0,0.37
2026-04-16 16:30:00+01:00,0.322,False,False,0.0,0.322
2026-04-16 17:00:00+01:00,0.329,False,False,0.0,0.329
2026-04-16 17:30:00+01:00,0.478,False,False,0.0,0.478
2026-04-16 18:00:00+01:00,0.269,False,False,0.0,0.269
2026-04-16 18:30:00+01:00,0.211,False,False,0.0,0.211
2026-04-16 19:00:00+01:00,0.211,False,False,0.0,0.211
2026-04-16 19:30:00+01:00,0.29,False,False,0.0,0.29
2026-04-16 20:00:00+01:00,0.287,False,False,0.0,0.287
2026-04-16 20:30:00+01:00,0.199,False,False,0.0,0.199
2026-04-16 21:00:00+01:00,0.255,False,False,0.0,0.255
2026-04-16 21:30:00+01:00,0.313,False,False,0.0,0.313
2026-04-16 22:00:00+01:00,0.3,False,False,0.0,0.3
2026-04-16 22:30:00+01:00,0.159,False,False,0.0,0.159
2026-04-16 23:00:00+01:00,0.089,True,False,0.0,0.089
2026-04-16 23:30:00+01:00,0.07,True,False,0.0,0.07
2026-04-17 00:00:00+01:00,0.082,True,False,0.0,0.082
2026-04-17 00:30:00+01:00,0.08,True,False,0.0,0.08
2026-04-17 01:00:00+01:00,0.078,True,False,0.0,0.078
2026-04-17 01:30:00+01:00,0.069,True,False,0.0,0.069
2026-04-17 02:00:00+01:00,0.081,True,False,0.0,0.081
2026-04-17 02:30:00+01:00,0.073,True,False,0.0,0.073
2026-04-17 03:00:00+01:00,0.059,True,False,0.0,0.059
2026-04-17 03:30:00+01:00,0.068,True,False,0.0,0.068
2026-04-17 04:00:00+01:00,0.071,True,False,0.0,0.071
2026-04-17 04:30:00+01:00,0.064,True,False,0.0,0.064
2026-04-17 05:00:00+01:00,0.062,False,False,0.0,0.062
2026-04-17 05:30:00+01:00,0.073,False,False,0.0,0.073
2026-04-17 06:00:00+01:00,0.078,False,False,0.0,0.078
2026-04-17 06:30:00+01:00,0.092,False,False,0.0,0.092
2026-04-17 07:00:00+01:00,0.883,False,False,0.0,0.883
2026-04-17 07:30:00+01:00,0.969,False,False,0.0,0.969
2026-04-17 08:00:00+01:00,0.451,False,False,0.0,0.451
2026-04-17 08:30:00+01:00,0.274,False,False,0.0,0.274
2026-04-17 09:00:00+01:00,0.173,False,False,0.0,0.173
2026-04-17 09:30:00+01:00,0.128,False,False,0.0,0.128
2026-04-17 10:00:00+01:00,0.069,False,False,0.0,0.069
2026-04-17 10:30:00+01:00,0.076,False,False,0.0,0.076
2026-04-17 11:00:00+01:00,0.071,False,False,0.0,0.071
2026-04-17 11:30:00+01:00,0.06,False,False,0.0,0.06
2026-04-17 12:00:00+01:00,0.099,False,False,0.0,0.099
2026-04-17 12:30:00+01:00,0.1,False,False,0.0,0.1
2026-04-17 13:00:00+01:00,0.063,False,False,0.0,0.063
2026-04-17 13:30:00+01:00,0.071,False,False,0.0,0.071
2026-04-17 14:00:00+01:00,0.071,False,False,0.0,0.071
2026-04-17 14:30:00+01:00,0.068,False,False,0.0,0.068
2026-04-17 15:00:00+01:00,0.063,False,False,0.0,0.063
2026-04-17 15:30:00+01:00,0.099,False,False,0.0,0.099
2026-04-17 16:00:00+01:00,0.1,False,False,0.0,0.1
2026-04-17 16:30:00+01:00,0.087,False,False,0.0,0.087
2026-04-17 17:00:00+01:00,0.1,False,False,0.0,0.1
2026-04-17 17:30:00+01:00,0.098,False,False,0.0,0.098
2026-04-17 18:00:00+01:00,0.088,False,False,0.0,0.088
2026-04-17 18:30:00+01:00,0.096,False,False,0.0,0.096
2026-04-17 19:00:00+01:00,0.099,False,False,0.0,0.099
2026-04-17 19:30:00+01:00,0.094,False,False,0.0,0.094
2026-04-17 20:00:00+01:00,0.092,False,False,0.0,0.092
2026-04-17 20:30:00+01:00,0.1,False,False,0.0,0.1
2026-04-17 21:00:00+01:00,0.098,False,False,0.0,0.098
2026-04-17 21:30:00+01:00,0.062,False,False,0.0,0.062
2026-04-17 22:00:00+01:00,0.07,False,False,0.0,0.07
2026-04-17 22:30:00+01:00,0.069,False,False,0.0,0.069
2026-04-17 23:00:00+01:00,0.058,True,False,0.0,0.058
2026-04-17 23:30:00+01:00,0.068,True,False,0.0,0.068
2026-04-18 00:00:00+01:00,0.069,True,False,0.0,0.069
2026-04-18 00:30:00+01:00,0.061,True,False,0.0,0.061
2026-04-18 01:00:00+01:00,0.065,True,False,0.0,0.065
2026-04-18 01:30:00+01:00,0.07,True,False,0.0,0.07
2026-04-18 02:00:00+01:00,0.066,True,False,0.0,0.066
2026-04-18 02:30:00+01:00,0.058,True,False,0.0,0.058
2026-04-18 03:00:00+01:00,0.059,True,False,0.0,0.059
2026-04-18 03:30:00+01:00,0.056,True,False,0.0,0.056
2026-04-18 04:00:00+01:00,0.049,True,False,0.0,0.049
2026-04-18 04:30:00+01:00,0.058,True,False,0.0,0.058
2026-04-18 05:00:00+01:00,0.058,False,False,0.0,0.058
2026-04-18 05:30:00+01:00,0.049,False,False,0.0,0.049
2026-04-18 06:00:00+01:00,0.071,False,False,0.0,0.071
2026-04-18 06:30:00+01:00,0.091,False,False,0.0,0.091
2026-04-18 07:00:00+01:00,0.097,False,False,0.0,0.097
2026-04-18 07:30:00+01:00,0.11,False,False,0.0,0.11
2026-04-18 08:00:00+01:00,0.109,False,False,0.0,0.109
2026-04-18 08:30:00+01:00,0.094,False,False,0.0,0.094
2026-04-18 09:00:00+01:00,0.081,False,False,0.0,0.081
2026-04-18 09:30:00+01:00,0.078,False,False,0.0,0.078
2026-04-18 10:00:00+01:00,0.065,False,False,0.0,0.065
2026-04-18 10:30:00+01:00,0.079,False,False,0.0,0.079
2026-04-18 11:00:00+01:00,0.078,False,False,0.0,0.078
2026-04-18 11:30:00+01:00,0.066,False,False,0.0,0.066
2026-04-18 12:00:00+01:00,0.104,False,False,0.0,0.104
2026-04-18 12:30:00+01:00,0.107,False,False,0.0,0.107
2026-04-18 13:00:00+01:00,0.074,False,False,0.0,0.074
2026-04-18 13:30:00+01:00,0.08,False,False,0.0,0.08
2026-04-18 14:00:00+01:00,0.078,False,False,0.0,0.078
2026-04-18 14:30:00+01:00,0.07,False,False,0.0,0.07
2026-04-18 15:00:00+01:00,0.073,False,False,0.0,0.073
2026-04-18 15:30:00+01:00,0.104,False,False,0.0,0.104
2026-04-18 16:00:00+01:00,0.102,False,False,0.0,0.102
2026-04-18 16:30:00+01:00,0.098,False,False,0.0,0.098
2026-04-18 17:00:00+01:00,0.106,False,False,0.0,0.106
2026-04-18 17:30:00+01:00,0.134,False,False,0.0,0.134
2026-04-18 18:00:00+01:00,0.219,False,False,0.0,0.219
2026-04-18 18:30:00+01:00,0.264,False,False,0.0,0.264
2026-04-18 19:00:00+01:00,0.146,False,False,0.0,0.146
2026-04-18 19:30:00+01:00,0.182,False,False,0.0,0.182
2026-04-18 20:00:00+01:00,0.218,False,False,0.0,0.218
2026-04-18 20:30:00+01:00,0.152,False,False,0.0,0.152
2026-04-18 21:00:00+01:00,0.16,False,False,0.0,0.16
2026-04-18 21:30:00+01:00,0.224,False,False,0.0,0.224
2026-04-18 22:00:00+01:00,0.337,False,False,0.0,0.337
2026-04-18 22:30:00+01:00,0.345,False,False,0.0,0.345
2026-04-18 23:00:00+01:00,0.341,True,False,0.0,0.341
2026-04-18 23:30:00+01:00,0.348,True,False,0.0,0.348
2026-04-19 00:00:00+01:00,0.23,True,False,0.0,0.23
2026-04-19 00:30:00+01:00,0.092,True,False,0.0,0.092
2026-04-19 01:00:00+01:00,0.087,True,False,0.0,0.087
2026-04-19 01:30:00+01:00,0.077,True,False,0.0,0.077
2026-04-19 02:00:00+01:00,0.083,True,False,0.0,0.083
2026-04-19 02:30:00+01:00,0.075,True,False,0.0,0.075
2026-04-19 03:00:00+01:00,0.065,True,False,0.0,0.065
2026-04-19 03:30:00+01:00,0.063,True,False,0.0,0.063
2026-04-19 04:00:00+01:00,0.07,True,False,0.0,0.07
2026-04-19 04:30:00+01:00,0.068,True,False,0.0,0.068
2026-04-19 05:00:00+01:00,0.059,False,False,0.0,0.059
2026-04-19 05:30:00+01:00,0.074,False,False,0.0,0.074
2026-04-19 06:00:00+01:00,0.08,False,False,0.0,0.08
2026-04-19 06:30:00+01:00,0.091,False,False,0.0,0.091
2026-04-19 07:00:00+01:00,0.166,False,False,0.0,0.166
2026-04-19 07:30:00+01:00,0.42,False,False,0.0,0.42
2026-04-19 08:00:00+01:00,0.255,False,False,0.0,0.255
2026-04-19 08:30:00+01:00,0.231,False,False,0.0,0.231
2026-04-19 09:00:00+01:00,0.237,False,False,0.0,0.237
2026-04-19 09:30:00+01:00,0.499,False,False,0.0,0.499
2026-04-19 10:00:00+01:00,0.407,False,False,0.0,0.407
2026-04-19 10:30:00+01:00,0.308,False,False,0.0,0.308
2026-04-19 11:00:00+01:00,0.311,False,False,0.0,0.311
2026-04-19 11:30:00+01:00,0.277,False,False,0.0,0.277
2026-04-19 12:00:00+01:00,3.537,False,True,3.274,0.2629999999999999
2026-04-19 12:30:00+01:00,1.034,False,False,0.0,1.034
2026-04-19 13:00:00+01:00,0.578,False,False,0.0,0.578
2026-04-19 13:30:00+01:00,0.299,False,False,0.0,0.299
2026-04-19 14:00:00+01:00,4.528,False,True,4.311999999999999,0.2160000000000002
2026-04-19 14:30:00+01:00,0.293,False,False,0.0,0.293
2026-04-19 15:00:00+01:00,1.189,False,False,0.0,1.189
2026-04-19 15:30:00+01:00,4.966,False,True,4.667,0.2990000000000004
2026-04-19 16:00:00+01:00,4.648,False,True,4.162999999999999,0.4850000000000003
2026-04-19 16:30:00+01:00,0.377,False,False,0.0,0.377
2026-04-19 17:00:00+01:00,1.168,False,False,0.0,1.168
2026-04-19 17:30:00+01:00,0.175,False,False,0.0,0.175
2026-04-19 18:00:00+01:00,0.205,False,False,0.0,0.205
2026-04-19 18:30:00+01:00,0.247,False,False,0.0,0.247
2026-04-19 19:00:00+01:00,0.212,False,False,0.0,0.212
2026-04-19 19:30:00+01:00,0.177,False,False,0.0,0.177
2026-04-19 20:00:00+01:00,0.195,False,False,0.0,0.195
2026-04-19 20:30:00+01:00,0.194,False,False,0.0,0.194
2026-04-19 21:00:00+01:00,0.206,False,False,0.0,0.206
2026-04-19 21:30:00+01:00,0.13,False,False,0.0,0.13
2026-04-19 22:00:00+01:00,0.097,False,False,0.0,0.097
2026-04-19 22:30:00+01:00,0.09,False,False,0.0,0.09
2026-04-19 23:00:00+01:00,0.086,True,False,0.0,0.086
2026-04-19 23:30:00+01:00,0.072,True,False,0.0,0.072
2026-04-20 00:00:00+01:00,0.082,True,False,0.0,0.082
2026-04-20 00:30:00+01:00,0.081,True,False,0.0,0.081
2026-04-20 01:00:00+01:00,0.073,True,False,0.0,0.073
2026-04-20 01:30:00+01:00,0.078,True,False,0.0,0.078
2026-04-20 02:00:00+01:00,0.083,True,False,0.0,0.083
2026-04-20 02:30:00+01:00,0.073,True,False,0.0,0.073
2026-04-20 03:00:00+01:00,0.062,True,False,0.0,0.062
2026-04-20 03:30:00+01:00,0.074,True,False,0.0,0.074
2026-04-20 04:00:00+01:00,0.106,True,False,0.0,0.106
2026-04-20 04:30:00+01:00,0.089,True,False,0.0,0.089
2026-04-20 05:00:00+01:00,0.074,False,False,0.0,0.074
2026-04-20 05:30:00+01:00,0.077,False,False,0.0,0.077
2026-04-20 06:00:00+01:00,0.083,False,False,0.0,0.083
2026-04-20 06:30:00+01:00,0.11,False,False,0.0,0.11
2026-04-20 07:00:00+01:00,0.256,False,False,0.0,0.256
2026-04-20 07:30:00+01:00,0.5,False,False,0.0,0.5
2026-04-20 08:00:00+01:00,0.496,False,False,0.0,0.496
2026-04-20 08:30:00+01:00,1.702,False,False,0.0,1.702
2026-04-20 09:00:00+01:00,0.665,False,False,0.0,0.665
2026-04-20 09:30:00+01:00,0.23,False,False,0.0,0.23
2026-04-20 10:00:00+01:00,0.876,False,False,0.0,0.876
2026-04-20 10:30:00+01:00,0.212,False,False,0.0,0.212
2026-04-20 11:00:00+01:00,0.287,False,False,0.0,0.287
2026-04-20 11:30:00+01:00,0.176,False,False,0.0,0.176
2026-04-20 12:00:00+01:00,0.243,False,False,0.0,0.243
2026-04-20 12:30:00+01:00,0.15,False,False,0.0,0.15
2026-04-20 13:00:00+01:00,0.095,False,False,0.0,0.095
2026-04-20 13:30:00+01:00,0.091,False,False,0.0,0.091
2026-04-20 14:00:00+01:00,0.098,False,False,0.0,0.098
2026-04-20 14:30:00+01:00,0.143,False,False,0.0,0.143
2026-04-20 15:00:00+01:00,0.099,False,False,0.0,0.099
2026-04-20 15:30:00+01:00,1.063,False,False,0.0,1.063
2026-04-20 16:00:00+01:00,1.326,False,False,0.0,1.326
2026-04-20 16:30:00+01:00,1.125,False,False,0.0,1.125
2026-04-20 17:00:00+01:00,0.348,False,False,0.0,0.348
2026-04-20 17:30:00+01:00,0.213,False,False,0.0,0.213
2026-04-20 18:00:00+01:00,0.159,False,False,0.0,0.159
2026-04-20 18:30:00+01:00,0.171,False,False,0.0,0.171
2026-04-20 19:00:00+01:00,0.17,False,False,0.0,0.17
2026-04-20 19:30:00+01:00,0.141,False,False,0.0,0.141
2026-04-20 20:00:00+01:00,0.139,False,False,0.0,0.139
2026-04-20 20:30:00+01:00,0.15,False,False,0.0,0.15
2026-04-20 21:00:00+01:00,0.143,False,False,0.0,0.143
2026-04-20 21:30:00+01:00,0.1,False,False,0.0,0.1
2026-04-20 22:00:00+01:00,0.09,False,False,0.0,0.09
2026-04-20 22:30:00+01:00,0.079,False,False,0.0,0.079
2026-04-20 23:00:00+01:00,0.129,True,False,0.0,0.129
2026-04-20 23:30:00+01:00,0.081,True,False,0.0,0.081
2026-04-21 00:00:00+01:00,0.083,True,False,0.0,0.083
2026-04-21 00:30:00+01:00,0.08,True,False,0.0,0.08
2026-04-21 01:00:00+01:00,0.08,True,False,0.0,0.08
2026-04-21 01:30:00+01:00,0.08,True,False,0.0,0.08
2026-04-21 02:00:00+01:00,0.079,True,False,0.0,0.079
2026-04-21 02:30:00+01:00,0.063,True,False,0.0,0.063
2026-04-21 03:00:00+01:00,0.068,True,False,0.0,0.068
2026-04-21 03:30:00+01:00,0.069,True,False,0.0,0.069
2026-04-21 04:00:00+01:00,0.062,True,False,0.0,0.062
2026-04-21 04:30:00+01:00,0.064,True,False,0.0,0.064
2026-04-21 05:00:00+01:00,0.068,False,False,0.0,0.068
2026-04-21 05:30:00+01:00,0.065,False,False,0.0,0.065
2026-04-21 06:00:00+01:00,0.075,False,False,0.0,0.075
2026-04-21 06:30:00+01:00,0.108,False,False,0.0,0.108
2026-04-21 07:00:00+01:00,0.151,False,False,0.0,0.151
2026-04-21 07:30:00+01:00,0.336,False,False,0.0,0.336
2026-04-21 08:00:00+01:00,0.274,False,False,0.0,0.274
2026-04-21 08:30:00+01:00,0.168,False,False,0.0,0.168
2026-04-21 09:00:00+01:00,0.087,False,False,0.0,0.087
2026-04-21 09:30:00+01:00,0.085,False,False,0.0,0.085
2026-04-21 10:00:00+01:00,0.073,False,False,0.0,0.073
2026-04-21 10:30:00+01:00,0.086,False,False,0.0,0.086
2026-04-21 11:00:00+01:00,0.084,False,False,0.0,0.084
2026-04-21 11:30:00+01:00,0.074,False,False,0.0,0.074
2026-04-21 12:00:00+01:00,0.112,False,False,0.0,0.112
2026-04-21 12:30:00+01:00,0.11,False,False,0.0,0.11
2026-04-21 13:00:00+01:00,0.078,False,False,0.0,0.078
2026-04-21 13:30:00+01:00,0.086,False,False,0.0,0.086
2026-04-21 14:00:00+01:00,0.079,False,False,0.0,0.079
2026-04-21 14:30:00+01:00,0.078,False,False,0.0,0.078
2026-04-21 15:00:00+01:00,0.085,False,False,0.0,0.085
2026-04-21 15:30:00+01:00,1.018,False,False,0.0,1.018
2026-04-21 16:00:00+01:00,0.673,False,False,0.0,0.673
2026-04-21 16:30:00+01:00,0.293,False,False,0.0,0.293
2026-04-21 17:00:00+01:00,0.855,False,False,0.0,0.855
2026-04-21 17:30:00+01:00,0.477,False,False,0.0,0.477
2026-04-21 18:00:00+01:00,0.257,False,False,0.0,0.257
2026-04-21 18:30:00+01:00,0.941,False,False,0.0,0.941
2026-04-21 19:00:00+01:00,0.248,False,False,0.0,0.248
2026-04-21 19:30:00+01:00,0.242,False,False,0.0,0.242
2026-04-21 20:00:00+01:00,0.187,False,False,0.0,0.187
2026-04-21 20:30:00+01:00,0.164,False,False,0.0,0.164
2026-04-21 21:00:00+01:00,0.141,False,False,0.0,0.141
2026-04-21 21:30:00+01:00,0.104,False,False,0.0,0.104
2026-04-21 22:00:00+01:00,3.42,False,False,0.0,3.42
2026-04-21 22:30:00+01:00,0.078,False,False,0.0,0.078
2026-04-21 23:00:00+01:00,0.074,True,False,0.0,0.074
2026-04-21 23:30:00+01:00,0.083,True,False,0.0,0.083
2026-04-22 00:00:00+01:00,0.078,True,False,0.0,0.078
2026-04-22 00:30:00+01:00,0.074,True,False,0.0,0.074
2026-04-22 01:00:00+01:00,0.083,True,False,0.0,0.083
2026-04-22 01:30:00+01:00,3.68,True,True,3.5940000000000003,0.08599999999999985
2026-04-22 02:00:00+01:00,0.076,True,False,0.0,0.076
2026-04-22 02:30:00+01:00,3.685,True,True,3.607,0.07799999999999985
2026-04-22 03:00:00+01:00,0.658,True,False,0.0,0.658
2026-04-22 03:30:00+01:00,0.065,True,False,0.0,0.065
2026-04-22 04:00:00+01:00,0.071,True,False,0.0,0.071
2026-04-22 04:30:00+01:00,0.063,True,False,0.0,0.063
2026-04-22 05:00:00+01:00,0.067,False,False,0.0,0.067
2026-04-22 05:30:00+01:00,0.076,False,False,0.0,0.076
2026-04-22 06:00:00+01:00,0.071,False,False,0.0,0.071
2026-04-22 06:30:00+01:00,0.111,False,False,0.0,0.111
2026-04-22 07:00:00+01:00,0.185,False,False,0.0,0.185
2026-04-22 07:30:00+01:00,0.564,False,False,0.0,0.564
2026-04-22 08:00:00+01:00,0.476,False,False,0.0,0.476
2026-04-22 08:30:00+01:00,0.443,False,False,0.0,0.443
2026-04-22 09:00:00+01:00,0.19,False,False,0.0,0.19
2026-04-22 09:30:00+01:00,0.281,False,False,0.0,0.281
2026-04-22 10:00:00+01:00,0.12,False,False,0.0,0.12
2026-04-22 10:30:00+01:00,0.142,False,False,0.0,0.142
2026-04-22 11:00:00+01:00,0.142,False,False,0.0,0.142
2026-04-22 11:30:00+01:00,0.143,False,False,0.0,0.143
2026-04-22 12:00:00+01:00,0.168,False,False,0.0,0.168
2026-04-22 12:30:00+01:00,0.392,False,False,0.0,0.392
2026-04-22 13:00:00+01:00,0.291,False,False,0.0,0.291
2026-04-22 13:30:00+01:00,0.124,False,False,0.0,0.124
2026-04-22 14:00:00+01:00,0.173,False,False,0.0,0.173
2026-04-22 14:30:00+01:00,0.124,False,False,0.0,0.124
2026-04-22 15:00:00+01:00,0.127,False,False,0.0,0.127
2026-04-22 15:30:00+01:00,0.346,False,False,0.0,0.346
2026-04-22 16:00:00+01:00,0.943,False,False,0.0,0.943
2026-04-22 16:30:00+01:00,0.777,False,False,0.0,0.777
2026-04-22 17:00:00+01:00,0.235,False,False,0.0,0.235
2026-04-22 17:30:00+01:00,0.212,False,False,0.0,0.212
2026-04-22 18:00:00+01:00,0.201,False,False,0.0,0.201
2026-04-22 18:30:00+01:00,0.189,False,False,0.0,0.189
2026-04-22 19:00:00+01:00,0.236,False,False,0.0,0.236
2026-04-22 19:30:00+01:00,0.583,False,False,0.0,0.583
2026-04-22 20:00:00+01:00,1.312,False,False,0.0,1.312
2026-04-22 20:30:00+01:00,0.786,False,False,0.0,0.786
2026-04-22 21:00:00+01:00,0.193,False,False,0.0,0.193
2026-04-22 21:30:00+01:00,0.193,False,False,0.0,0.193
2026-04-22 22:00:00+01:00,0.188,False,False,0.0,0.188
2026-04-22 22:30:00+01:00,0.187,False,False,0.0,0.187
2026-04-22 23:00:00+01:00,0.153,True,False,0.0,0.153
2026-04-22 23:30:00+01:00,0.106,True,False,0.0,0.106
2026-04-23 00:00:00+01:00,0.092,True,False,0.0,0.092
2026-04-23 00:30:00+01:00,0.087,True,False,0.0,0.087
2026-04-23 01:00:00+01:00,0.085,True,False,0.0,0.085
2026-04-23 01:30:00+01:00,0.085,True,False,0.0,0.085
2026-04-23 02:00:00+01:00,0.083,True,False,0.0,0.083
2026-04-23 02:30:00+01:00,0.069,True,False,0.0,0.069
2026-04-23 03:00:00+01:00,0.071,True,False,0.0,0.071
2026-04-23 03:30:00+01:00,0.074,True,False,0.0,0.074
2026-04-23 04:00:00+01:00,0.067,True,False,0.0,0.067
2026-04-23 04:30:00+01:00,0.07,True,False,0.0,0.07
2026-04-23 05:00:00+01:00,0.074,False,False,0.0,0.074
2026-04-23 05:30:00+01:00,0.068,False,False,0.0,0.068
2026-04-23 06:00:00+01:00,0.083,False,False,0.0,0.083
2026-04-23 06:30:00+01:00,0.113,False,False,0.0,0.113
2026-04-23 07:00:00+01:00,0.638,False,False,0.0,0.638
2026-04-23 07:30:00+01:00,0.725,False,False,0.0,0.725
2026-04-23 08:00:00+01:00,0.495,False,False,0.0,0.495
2026-04-23 08:30:00+01:00,0.45,False,False,0.0,0.45
2026-04-23 09:00:00+01:00,0.778,False,False,0.0,0.778
2026-04-23 09:30:00+01:00,0.246,False,False,0.0,0.246
2026-04-23 10:00:00+01:00,0.193,False,False,0.0,0.193
2026-04-23 10:30:00+01:00,0.185,False,False,0.0,0.185
2026-04-23 11:00:00+01:00,0.14,False,False,0.0,0.14
2026-04-23 11:30:00+01:00,0.55,False,False,0.0,0.55
2026-04-23 12:00:00+01:00,0.475,False,False,0.0,0.475
2026-04-23 12:30:00+01:00,0.492,False,False,0.0,0.492
2026-04-23 13:00:00+01:00,1.257,False,False,0.0,1.257
2026-04-23 13:30:00+01:00,0.498,False,False,0.0,0.498
2026-04-23 14:00:00+01:00,0.442,False,False,0.0,0.442
2026-04-23 14:30:00+01:00,0.247,False,False,0.0,0.247
2026-04-23 15:00:00+01:00,0.205,False,False,0.0,0.205
2026-04-23 15:30:00+01:00,0.247,False,False,0.0,0.247
2026-04-23 16:00:00+01:00,0.252,False,False,0.0,0.252
2026-04-23 16:30:00+01:00,0.264,False,False,0.0,0.264
2026-04-23 17:00:00+01:00,0.294,False,False,0.0,0.294
2026-04-23 17:30:00+01:00,0.183,False,False,0.0,0.183
2026-04-23 18:00:00+01:00,0.194,False,False,0.0,0.194
2026-04-23 18:30:00+01:00,0.228,False,False,0.0,0.228
2026-04-23 19:00:00+01:00,0.257,False,False,0.0,0.257
2026-04-23 19:30:00+01:00,0.231,False,False,0.0,0.231
2026-04-23 20:00:00+01:00,0.299,False,False,0.0,0.299
2026-04-23 20:30:00+01:00,0.288,False,False,0.0,0.288
2026-04-23 21:00:00+01:00,0.27,False,False,0.0,0.27
2026-04-23 21:30:00+01:00,0.261,False,False,0.0,0.261
2026-04-23 22:00:00+01:00,0.241,False,False,0.0,0.241
2026-04-23 22:30:00+01:00,0.17,False,False,0.0,0.17
2026-04-23 23:00:00+01:00,0.098,True,False,0.0,0.098
2026-04-23 23:30:00+01:00,0.101,True,False,0.0,0.101
2026-04-24 00:00:00+01:00,0.095,True,False,0.0,0.095
2026-04-24 00:30:00+01:00,0.092,True,False,0.0,0.092
2026-04-24 01:00:00+01:00,0.089,True,False,0.0,0.089
2026-04-24 01:30:00+01:00,0.088,True,False,0.0,0.088
2026-04-24 02:00:00+01:00,0.082,True,False,0.0,0.082
2026-04-24 02:30:00+01:00,0.084,True,False,0.0,0.084
2026-04-24 03:00:00+01:00,0.07,True,False,0.0,0.07
2026-04-24 03:30:00+01:00,0.078,True,False,0.0,0.078
2026-04-24 04:00:00+01:00,0.08,True,False,0.0,0.08
2026-04-24 04:30:00+01:00,0.07,True,False,0.0,0.07
2026-04-24 05:00:00+01:00,0.084,False,False,0.0,0.084
2026-04-24 05:30:00+01:00,0.128,False,False,0.0,0.128
2026-04-24 06:00:00+01:00,0.094,False,False,0.0,0.094
2026-04-24 06:30:00+01:00,0.12,False,False,0.0,0.12
2026-04-24 07:00:00+01:00,0.744,False,False,0.0,0.744
2026-04-24 07:30:00+01:00,0.926,False,False,0.0,0.926
2026-04-24 08:00:00+01:00,0.443,False,False,0.0,0.443
2026-04-24 08:30:00+01:00,0.785,False,False,0.0,0.785
2026-04-24 09:00:00+01:00,0.531,False,False,0.0,0.531
2026-04-24 09:30:00+01:00,0.211,False,False,0.0,0.211
2026-04-24 10:00:00+01:00,0.161,False,False,0.0,0.161
2026-04-24 10:30:00+01:00,0.151,False,False,0.0,0.151
2026-04-24 11:00:00+01:00,0.163,False,False,0.0,0.163
2026-04-24 11:30:00+01:00,0.152,False,False,0.0,0.152
2026-04-24 12:00:00+01:00,0.42,False,False,0.0,0.42
2026-04-24 12:30:00+01:00,0.603,False,False,0.0,0.603
2026-04-24 13:00:00+01:00,0.201,False,False,0.0,0.201
2026-04-24 13:30:00+01:00,0.163,False,False,0.0,0.163
2026-04-24 14:00:00+01:00,0.162,False,False,0.0,0.162
2026-04-24 14:30:00+01:00,0.162,False,False,0.0,0.162
2026-04-24 15:00:00+01:00,0.16,False,False,0.0,0.16
2026-04-24 15:30:00+01:00,0.323,False,False,0.0,0.323
2026-04-24 16:00:00+01:00,0.367,False,False,0.0,0.367
2026-04-24 16:30:00+01:00,0.591,False,False,0.0,0.591
2026-04-24 17:00:00+01:00,0.93,False,False,0.0,0.93
2026-04-24 17:30:00+01:00,0.714,False,False,0.0,0.714
2026-04-24 18:00:00+01:00,1.27,False,False,0.0,1.27
2026-04-24 18:30:00+01:00,0.933,False,False,0.0,0.933
2026-04-24 19:00:00+01:00,0.321,False,False,0.0,0.321
2026-04-24 19:30:00+01:00,0.274,False,False,0.0,0.274
2026-04-24 20:00:00+01:00,0.243,False,False,0.0,0.243
2026-04-24 20:30:00+01:00,0.232,False,False,0.0,0.232
2026-04-24 21:00:00+01:00,0.276,False,False,0.0,0.276
2026-04-24 21:30:00+01:00,0.321,False,False,0.0,0.321
2026-04-24 22:00:00+01:00,0.323,False,False,0.0,0.323
2026-04-24 22:30:00+01:00,0.302,False,False,0.0,0.302
2026-04-24 23:00:00+01:00,0.304,True,False,0.0,0.304
2026-04-24 23:30:00+01:00,0.305,True,False,0.0,0.305
2026-04-25 00:00:00+01:00,0.102,True,False,0.0,0.102
2026-04-25 00:30:00+01:00,0.094,True,False,0.0,0.094
2026-04-25 01:00:00+01:00,0.091,True,False,0.0,0.091
2026-04-25 01:30:00+01:00,0.092,True,False,0.0,0.092
2026-04-25 02:00:00+01:00,0.087,True,False,0.0,0.087
2026-04-25 02:30:00+01:00,0.077,True,False,0.0,0.077
2026-04-25 03:00:00+01:00,0.063,True,False,0.0,0.063
2026-04-25 03:30:00+01:00,0.076,True,False,0.0,0.076
2026-04-25 04:00:00+01:00,0.074,True,False,0.0,0.074
2026-04-25 04:30:00+01:00,0.062,True,False,0.0,0.062
2026-04-25 05:00:00+01:00,0.074,False,False,0.0,0.074
2026-04-25 05:30:00+01:00,0.076,False,False,0.0,0.076
2026-04-25 06:00:00+01:00,0.073,False,False,0.0,0.073
2026-04-25 06:30:00+01:00,0.111,False,False,0.0,0.111
2026-04-25 07:00:00+01:00,0.153,False,False,0.0,0.153
2026-04-25 07:30:00+01:00,0.455,False,False,0.0,0.455
2026-04-25 08:00:00+01:00,0.244,False,False,0.0,0.244
2026-04-25 08:30:00+01:00,0.352,False,False,0.0,0.352
2026-04-25 09:00:00+01:00,0.455,False,False,0.0,0.455
2026-04-25 09:30:00+01:00,0.461,False,False,0.0,0.461
2026-04-25 10:00:00+01:00,0.666,False,False,0.0,0.666
2026-04-25 10:30:00+01:00,0.598,False,False,0.0,0.598
2026-04-25 11:00:00+01:00,0.406,False,False,0.0,0.406
2026-04-25 11:30:00+01:00,0.583,False,False,0.0,0.583
2026-04-25 12:00:00+01:00,0.63,False,False,0.0,0.63
2026-04-25 12:30:00+01:00,0.244,False,False,0.0,0.244
2026-04-25 13:00:00+01:00,0.213,False,False,0.0,0.213
2026-04-25 13:30:00+01:00,0.171,False,False,0.0,0.171
2026-04-25 14:00:00+01:00,0.203,False,False,0.0,0.203
2026-04-25 14:30:00+01:00,0.134,False,False,0.0,0.134
2026-04-25 15:00:00+01:00,1.045,False,False,0.0,1.045
2026-04-25 15:30:00+01:00,0.944,False,False,0.0,0.944
2026-04-25 16:00:00+01:00,0.952,False,False,0.0,0.952
2026-04-25 16:30:00+01:00,0.479,False,False,0.0,0.479
2026-04-25 17:00:00+01:00,0.232,False,False,0.0,0.232
2026-04-25 17:30:00+01:00,0.249,False,False,0.0,0.249
2026-04-25 18:00:00+01:00,0.25,False,False,0.0,0.25
2026-04-25 18:30:00+01:00,0.217,False,False,0.0,0.217
2026-04-25 19:00:00+01:00,0.328,False,False,0.0,0.328
2026-04-25 19:30:00+01:00,0.22,False,False,0.0,0.22
2026-04-25 20:00:00+01:00,0.195,False,False,0.0,0.195
2026-04-25 20:30:00+01:00,0.181,False,False,0.0,0.181
2026-04-25 21:00:00+01:00,0.189,False,False,0.0,0.189
2026-04-25 21:30:00+01:00,0.166,False,False,0.0,0.166
2026-04-25 22:00:00+01:00,0.159,False,False,0.0,0.159
2026-04-25 22:30:00+01:00,0.153,False,False,0.0,0.153
2026-04-25 23:00:00+01:00,0.146,True,False,0.0,0.146
2026-04-25 23:30:00+01:00,0.197,True,False,0.0,0.197
2026-04-26 00:00:00+01:00,0.105,True,False,0.0,0.105
2026-04-26 00:30:00+01:00,0.087,True,False,0.0,0.087
2026-04-26 01:00:00+01:00,0.085,True,False,0.0,0.085
2026-04-26 01:30:00+01:00,0.085,True,False,0.0,0.085
2026-04-26 02:00:00+01:00,0.084,True,False,0.0,0.084
2026-04-26 02:30:00+01:00,0.079,True,False,0.0,0.079
2026-04-26 03:00:00+01:00,0.073,True,False,0.0,0.073
2026-04-26 03:30:00+01:00,0.07,True,False,0.0,0.07
2026-04-26 04:00:00+01:00,0.073,True,False,0.0,0.073
2026-04-26 04:30:00+01:00,0.072,True,False,0.0,0.072
2026-04-26 05:00:00+01:00,0.072,False,False,0.0,0.072
2026-04-26 05:30:00+01:00,0.064,False,False,0.0,0.064
2026-04-26 06:00:00+01:00,0.085,False,False,0.0,0.085
2026-04-26 06:30:00+01:00,0.108,False,False,0.0,0.108
2026-04-26 07:00:00+01:00,0.111,False,False,0.0,0.111
2026-04-26 07:30:00+01:00,0.41,False,False,0.0,0.41
2026-04-26 08:00:00+01:00,0.17,False,False,0.0,0.17
2026-04-26 08:30:00+01:00,0.309,False,False,0.0,0.309
2026-04-26 09:00:00+01:00,0.304,False,False,0.0,0.304
2026-04-26 09:30:00+01:00,0.79,False,False,0.0,0.79
2026-04-26 10:00:00+01:00,0.561,False,False,0.0,0.561
2026-04-26 10:30:00+01:00,0.187,False,False,0.0,0.187
2026-04-26 11:00:00+01:00,0.81,False,False,0.0,0.81
2026-04-26 11:30:00+01:00,0.206,False,False,0.0,0.206
2026-04-26 12:00:00+01:00,0.196,False,False,0.0,0.196
2026-04-26 12:30:00+01:00,0.122,False,False,0.0,0.122
2026-04-26 13:00:00+01:00,0.155,False,False,0.0,0.155
2026-04-26 13:30:00+01:00,0.153,False,False,0.0,0.153
2026-04-26 14:00:00+01:00,0.156,False,False,0.0,0.156
2026-04-26 14:30:00+01:00,0.2,False,False,0.0,0.2
2026-04-26 15:00:00+01:00,0.19,False,False,0.0,0.19
2026-04-26 15:30:00+01:00,0.207,False,False,0.0,0.207
2026-04-26 16:00:00+01:00,1.078,False,False,0.0,1.078
2026-04-26 16:30:00+01:00,4.26,False,True,3.892,0.3679999999999999
2026-04-26 17:00:00+01:00,0.666,False,False,0.0,0.666
2026-04-26 17:30:00+01:00,4.758,False,True,4.388,0.3700000000000001
2026-04-26 18:00:00+01:00,0.912,False,False,0.0,0.912
2026-04-26 18:30:00+01:00,0.317,False,False,0.0,0.317
2026-04-26 19:00:00+01:00,0.323,False,False,0.0,0.323
2026-04-26 19:30:00+01:00,0.268,False,False,0.0,0.268
2026-04-26 20:00:00+01:00,0.35,False,False,0.0,0.35
2026-04-26 20:30:00+01:00,0.173,False,False,0.0,0.173
2026-04-26 21:00:00+01:00,0.144,False,False,0.0,0.144
2026-04-26 21:30:00+01:00,0.101,False,False,0.0,0.101
2026-04-26 22:00:00+01:00,0.171,False,False,0.0,0.171
2026-04-26 22:30:00+01:00,1.246,False,False,0.0,1.246
2026-04-26 23:00:00+01:00,0.53,True,False,0.0,0.53
2026-04-26 23:30:00+01:00,0.092,True,False,0.0,0.092
2026-04-27 00:00:00+01:00,3.747,True,True,3.6519999999999997,0.0950000000000002
2026-04-27 00:30:00+01:00,3.858,True,True,3.7680000000000002,0.08999999999999986
2026-04-27 01:00:00+01:00,3.819,True,True,3.731,0.08800000000000008
2026-04-27 01:30:00+01:00,0.083,True,False,0.0,0.083
2026-04-27 02:00:00+01:00,0.082,True,False,0.0,0.082
2026-04-27 02:30:00+01:00,3.745,True,True,3.6670000000000003,0.07799999999999985
2026-04-27 03:00:00+01:00,3.816,True,True,3.742,0.07399999999999984
2026-04-27 03:30:00+01:00,0.385,True,False,0.0,0.385
2026-04-27 04:00:00+01:00,0.065,True,False,0.0,0.065
2026-04-27 04:30:00+01:00,0.073,True,False,0.0,0.073
2026-04-27 05:00:00+01:00,0.071,False,False,0.0,0.071
2026-04-27 05:30:00+01:00,0.063,False,False,0.0,0.063
2026-04-27 06:00:00+01:00,0.082,False,False,0.0,0.082
2026-04-27 06:30:00+01:00,0.107,False,False,0.0,0.107
2026-04-27 07:00:00+01:00,0.398,False,False,0.0,0.398
2026-04-27 07:30:00+01:00,0.327,False,False,0.0,0.327
2026-04-27 08:00:00+01:00,0.282,False,False,0.0,0.282
2026-04-27 08:30:00+01:00,0.225,False,False,0.0,0.225
2026-04-27 09:00:00+01:00,0.092,False,False,0.0,0.092
2026-04-27 09:30:00+01:00,0.087,False,False,0.0,0.087
2026-04-27 10:00:00+01:00,0.087,False,False,0.0,0.087
2026-04-27 10:30:00+01:00,0.087,False,False,0.0,0.087
2026-04-27 11:00:00+01:00,0.088,False,False,0.0,0.088
2026-04-27 11:30:00+01:00,0.076,False,False,0.0,0.076
2026-04-27 12:00:00+01:00,0.114,False,False,0.0,0.114
2026-04-27 12:30:00+01:00,0.115,False,False,0.0,0.115
2026-04-27 13:00:00+01:00,0.079,False,False,0.0,0.079
2026-04-27 13:30:00+01:00,0.087,False,False,0.0,0.087
2026-04-27 14:00:00+01:00,0.087,False,False,0.0,0.087
2026-04-27 14:30:00+01:00,0.075,False,False,0.0,0.075
2026-04-27 15:00:00+01:00,0.087,False,False,0.0,0.087
2026-04-27 15:30:00+01:00,0.803,False,False,0.0,0.803
2026-04-27 16:00:00+01:00,0.374,False,False,0.0,0.374
2026-04-27 16:30:00+01:00,0.244,False,False,0.0,0.244
2026-04-27 17:00:00+01:00,0.312,False,False,0.0,0.312
2026-04-27 17:30:00+01:00,0.252,False,False,0.0,0.252
2026-04-27 18:00:00+01:00,0.276,False,False,0.0,0.276
2026-04-27 18:30:00+01:00,0.263,False,False,0.0,0.263
2026-04-27 19:00:00+01:00,0.237,False,False,0.0,0.237
2026-04-27 19:30:00+01:00,0.239,False,False,0.0,0.239
2026-04-27 20:00:00+01:00,0.229,False,False,0.0,0.229
2026-04-27 20:30:00+01:00,0.183,False,False,0.0,0.183
2026-04-27 21:00:00+01:00,0.152,False,False,0.0,0.152
2026-04-27 21:30:00+01:00,0.143,False,False,0.0,0.143
2026-04-27 22:00:00+01:00,0.1,False,False,0.0,0.1
2026-04-27 22:30:00+01:00,0.111,False,False,0.0,0.111
2026-04-27 23:00:00+01:00,0.11,True,False,0.0,0.11
2026-04-27 23:30:00+01:00,0.108,True,False,0.0,0.108
2026-04-28 00:00:00+01:00,0.102,True,False,0.0,0.102
2026-04-28 00:30:00+01:00,0.112,True,False,0.0,0.112
2026-04-28 01:00:00+01:00,0.111,True,False,0.0,0.111
2026-04-28 01:30:00+01:00,0.099,True,False,0.0,0.099
2026-04-28 02:00:00+01:00,0.112,True,False,0.0,0.112
2026-04-28 02:30:00+01:00,0.104,True,False,0.0,0.104
2026-04-28 03:00:00+01:00,0.092,True,False,0.0,0.092
2026-04-28 03:30:00+01:00,0.097,True,False,0.0,0.097
2026-04-28 04:00:00+01:00,0.1,True,False,0.0,0.1
2026-04-28 04:30:00+01:00,0.137,True,False,0.0,0.137
2026-04-28 05:00:00+01:00,0.117,False,False,0.0,0.117
2026-04-28 05:30:00+01:00,0.107,False,False,0.0,0.107
2026-04-28 06:00:00+01:00,0.113,False,False,0.0,0.113
2026-04-28 06:30:00+01:00,0.147,False,False,0.0,0.147
2026-04-28 07:00:00+01:00,0.299,False,False,0.0,0.299
2026-04-28 07:30:00+01:00,0.744,False,False,0.0,0.744
2026-04-28 08:00:00+01:00,0.77,False,False,0.0,0.77
2026-04-28 08:30:00+01:00,0.366,False,False,0.0,0.366
2026-04-28 09:00:00+01:00,0.465,False,False,0.0,0.465
2026-04-28 09:30:00+01:00,0.487,False,False,0.0,0.487
2026-04-28 10:00:00+01:00,0.107,False,False,0.0,0.107
2026-04-28 10:30:00+01:00,0.108,False,False,0.0,0.108
2026-04-28 11:00:00+01:00,0.112,False,False,0.0,0.112
2026-04-28 11:30:00+01:00,0.11,False,False,0.0,0.11
2026-04-28 12:00:00+01:00,0.128,False,False,0.0,0.128
2026-04-28 12:30:00+01:00,0.14,False,False,0.0,0.14
2026-04-28 13:00:00+01:00,0.115,False,False,0.0,0.115
2026-04-28 13:30:00+01:00,0.1,False,False,0.0,0.1
2026-04-28 14:00:00+01:00,0.11,False,False,0.0,0.11
2026-04-28 14:30:00+01:00,0.111,False,False,0.0,0.111
2026-04-28 15:00:00+01:00,0.106,False,False,0.0,0.106
2026-04-28 15:30:00+01:00,0.85,False,False,0.0,0.85
2026-04-28 16:00:00+01:00,0.39,False,False,0.0,0.39
2026-04-28 16:30:00+01:00,0.315,False,False,0.0,0.315
2026-04-28 17:00:00+01:00,0.299,False,False,0.0,0.299
2026-04-28 17:30:00+01:00,0.322,False,False,0.0,0.322
2026-04-28 18:00:00+01:00,0.235,False,False,0.0,0.235
2026-04-28 18:30:00+01:00,0.485,False,False,0.0,0.485
2026-04-28 19:00:00+01:00,0.237,False,False,0.0,0.237
2026-04-28 19:30:00+01:00,0.217,False,False,0.0,0.217
2026-04-28 20:00:00+01:00,0.18,False,False,0.0,0.18
2026-04-28 20:30:00+01:00,0.203,False,False,0.0,0.203
2026-04-28 21:00:00+01:00,0.197,False,False,0.0,0.197
2026-04-28 21:30:00+01:00,0.15,False,False,0.0,0.15
2026-04-28 22:00:00+01:00,0.128,False,False,0.0,0.128
2026-04-28 22:30:00+01:00,0.131,False,False,0.0,0.131
2026-04-28 23:00:00+01:00,0.125,True,False,0.0,0.125
2026-04-28 23:30:00+01:00,0.08,True,False,0.0,0.08
2026-04-29 00:00:00+01:00,0.091,True,False,0.0,0.091
2026-04-29 00:30:00+01:00,0.088,True,False,0.0,0.088
2026-04-29 01:00:00+01:00,0.073,True,False,0.0,0.073
2026-04-29 01:30:00+01:00,0.085,True,False,0.0,0.085
2026-04-29 02:00:00+01:00,0.084,True,False,0.0,0.084
2026-04-29 02:30:00+01:00,3.689,True,True,3.611,0.07799999999999985
2026-04-29 03:00:00+01:00,3.785,True,True,3.7110000000000003,0.07399999999999984
2026-04-29 03:30:00+01:00,2.8,True,True,2.7249999999999996,0.07500000000000018
2026-04-29 04:00:00+01:00,0.059,True,False,0.0,0.059
2026-04-29 04:30:00+01:00,0.072,True,False,0.0,0.072
2026-04-29 05:00:00+01:00,0.072,False,False,0.0,0.072
2026-04-29 05:30:00+01:00,0.062,False,False,0.0,0.062
2026-04-29 06:00:00+01:00,0.084,False,False,0.0,0.084
2026-04-29 06:30:00+01:00,0.106,False,False,0.0,0.106
2026-04-29 07:00:00+01:00,0.229,False,False,0.0,0.229
2026-04-29 07:30:00+01:00,0.474,False,False,0.0,0.474
2026-04-29 08:00:00+01:00,0.397,False,False,0.0,0.397
2026-04-29 08:30:00+01:00,1.383,False,False,0.0,1.383
2026-04-29 09:00:00+01:00,1.815,False,False,0.0,1.815
2026-04-29 09:30:00+01:00,0.326,False,False,0.0,0.326
2026-04-29 10:00:00+01:00,0.207,False,False,0.0,0.207
2026-04-29 10:30:00+01:00,0.289,False,False,0.0,0.289
2026-04-29 11:00:00+01:00,0.223,False,False,0.0,0.223
2026-04-29 11:30:00+01:00,0.192,False,False,0.0,0.192
2026-04-29 12:00:00+01:00,0.251,False,False,0.0,0.251
2026-04-29 12:30:00+01:00,0.214,False,False,0.0,0.214
2026-04-29 13:00:00+01:00,0.122,False,False,0.0,0.122
2026-04-29 13:30:00+01:00,0.126,False,False,0.0,0.126
2026-04-29 14:00:00+01:00,0.111,False,False,0.0,0.111
2026-04-29 14:30:00+01:00,0.165,False,False,0.0,0.165
2026-04-29 15:00:00+01:00,0.113,False,False,0.0,0.113
2026-04-29 15:30:00+01:00,0.727,False,False,0.0,0.727
2026-04-29 16:00:00+01:00,1.678,False,False,0.0,1.678
2026-04-29 16:30:00+01:00,0.668,False,False,0.0,0.668
2026-04-29 17:00:00+01:00,0.476,False,False,0.0,0.476
2026-04-29 17:30:00+01:00,1.019,False,False,0.0,1.019
2026-04-29 18:00:00+01:00,0.42,False,False,0.0,0.42
2026-04-29 18:30:00+01:00,0.264,False,False,0.0,0.264
2026-04-29 19:00:00+01:00,0.259,False,False,0.0,0.259
2026-04-29 19:30:00+01:00,0.266,False,False,0.0,0.266
2026-04-29 20:00:00+01:00,0.265,False,False,0.0,0.265
2026-04-29 20:30:00+01:00,0.374,False,False,0.0,0.374
2026-04-29 21:00:00+01:00,0.391,False,False,0.0,0.391
2026-04-29 21:30:00+01:00,0.333,False,False,0.0,0.333
2026-04-29 22:00:00+01:00,0.332,False,False,0.0,0.332
2026-04-29 22:30:00+01:00,0.363,False,False,0.0,0.363
2026-04-29 23:00:00+01:00,0.209,True,False,0.0,0.209
2026-04-29 23:30:00+01:00,0.095,True,False,0.0,0.095
2026-04-30 00:00:00+01:00,0.092,True,False,0.0,0.092
2026-04-30 00:30:00+01:00,0.132,True,False,0.0,0.132
2026-04-30 01:00:00+01:00,0.09,True,False,0.0,0.09
2026-04-30 01:30:00+01:00,0.087,True,False,0.0,0.087
2026-04-30 02:00:00+01:00,0.088,True,False,0.0,0.088
2026-04-30 02:30:00+01:00,0.084,True,False,0.0,0.084
2026-04-30 03:00:00+01:00,0.083,True,False,0.0,0.083
2026-04-30 03:30:00+01:00,0.077,True,False,0.0,0.077
2026-04-30 04:00:00+01:00,0.078,True,False,0.0,0.078
2026-04-30 04:30:00+01:00,0.072,True,False,0.0,0.072
2026-04-30 05:00:00+01:00,0.083,False,False,0.0,0.083
2026-04-30 05:30:00+01:00,0.075,False,False,0.0,0.075
2026-04-30 06:00:00+01:00,0.079,False,False,0.0,0.079
2026-04-30 06:30:00+01:00,0.108,False,False,0.0,0.108
2026-04-30 07:00:00+01:00,0.777,False,False,0.0,0.777
2026-04-30 07:30:00+01:00,0.658,False,False,0.0,0.658
2026-04-30 08:00:00+01:00,0.396,False,False,0.0,0.396
2026-04-30 08:30:00+01:00,0.828,False,False,0.0,0.828
2026-04-30 09:00:00+01:00,0.269,False,False,0.0,0.269
2026-04-30 09:30:00+01:00,0.201,False,False,0.0,0.201
2026-04-30 10:00:00+01:00,0.426,False,False,0.0,0.426
2026-04-30 10:30:00+01:00,0.241,False,False,0.0,0.241
2026-04-30 11:00:00+01:00,0.252,False,False,0.0,0.252
2026-04-30 11:30:00+01:00,0.307,False,False,0.0,0.307
2026-04-30 12:00:00+01:00,0.226,False,False,0.0,0.226
2026-04-30 12:30:00+01:00,0.212,False,False,0.0,0.212
2026-04-30 13:00:00+01:00,0.19,False,False,0.0,0.19
2026-04-30 13:30:00+01:00,0.173,False,False,0.0,0.173
2026-04-30 14:00:00+01:00,0.171,False,False,0.0,0.171
2026-04-30 14:30:00+01:00,0.188,False,False,0.0,0.188
2026-04-30 15:00:00+01:00,0.207,False,False,0.0,0.207
2026-04-30 15:30:00+01:00,0.259,False,False,0.0,0.259
2026-04-30 16:00:00+01:00,0.9,False,False,0.0,0.9
2026-04-30 16:30:00+01:00,0.906,False,False,0.0,0.906
2026-04-30 17:00:00+01:00,0.259,False,False,0.0,0.259
2026-04-30 17:30:00+01:00,1.026,False,False,0.0,1.026
2026-04-30 18:00:00+01:00,0.666,False,False,0.0,0.666
2026-04-30 18:30:00+01:00,0.214,False,False,0.0,0.214
2026-04-30 19:00:00+01:00,0.186,False,False,0.0,0.186
2026-04-30 19:30:00+01:00,0.169,False,False,0.0,0.169
2026-04-30 20:00:00+01:00,0.198,False,False,0.0,0.198
2026-04-30 20:30:00+01:00,0.186,False,False,0.0,0.186
2026-04-30 21:00:00+01:00,0.202,False,False,0.0,0.202
2026-04-30 21:30:00+01:00,0.182,False,False,0.0,0.182
2026-04-30 22:00:00+01:00,0.158,False,False,0.0,0.158
2026-04-30 22:30:00+01:00,0.158,False,False,0.0,0.158
2026-04-30 23:00:00+01:00,0.136,True,False,0.0,0.136
2026-04-30 23:30:00+01:00,0.111,True,False,0.0,0.111
2026-05-01 00:00:00+01:00,0.107,True,False,0.0,0.107
2026-05-01 00:30:00+01:00,0.106,True,False,0.0,0.106
2026-05-01 01:00:00+01:00,0.098,True,False,0.0,0.098
2026-05-01 01:30:00+01:00,0.1,True,False,0.0,0.1
2026-05-01 02:00:00+01:00,0.101,True,False,0.0,0.101
2026-05-01 02:30:00+01:00,0.085,True,False,0.0,0.085
2026-05-01 03:00:00+01:00,0.085,True,False,0.0,0.085
2026-05-01 03:30:00+01:00,0.089,True,False,0.0,0.089
2026-05-01 04:00:00+01:00,0.087,True,False,0.0,0.087
2026-05-01 04:30:00+01:00,0.078,True,False,0.0,0.078
2026-05-01 05:00:00+01:00,0.09,False,False,0.0,0.09
2026-05-01 05:30:00+01:00,0.092,False,False,0.0,0.092
2026-05-01 06:00:00+01:00,0.089,False,False,0.0,0.089
2026-05-01 06:30:00+01:00,0.119,False,False,0.0,0.119
2026-05-01 07:00:00+01:00,0.445,False,False,0.0,0.445
2026-05-01 07:30:00+01:00,0.377,False,False,0.0,0.377
2026-05-01 08:00:00+01:00,0.447,False,False,0.0,0.447
2026-05-01 08:30:00+01:00,0.226,False,False,0.0,0.226
2026-05-01 09:00:00+01:00,0.198,False,False,0.0,0.198
2026-05-01 09:30:00+01:00,0.196,False,False,0.0,0.196
2026-05-01 10:00:00+01:00,0.162,False,False,0.0,0.162
2026-05-01 10:30:00+01:00,0.13,False,False,0.0,0.13
2026-05-01 11:00:00+01:00,0.13,False,False,0.0,0.13
2026-05-01 11:30:00+01:00,0.204,False,False,0.0,0.204
2026-05-01 12:00:00+01:00,0.337,False,False,0.0,0.337
2026-05-01 12:30:00+01:00,0.33,False,False,0.0,0.33
2026-05-01 13:00:00+01:00,0.306,False,False,0.0,0.306
2026-05-01 13:30:00+01:00,0.296,False,False,0.0,0.296
2026-05-01 14:00:00+01:00,0.203,False,False,0.0,0.203
2026-05-01 14:30:00+01:00,0.128,False,False,0.0,0.128
2026-05-01 15:00:00+01:00,0.142,False,False,0.0,0.142
2026-05-01 15:30:00+01:00,0.183,False,False,0.0,0.183
2026-05-01 16:00:00+01:00,0.715,False,False,0.0,0.715
2026-05-01 16:30:00+01:00,0.328,False,False,0.0,0.328
2026-05-01 17:00:00+01:00,0.29,False,False,0.0,0.29
2026-05-01 17:30:00+01:00,0.212,False,False,0.0,0.212
2026-05-01 18:00:00+01:00,0.242,False,False,0.0,0.242
2026-05-01 18:30:00+01:00,0.217,False,False,0.0,0.217
2026-05-01 19:00:00+01:00,1.094,False,False,0.0,1.094
2026-05-01 19:30:00+01:00,0.53,False,False,0.0,0.53
2026-05-01 20:00:00+01:00,0.242,False,False,0.0,0.242
2026-05-01 20:30:00+01:00,0.25,False,False,0.0,0.25
2026-05-01 21:00:00+01:00,0.226,False,False,0.0,0.226
2026-05-01 21:30:00+01:00,0.181,False,False,0.0,0.181
2026-05-01 22:00:00+01:00,0.19,False,False,0.0,0.19
2026-05-01 22:30:00+01:00,0.214,False,False,0.0,0.214
2026-05-01 23:00:00+01:00,0.123,True,False,0.0,0.123
2026-05-01 23:30:00+01:00,0.124,True,False,0.0,0.124
2026-05-02 00:00:00+01:00,0.116,True,False,0.0,0.116
2026-05-02 00:30:00+01:00,0.147,True,False,0.0,0.147
2026-05-02 01:00:00+01:00,0.09,True,False,0.0,0.09
2026-05-02 01:30:00+01:00,3.718,True,True,3.632,0.08599999999999985
2026-05-02 02:00:00+01:00,0.085,True,False,0.0,0.085
2026-05-02 02:30:00+01:00,3.722,True,True,3.644,0.07799999999999985
2026-05-02 03:00:00+01:00,3.811,True,True,3.737,0.07399999999999984
2026-05-02 03:30:00+01:00,0.075,True,False,0.0,0.075
2026-05-02 04:00:00+01:00,3.737,True,True,3.6630000000000003,0.07399999999999984
2026-05-02 04:30:00+01:00,0.065,True,False,0.0,0.065
2026-05-02 05:00:00+01:00,3.808,False,True,3.735,0.07299999999999995
2026-05-02 05:30:00+01:00,0.35,False,False,0.0,0.35
2026-05-02 06:00:00+01:00,1.767,False,False,0.0,1.767
2026-05-02 06:30:00+01:00,0.089,False,False,0.0,0.089
2026-05-02 07:00:00+01:00,0.164,False,False,0.0,0.164
2026-05-02 07:30:00+01:00,0.405,False,False,0.0,0.405
2026-05-02 08:00:00+01:00,0.226,False,False,0.0,0.226
2026-05-02 08:30:00+01:00,0.422,False,False,0.0,0.422
2026-05-02 09:00:00+01:00,0.691,False,False,0.0,0.691
2026-05-02 09:30:00+01:00,0.607,False,False,0.0,0.607
2026-05-02 10:00:00+01:00,0.696,False,False,0.0,0.696
2026-05-02 10:30:00+01:00,1.945,False,False,0.0,1.945
2026-05-02 11:00:00+01:00,1.008,False,False,0.0,1.008
2026-05-02 11:30:00+01:00,0.222,False,False,0.0,0.222
2026-05-02 12:00:00+01:00,0.179,False,False,0.0,0.179
2026-05-02 12:30:00+01:00,0.163,False,False,0.0,0.163
2026-05-02 13:00:00+01:00,0.093,False,False,0.0,0.093
2026-05-02 13:30:00+01:00,0.09,False,False,0.0,0.09
2026-05-02 14:00:00+01:00,0.09,False,False,0.0,0.09
2026-05-02 14:30:00+01:00,0.107,False,False,0.0,0.107
2026-05-02 15:00:00+01:00,0.078,False,False,0.0,0.078
2026-05-02 15:30:00+01:00,0.116,False,False,0.0,0.116
2026-05-02 16:00:00+01:00,0.117,False,False,0.0,0.117
2026-05-02 16:30:00+01:00,0.117,False,False,0.0,0.117
2026-05-02 17:00:00+01:00,0.118,False,False,0.0,0.118
2026-05-02 17:30:00+01:00,0.117,False,False,0.0,0.117
2026-05-02 18:00:00+01:00,0.199,False,False,0.0,0.199
2026-05-02 18:30:00+01:00,0.329,False,False,0.0,0.329
2026-05-02 19:00:00+01:00,0.234,False,False,0.0,0.234
2026-05-02 19:30:00+01:00,0.161,False,False,0.0,0.161
2026-05-02 20:00:00+01:00,0.176,False,False,0.0,0.176
2026-05-02 20:30:00+01:00,0.202,False,False,0.0,0.202
2026-05-02 21:00:00+01:00,0.183,False,False,0.0,0.183
2026-05-02 21:30:00+01:00,0.159,False,False,0.0,0.159
2026-05-02 22:00:00+01:00,0.155,False,False,0.0,0.155
2026-05-02 22:30:00+01:00,0.154,False,False,0.0,0.154
2026-05-02 23:00:00+01:00,0.152,True,False,0.0,0.152
2026-05-02 23:30:00+01:00,0.152,True,False,0.0,0.152
2026-05-03 00:00:00+01:00,0.115,True,False,0.0,0.115
2026-05-03 00:30:00+01:00,0.097,True,False,0.0,0.097
2026-05-03 01:00:00+01:00,0.102,True,False,0.0,0.102
2026-05-03 01:30:00+01:00,0.098,True,False,0.0,0.098
2026-05-03 02:00:00+01:00,0.096,True,False,0.0,0.096
2026-05-03 02:30:00+01:00,0.089,True,False,0.0,0.089
2026-05-03 03:00:00+01:00,0.085,True,False,0.0,0.085
2026-05-03 03:30:00+01:00,0.082,True,False,0.0,0.082
2026-05-03 04:00:00+01:00,0.084,True,False,0.0,0.084
2026-05-03 04:30:00+01:00,0.086,True,False,0.0,0.086
2026-05-03 05:00:00+01:00,0.085,False,False,0.0,0.085
2026-05-03 05:30:00+01:00,0.088,False,False,0.0,0.088
2026-05-03 06:00:00+01:00,0.096,False,False,0.0,0.096
2026-05-03 06:30:00+01:00,0.113,False,False,0.0,0.113
2026-05-03 07:00:00+01:00,0.134,False,False,0.0,0.134
2026-05-03 07:30:00+01:00,0.387,False,False,0.0,0.387
2026-05-03 08:00:00+01:00,0.215,False,False,0.0,0.215
2026-05-03 08:30:00+01:00,0.348,False,False,0.0,0.348
2026-05-03 09:00:00+01:00,0.332,False,False,0.0,0.332
2026-05-03 09:30:00+01:00,0.421,False,False,0.0,0.421
2026-05-03 10:00:00+01:00,0.221,False,False,0.0,0.221
2026-05-03 10:30:00+01:00,0.325,False,False,0.0,0.325
2026-05-03 11:00:00+01:00,0.155,False,False,0.0,0.155
2026-05-03 11:30:00+01:00,0.282,False,False,0.0,0.282
2026-05-03 12:00:00+01:00,0.323,False,False,0.0,0.323
2026-05-03 12:30:00+01:00,0.128,False,False,0.0,0.128
2026-05-03 13:00:00+01:00,0.086,False,False,0.0,0.086
2026-05-03 13:30:00+01:00,0.089,False,False,0.0,0.089
2026-05-03 14:00:00+01:00,0.288,False,False,0.0,0.288
2026-05-03 14:30:00+01:00,1.104,False,False,0.0,1.104
2026-05-03 15:00:00+01:00,0.408,False,False,0.0,0.408
2026-05-03 15:30:00+01:00,0.22,False,False,0.0,0.22
2026-05-03 16:00:00+01:00,0.358,False,False,0.0,0.358
2026-05-03 16:30:00+01:00,1.241,False,False,0.0,1.241
2026-05-03 17:00:00+01:00,1.365,False,False,0.0,1.365
2026-05-03 17:30:00+01:00,0.967,False,False,0.0,0.967
2026-05-03 18:00:00+01:00,0.936,False,False,0.0,0.936
2026-05-03 18:30:00+01:00,0.489,False,False,0.0,0.489
2026-05-03 19:00:00+01:00,0.424,False,False,0.0,0.424
2026-05-03 19:30:00+01:00,0.488,False,False,0.0,0.488
2026-05-03 20:00:00+01:00,0.366,False,False,0.0,0.366
2026-05-03 20:30:00+01:00,0.371,False,False,0.0,0.371
2026-05-03 21:00:00+01:00,0.66,False,False,0.0,0.66
2026-05-03 21:30:00+01:00,0.301,False,False,0.0,0.301
2026-05-03 22:00:00+01:00,0.338,False,False,0.0,0.338
2026-05-03 22:30:00+01:00,0.205,False,False,0.0,0.205
2026-05-03 23:00:00+01:00,0.214,True,False,0.0,0.214
2026-05-03 23:30:00+01:00,0.207,True,False,0.0,0.207
2026-05-04 00:00:00+01:00,0.117,True,False,0.0,0.117
2026-05-04 00:30:00+01:00,0.089,True,False,0.0,0.089
2026-05-04 01:00:00+01:00,0.087,True,False,0.0,0.087
2026-05-04 01:30:00+01:00,0.086,True,False,0.0,0.086
2026-05-04 02:00:00+01:00,0.087,True,False,0.0,0.087
2026-05-04 02:30:00+01:00,0.078,True,False,0.0,0.078
2026-05-04 03:00:00+01:00,0.084,True,False,0.0,0.084
2026-05-04 03:30:00+01:00,0.074,True,False,0.0,0.074
2026-05-04 04:00:00+01:00,0.075,True,False,0.0,0.075
2026-05-04 04:30:00+01:00,0.074,True,False,0.0,0.074
2026-05-04 05:00:00+01:00,0.074,False,False,0.0,0.074
2026-05-04 05:30:00+01:00,0.078,False,False,0.0,0.078
2026-05-04 06:00:00+01:00,0.086,False,False,0.0,0.086
2026-05-04 06:30:00+01:00,0.103,False,False,0.0,0.103
2026-05-04 07:00:00+01:00,0.201,False,False,0.0,0.201
2026-05-04 07:30:00+01:00,0.446,False,False,0.0,0.446
2026-05-04 08:00:00+01:00,0.328,False,False,0.0,0.328
2026-05-04 08:30:00+01:00,0.545,False,False,0.0,0.545
2026-05-04 09:00:00+01:00,0.603,False,False,0.0,0.603
2026-05-04 09:30:00+01:00,0.543,False,False,0.0,0.543
2026-05-04 10:00:00+01:00,0.156,False,False,0.0,0.156
2026-05-04 10:30:00+01:00,0.448,False,False,0.0,0.448
2026-05-04 11:00:00+01:00,0.375,False,False,0.0,0.375
2026-05-04 11:30:00+01:00,0.106,False,False,0.0,0.106
2026-05-04 12:00:00+01:00,0.161,False,False,0.0,0.161
2026-05-04 12:30:00+01:00,0.394,False,False,0.0,0.394
2026-05-04 13:00:00+01:00,0.317,False,False,0.0,0.317
2026-05-04 13:30:00+01:00,0.245,False,False,0.0,0.245
2026-05-04 14:00:00+01:00,0.175,False,False,0.0,0.175
2026-05-04 14:30:00+01:00,0.182,False,False,0.0,0.182
2026-05-04 15:00:00+01:00,0.16,False,False,0.0,0.16
2026-05-04 15:30:00+01:00,0.236,False,False,0.0,0.236
2026-05-04 16:00:00+01:00,0.805,False,False,0.0,0.805
2026-05-04 16:30:00+01:00,0.547,False,False,0.0,0.547
2026-05-04 17:00:00+01:00,0.279,False,False,0.0,0.279
2026-05-04 17:30:00+01:00,0.553,False,False,0.0,0.553
2026-05-04 18:00:00+01:00,0.29,False,False,0.0,0.29
2026-05-04 18:30:00+01:00,0.258,False,False,0.0,0.258
2026-05-04 19:00:00+01:00,0.217,False,False,0.0,0.217
2026-05-04 19:30:00+01:00,0.197,False,False,0.0,0.197
2026-05-04 20:00:00+01:00,0.174,False,False,0.0,0.174
2026-05-04 20:30:00+01:00,0.174,False,False,0.0,0.174
2026-05-04 21:00:00+01:00,0.179,False,False,0.0,0.179
2026-05-04 21:30:00+01:00,0.155,False,False,0.0,0.155
2026-05-04 22:00:00+01:00,0.148,False,False,0.0,0.148
2026-05-04 22:30:00+01:00,0.148,False,False,0.0,0.148
2026-05-04 23:00:00+01:00,0.13,True,False,0.0,0.13
2026-05-04 23:30:00+01:00,0.084,True,False,0.0,0.084
2026-05-05 00:00:00+01:00,0.131,True,False,0.0,0.131
2026-05-05 00:30:00+01:00,0.09,True,False,0.0,0.09
2026-05-05 01:00:00+01:00,0.085,True,False,0.0,0.085
2026-05-05 01:30:00+01:00,0.083,True,False,0.0,0.083
2026-05-05 02:00:00+01:00,0.083,True,False,0.0,0.083
2026-05-05 02:30:00+01:00,0.076,True,False,0.0,0.076
2026-05-05 03:00:00+01:00,0.071,True,False,0.0,0.071
2026-05-05 03:30:00+01:00,0.061,True,False,0.0,0.061
2026-05-05 04:00:00+01:00,0.073,True,False,0.0,0.073
2026-05-05 04:30:00+01:00,0.073,True,False,0.0,0.073
2026-05-05 05:00:00+01:00,0.066,False,False,0.0,0.066
2026-05-05 05:30:00+01:00,0.071,False,False,0.0,0.071
2026-05-05 06:00:00+01:00,0.084,False,False,0.0,0.084
2026-05-05 06:30:00+01:00,0.099,False,False,0.0,0.099
2026-05-05 07:00:00+01:00,0.315,False,False,0.0,0.315
2026-05-05 07:30:00+01:00,0.758,False,False,0.0,0.758
2026-05-05 08:00:00+01:00,0.555,False,False,0.0,0.555
2026-05-05 08:30:00+01:00,0.422,False,False,0.0,0.422
2026-05-05 09:00:00+01:00,0.688,False,False,0.0,0.688
2026-05-05 09:30:00+01:00,1.159,False,False,0.0,1.159
2026-05-05 10:00:00+01:00,0.548,False,False,0.0,0.548
2026-05-05 10:30:00+01:00,0.176,False,False,0.0,0.176
2026-05-05 11:00:00+01:00,0.145,False,False,0.0,0.145
2026-05-05 11:30:00+01:00,0.167,False,False,0.0,0.167
2026-05-05 12:00:00+01:00,0.162,False,False,0.0,0.162
2026-05-05 12:30:00+01:00,0.405,False,False,0.0,0.405
2026-05-05 13:00:00+01:00,0.176,False,False,0.0,0.176
2026-05-05 13:30:00+01:00,0.103,False,False,0.0,0.103
2026-05-05 14:00:00+01:00,0.101,False,False,0.0,0.101
2026-05-05 14:30:00+01:00,0.1,False,False,0.0,0.1
2026-05-05 15:00:00+01:00,0.13,False,False,0.0,0.13
2026-05-05 15:30:00+01:00,0.195,False,False,0.0,0.195
2026-05-05 16:00:00+01:00,0.269,False,False,0.0,0.269
2026-05-05 16:30:00+01:00,0.272,False,False,0.0,0.272
2026-05-05 17:00:00+01:00,0.179,False,False,0.0,0.179
2026-05-05 17:30:00+01:00,0.178,False,False,0.0,0.178
2026-05-05 18:00:00+01:00,0.882,False,False,0.0,0.882
2026-05-05 18:30:00+01:00,0.827,False,False,0.0,0.827
2026-05-05 19:00:00+01:00,0.488,False,False,0.0,0.488
2026-05-05 19:30:00+01:00,0.436,False,False,0.0,0.436
2026-05-05 20:00:00+01:00,0.969,False,False,0.0,0.969
2026-05-05 20:30:00+01:00,0.278,False,False,0.0,0.278
2026-05-05 21:00:00+01:00,0.149,False,False,0.0,0.149
2026-05-05 21:30:00+01:00,0.128,False,False,0.0,0.128
2026-05-05 22:00:00+01:00,0.125,False,False,0.0,0.125
2026-05-05 22:30:00+01:00,0.126,False,False,0.0,0.126
2026-05-05 23:00:00+01:00,0.117,True,False,0.0,0.117
2026-05-05 23:30:00+01:00,0.103,True,False,0.0,0.103
2026-05-06 00:00:00+01:00,0.095,True,False,0.0,0.095
2026-05-06 00:30:00+01:00,0.137,True,False,0.0,0.137
2026-05-06 01:00:00+01:00,0.092,True,False,0.0,0.092
2026-05-06 01:30:00+01:00,0.088,True,False,0.0,0.088
2026-05-06 02:00:00+01:00,0.085,True,False,0.0,0.085
2026-05-06 02:30:00+01:00,0.076,True,False,0.0,0.076
2026-05-06 03:00:00+01:00,0.072,True,False,0.0,0.072
2026-05-06 03:30:00+01:00,0.073,True,False,0.0,0.073
2026-05-06 04:00:00+01:00,0.066,True,False,0.0,0.066
2026-05-06 04:30:00+01:00,0.071,True,False,0.0,0.071
2026-05-06 05:00:00+01:00,0.072,False,False,0.0,0.072
2026-05-06 05:30:00+01:00,0.075,False,False,0.0,0.075
2026-05-06 06:00:00+01:00,0.071,False,False,0.0,0.071
2026-05-06 06:30:00+01:00,0.106,False,False,0.0,0.106
2026-05-06 07:00:00+01:00,0.229,False,False,0.0,0.229
2026-05-06 07:30:00+01:00,1.06,False,False,0.0,1.06
2026-05-06 08:00:00+01:00,1.292,False,False,0.0,1.292
2026-05-06 08:30:00+01:00,0.459,False,False,0.0,0.459
2026-05-06 09:00:00+01:00,0.189,False,False,0.0,0.189
2026-05-06 09:30:00+01:00,0.11,False,False,0.0,0.11
2026-05-06 10:00:00+01:00,0.137,False,False,0.0,0.137
2026-05-06 10:30:00+01:00,0.17,False,False,0.0,0.17
2026-05-06 11:00:00+01:00,0.23,False,False,0.0,0.23
2026-05-06 11:30:00+01:00,0.299,False,False,0.0,0.299
2026-05-06 12:00:00+01:00,0.163,False,False,0.0,0.163
2026-05-06 12:30:00+01:00,0.328,False,False,0.0,0.328
2026-05-06 13:00:00+01:00,0.188,False,False,0.0,0.188
2026-05-06 13:30:00+01:00,0.123,False,False,0.0,0.123
2026-05-06 14:00:00+01:00,0.267,False,False,0.0,0.267
2026-05-06 14:30:00+01:00,0.143,False,False,0.0,0.143
2026-05-06 15:00:00+01:00,0.126,False,False,0.0,0.126
2026-05-06 15:30:00+01:00,0.161,False,False,0.0,0.161
2026-05-06 16:00:00+01:00,0.749,False,False,0.0,0.749
2026-05-06 16:30:00+01:00,0.8,False,False,0.0,0.8
2026-05-06 17:00:00+01:00,0.306,False,False,0.0,0.306
2026-05-06 17:30:00+01:00,0.443,False,False,0.0,0.443
2026-05-06 18:00:00+01:00,0.645,False,False,0.0,0.645
2026-05-06 18:30:00+01:00,0.268,False,False,0.0,0.268
2026-05-06 19:00:00+01:00,0.233,False,False,0.0,0.233
2026-05-06 19:30:00+01:00,0.193,False,False,0.0,0.193
2026-05-06 20:00:00+01:00,0.218,False,False,0.0,0.218
2026-05-06 20:30:00+01:00,0.406,False,False,0.0,0.406
2026-05-06 21:00:00+01:00,0.566,False,False,0.0,0.566
2026-05-06 21:30:00+01:00,0.714,False,False,0.0,0.714
2026-05-06 22:00:00+01:00,0.503,False,False,0.0,0.503
2026-05-06 22:30:00+01:00,0.607,False,False,0.0,0.607
2026-05-06 23:00:00+01:00,0.745,True,False,0.0,0.745
2026-05-06 23:30:00+01:00,0.303,True,False,0.0,0.303
2026-05-07 00:00:00+01:00,0.108,True,False,0.0,0.108
2026-05-07 00:30:00+01:00,0.087,True,False,0.0,0.087
2026-05-07 01:00:00+01:00,0.086,True,False,0.0,0.086
2026-05-07 01:30:00+01:00,0.087,True,False,0.0,0.087
2026-05-07 02:00:00+01:00,0.085,True,False,0.0,0.085
2026-05-07 02:30:00+01:00,0.078,True,False,0.0,0.078
2026-05-07 03:00:00+01:00,0.063,True,False,0.0,0.063
2026-05-07 03:30:00+01:00,0.076,True,False,0.0,0.076
2026-05-07 04:00:00+01:00,0.076,True,False,0.0,0.076
2026-05-07 04:30:00+01:00,0.064,True,False,0.0,0.064
2026-05-07 05:00:00+01:00,0.075,False,False,0.0,0.075
2026-05-07 05:30:00+01:00,0.073,False,False,0.0,0.073
2026-05-07 06:00:00+01:00,0.079,False,False,0.0,0.079
2026-05-07 06:30:00+01:00,0.113,False,False,0.0,0.113
2026-05-07 07:00:00+01:00,0.161,False,False,0.0,0.161
2026-05-07 07:30:00+01:00,0.505,False,False,0.0,0.505
2026-05-07 08:00:00+01:00,0.299,False,False,0.0,0.299
2026-05-07 08:30:00+01:00,0.2,False,False,0.0,0.2
2026-05-07 09:00:00+01:00,0.313,False,False,0.0,0.313
2026-05-07 09:30:00+01:00,0.244,False,False,0.0,0.244
2026-05-07 10:00:00+01:00,0.214,False,False,0.0,0.214
2026-05-07 10:30:00+01:00,0.187,False,False,0.0,0.187
2026-05-07 11:00:00+01:00,0.162,False,False,0.0,0.162
2026-05-07 11:30:00+01:00,0.107,False,False,0.0,0.107
2026-05-07 12:00:00+01:00,0.134,False,False,0.0,0.134
2026-05-07 12:30:00+01:00,0.136,False,False,0.0,0.136
2026-05-07 13:00:00+01:00,0.618,False,False,0.0,0.618
2026-05-07 13:30:00+01:00,0.914,False,False,0.0,0.914
2026-05-07 14:00:00+01:00,0.413,False,False,0.0,0.413
2026-05-07 14:30:00+01:00,0.241,False,False,0.0,0.241
2026-05-07 15:00:00+01:00,0.223,False,False,0.0,0.223
2026-05-07 15:30:00+01:00,0.365,False,False,0.0,0.365
2026-05-07 16:00:00+01:00,1.039,False,False,0.0,1.039
2026-05-07 16:30:00+01:00,0.762,False,False,0.0,0.762
2026-05-07 17:00:00+01:00,0.662,False,False,0.0,0.662
2026-05-07 17:30:00+01:00,0.257,False,False,0.0,0.257
2026-05-07 18:00:00+01:00,0.868,False,False,0.0,0.868
2026-05-07 18:30:00+01:00,0.244,False,False,0.0,0.244
2026-05-07 19:00:00+01:00,0.207,False,False,0.0,0.207
2026-05-07 19:30:00+01:00,0.196,False,False,0.0,0.196
2026-05-07 20:00:00+01:00,0.209,False,False,0.0,0.209
2026-05-07 20:30:00+01:00,0.199,False,False,0.0,0.199
2026-05-07 21:00:00+01:00,0.183,False,False,0.0,0.183
2026-05-07 21:30:00+01:00,0.141,False,False,0.0,0.141
2026-05-07 22:00:00+01:00,0.124,False,False,0.0,0.124
2026-05-07 22:30:00+01:00,0.12,False,False,0.0,0.12
2026-05-07 23:00:00+01:00,0.116,True,False,0.0,0.116
2026-05-07 23:30:00+01:00,0.116,True,False,0.0,0.116
2026-05-08 00:00:00+01:00,0.116,True,False,0.0,0.116
2026-05-08 00:30:00+01:00,0.091,True,False,0.0,0.091
2026-05-08 01:00:00+01:00,0.084,True,False,0.0,0.084
2026-05-08 01:30:00+01:00,0.082,True,False,0.0,0.082
2026-05-08 02:00:00+01:00,0.079,True,False,0.0,0.079
2026-05-08 02:30:00+01:00,0.067,True,False,0.0,0.067
2026-05-08 03:00:00+01:00,0.071,True,False,0.0,0.071
2026-05-08 03:30:00+01:00,0.07,True,False,0.0,0.07
2026-05-08 04:00:00+01:00,0.059,True,False,0.0,0.059
2026-05-08 04:30:00+01:00,0.071,True,False,0.0,0.071
2026-05-08 05:00:00+01:00,0.07,False,False,0.0,0.07
2026-05-08 05:30:00+01:00,0.065,False,False,0.0,0.065
2026-05-08 06:00:00+01:00,0.078,False,False,0.0,0.078
2026-05-08 06:30:00+01:00,0.108,False,False,0.0,0.108
2026-05-08 07:00:00+01:00,0.443,False,False,0.0,0.443
2026-05-08 07:30:00+01:00,0.388,False,False,0.0,0.388
2026-05-08 08:00:00+01:00,0.406,False,False,0.0,0.406
2026-05-08 08:30:00+01:00,0.172,False,False,0.0,0.172
2026-05-08 09:00:00+01:00,0.135,False,False,0.0,0.135
2026-05-08 09:30:00+01:00,0.128,False,False,0.0,0.128
2026-05-08 10:00:00+01:00,0.211,False,False,0.0,0.211
2026-05-08 10:30:00+01:00,0.132,False,False,0.0,0.132
2026-05-08 11:00:00+01:00,0.141,False,False,0.0,0.141
2026-05-08 11:30:00+01:00,0.12,False,False,0.0,0.12
2026-05-08 12:00:00+01:00,0.164,False,False,0.0,0.164
2026-05-08 12:30:00+01:00,0.154,False,False,0.0,0.154
2026-05-08 13:00:00+01:00,0.117,False,False,0.0,0.117
2026-05-08 13:30:00+01:00,0.191,False,False,0.0,0.191
2026-05-08 14:00:00+01:00,0.11,False,False,0.0,0.11
2026-05-08 14:30:00+01:00,0.132,False,False,0.0,0.132
2026-05-08 15:00:00+01:00,0.166,False,False,0.0,0.166
2026-05-08 15:30:00+01:00,0.998,False,False,0.0,0.998
2026-05-08 16:00:00+01:00,0.459,False,False,0.0,0.459
2026-05-08 16:30:00+01:00,0.272,False,False,0.0,0.272
2026-05-08 17:00:00+01:00,3.587,False,True,3.2635,0.3235000000000001
2026-05-08 17:30:00+01:00,0.28,False,False,0.0,0.28
2026-05-08 18:00:00+01:00,0.251,False,False,0.0,0.251
2026-05-08 18:30:00+01:00,0.251,False,False,0.0,0.251
2026-05-08 19:00:00+01:00,0.236,False,False,0.0,0.236
2026-05-08 19:30:00+01:00,0.282,False,False,0.0,0.282
2026-05-08 20:00:00+01:00,0.191,False,False,0.0,0.191
2026-05-08 20:30:00+01:00,0.196,False,False,0.0,0.196
2026-05-08 21:00:00+01:00,0.2,False,False,0.0,0.2
2026-05-08 21:30:00+01:00,0.173,False,False,0.0,0.173
2026-05-08 22:00:00+01:00,0.169,False,False,0.0,0.169
2026-05-08 22:30:00+01:00,0.168,False,False,0.0,0.168
2026-05-08 23:00:00+01:00,0.166,True,False,0.0,0.166
2026-05-08 23:30:00+01:00,3.855,True,True,3.751,0.10400000000000009
2026-05-09 00:00:00+01:00,3.845,True,True,3.75,0.0950000000000002
2026-05-09 00:30:00+01:00,0.092,True,False,0.0,0.092
2026-05-09 01:00:00+01:00,0.09,True,False,0.0,0.09
2026-05-09 01:30:00+01:00,3.741,True,True,3.6550000000000002,0.08599999999999985
2026-05-09 02:00:00+01:00,0.085,True,False,0.0,0.085
2026-05-09 02:30:00+01:00,3.722,True,True,3.644,0.07799999999999985
2026-05-09 03:00:00+01:00,0.076,True,False,0.0,0.076
2026-05-09 03:30:00+01:00,3.733,True,True,3.658,0.07500000000000018
2026-05-09 04:00:00+01:00,3.799,True,True,3.725,0.07399999999999984
2026-05-09 04:30:00+01:00,0.07,True,False,0.0,0.07
2026-05-09 05:00:00+01:00,3.741,False,True,3.668,0.07299999999999995
2026-05-09 05:30:00+01:00,3.8,False,True,3.7239999999999998,0.07600000000000007
2026-05-09 06:00:00+01:00,3.801,False,True,3.718,0.08300000000000018
2026-05-09 06:30:00+01:00,0.092,False,False,0.0,0.092
2026-05-09 07:00:00+01:00,1.461,False,False,0.0,1.461
2026-05-09 07:30:00+01:00,0.405,False,False,0.0,0.405
2026-05-09 08:00:00+01:00,0.304,False,False,0.0,0.304
2026-05-09 08:30:00+01:00,0.887,False,False,0.0,0.887
2026-05-09 09:00:00+01:00,1.068,False,False,0.0,1.068
2026-05-09 09:30:00+01:00,0.25,False,False,0.0,0.25
2026-05-09 10:00:00+01:00,0.709,False,False,0.0,0.709
2026-05-09 10:30:00+01:00,0.464,False,False,0.0,0.464
2026-05-09 11:00:00+01:00,0.81,False,False,0.0,0.81
2026-05-09 11:30:00+01:00,0.526,False,False,0.0,0.526
2026-05-09 12:00:00+01:00,0.335,False,False,0.0,0.335
2026-05-09 12:30:00+01:00,0.316,False,False,0.0,0.316
2026-05-09 13:00:00+01:00,0.252,False,False,0.0,0.252
2026-05-09 13:30:00+01:00,0.194,False,False,0.0,0.194
2026-05-09 14:00:00+01:00,0.195,False,False,0.0,0.195
2026-05-09 14:30:00+01:00,0.261,False,False,0.0,0.261
2026-05-09 15:00:00+01:00,0.157,False,False,0.0,0.157
2026-05-09 15:30:00+01:00,0.201,False,False,0.0,0.201
2026-05-09 16:00:00+01:00,0.938,False,False,0.0,0.938
2026-05-09 16:30:00+01:00,1.532,False,False,0.0,1.532
2026-05-09 17:00:00+01:00,0.419,False,False,0.0,0.419
2026-05-09 17:30:00+01:00,0.254,False,False,0.0,0.254
2026-05-09 18:00:00+01:00,0.284,False,False,0.0,0.284
2026-05-09 18:30:00+01:00,0.391,False,False,0.0,0.391
2026-05-09 19:00:00+01:00,0.212,False,False,0.0,0.212
2026-05-09 19:30:00+01:00,0.216,False,False,0.0,0.216
2026-05-09 20:00:00+01:00,0.226,False,False,0.0,0.226
2026-05-09 20:30:00+01:00,0.229,False,False,0.0,0.229
2026-05-09 21:00:00+01:00,0.198,False,False,0.0,0.198
2026-05-09 21:30:00+01:00,0.172,False,False,0.0,0.172
2026-05-09 22:00:00+01:00,0.123,False,False,0.0,0.123
2026-05-09 22:30:00+01:00,0.074,False,False,0.0,0.074
2026-05-09 23:00:00+01:00,0.082,True,False,0.0,0.082
2026-05-09 23:30:00+01:00,0.081,True,False,0.0,0.081
2026-05-10 00:00:00+01:00,0.082,True,False,0.0,0.082
2026-05-10 00:30:00+01:00,0.078,True,False,0.0,0.078
2026-05-10 01:00:00+01:00,0.073,True,False,0.0,0.073
2026-05-10 01:30:00+01:00,0.081,True,False,0.0,0.081
2026-05-10 02:00:00+01:00,0.076,True,False,0.0,0.076
2026-05-10 02:30:00+01:00,0.068,True,False,0.0,0.068
2026-05-10 03:00:00+01:00,0.07,True,False,0.0,0.07
2026-05-10 03:30:00+01:00,0.061,True,False,0.0,0.061
2026-05-10 04:00:00+01:00,0.067,True,False,0.0,0.067
2026-05-10 04:30:00+01:00,0.07,True,False,0.0,0.07
2026-05-10 05:00:00+01:00,0.058,False,False,0.0,0.058
2026-05-10 05:30:00+01:00,0.074,False,False,0.0,0.074
2026-05-10 06:00:00+01:00,0.081,False,False,0.0,0.081
2026-05-10 06:30:00+01:00,0.09,False,False,0.0,0.09
2026-05-10 07:00:00+01:00,0.246,False,False,0.0,0.246
2026-05-10 07:30:00+01:00,0.322,False,False,0.0,0.322
2026-05-10 08:00:00+01:00,0.299,False,False,0.0,0.299
2026-05-10 08:30:00+01:00,0.459,False,False,0.0,0.459
2026-05-10 09:00:00+01:00,0.418,False,False,0.0,0.418
2026-05-10 09:30:00+01:00,1.105,False,False,0.0,1.105
2026-05-10 10:00:00+01:00,0.846,False,False,0.0,0.846
2026-05-10 10:30:00+01:00,0.146,False,False,0.0,0.146
2026-05-10 11:00:00+01:00,0.093,False,False,0.0,0.093
2026-05-10 11:30:00+01:00,0.233,False,False,0.0,0.233
2026-05-10 12:00:00+01:00,0.947,False,False,0.0,0.947
2026-05-10 12:30:00+01:00,0.19,False,False,0.0,0.19
2026-05-10 13:00:00+01:00,0.294,False,False,0.0,0.294
2026-05-10 13:30:00+01:00,0.172,False,False,0.0,0.172
2026-05-10 14:00:00+01:00,0.219,False,False,0.0,0.219
2026-05-10 14:30:00+01:00,1.026,False,False,0.0,1.026
2026-05-10 15:00:00+01:00,0.97,False,False,0.0,0.97
2026-05-10 15:30:00+01:00,1.192,False,False,0.0,1.192
2026-05-10 16:00:00+01:00,1.105,False,False,0.0,1.105
2026-05-10 16:30:00+01:00,0.356,False,False,0.0,0.356
2026-05-10 17:00:00+01:00,1.236,False,False,0.0,1.236
2026-05-10 17:30:00+01:00,1.917,False,False,0.0,1.917
2026-05-10 18:00:00+01:00,0.587,False,False,0.0,0.587
2026-05-10 18:30:00+01:00,0.284,False,False,0.0,0.284
2026-05-10 19:00:00+01:00,0.879,False,False,0.0,0.879
2026-05-10 19:30:00+01:00,0.243,False,False,0.0,0.243
2026-05-10 20:00:00+01:00,0.241,False,False,0.0,0.241
2026-05-10 20:30:00+01:00,0.247,False,False,0.0,0.247
2026-05-10 21:00:00+01:00,0.275,False,False,0.0,0.275
2026-05-10 21:30:00+01:00,0.239,False,False,0.0,0.239
2026-05-10 22:00:00+01:00,0.24,False,False,0.0,0.24
2026-05-10 22:30:00+01:00,0.231,False,False,0.0,0.231
2026-05-10 23:00:00+01:00,0.228,True,False,0.0,0.228
2026-05-10 23:30:00+01:00,0.217,True,False,0.0,0.217
2026-05-11 00:00:00+01:00,0.133,True,False,0.0,0.133
2026-05-11 00:30:00+01:00,0.092,True,False,0.0,0.092
2026-05-11 01:00:00+01:00,0.09,True,False,0.0,0.09
2026-05-11 01:30:00+01:00,0.074,True,False,0.0,0.074
2026-05-11 02:00:00+01:00,0.085,True,False,0.0,0.085
2026-05-11 02:30:00+01:00,0.074,True,False,0.0,0.074
2026-05-11 03:00:00+01:00,0.061,True,False,0.0,0.061
2026-05-11 03:30:00+01:00,0.072,True,False,0.0,0.072
2026-05-11 04:00:00+01:00,0.067,True,False,0.0,0.067
2026-05-11 04:30:00+01:00,0.065,True,False,0.0,0.065
2026-05-11 05:00:00+01:00,0.072,False,False,0.0,0.072
2026-05-11 05:30:00+01:00,0.064,False,False,0.0,0.064
2026-05-11 06:00:00+01:00,0.084,False,False,0.0,0.084
2026-05-11 06:30:00+01:00,0.106,False,False,0.0,0.106
2026-05-11 07:00:00+01:00,0.232,False,False,0.0,0.232
2026-05-11 07:30:00+01:00,0.496,False,False,0.0,0.496
2026-05-11 08:00:00+01:00,0.451,False,False,0.0,0.451
2026-05-11 08:30:00+01:00,0.212,False,False,0.0,0.212
2026-05-11 09:00:00+01:00,0.175,False,False,0.0,0.175
2026-05-11 09:30:00+01:00,0.224,False,False,0.0,0.224
2026-05-11 10:00:00+01:00,0.125,False,False,0.0,0.125
2026-05-11 10:30:00+01:00,0.121,False,False,0.0,0.121
2026-05-11 11:00:00+01:00,0.257,False,False,0.0,0.257
2026-05-11 11:30:00+01:00,0.118,False,False,0.0,0.118
2026-05-11 12:00:00+01:00,0.386,False,False,0.0,0.386
2026-05-11 12:30:00+01:00,0.674,False,False,0.0,0.674
2026-05-11 13:00:00+01:00,0.198,False,False,0.0,0.198
2026-05-11 13:30:00+01:00,0.109,False,False,0.0,0.109
2026-05-11 14:00:00+01:00,0.133,False,False,0.0,0.133
2026-05-11 14:30:00+01:00,0.142,False,False,0.0,0.142
2026-05-11 15:00:00+01:00,0.123,False,False,0.0,0.123
2026-05-11 15:30:00+01:00,0.206,False,False,0.0,0.206
2026-05-11 16:00:00+01:00,0.237,False,False,0.0,0.237
2026-05-11 16:30:00+01:00,0.25,False,False,0.0,0.25
2026-05-11 17:00:00+01:00,0.236,False,False,0.0,0.236
2026-05-11 17:30:00+01:00,0.228,False,False,0.0,0.228
2026-05-11 18:00:00+01:00,0.814,False,False,0.0,0.814
2026-05-11 18:30:00+01:00,0.68,False,False,0.0,0.68
2026-05-11 19:00:00+01:00,0.275,False,False,0.0,0.275
2026-05-11 19:30:00+01:00,0.876,False,False,0.0,0.876
2026-05-11 20:00:00+01:00,0.271,False,False,0.0,0.271
2026-05-11 20:30:00+01:00,0.273,False,False,0.0,0.273
2026-05-11 21:00:00+01:00,0.16,False,False,0.0,0.16
2026-05-11 21:30:00+01:00,0.109,False,False,0.0,0.109
2026-05-11 22:00:00+01:00,0.099,False,False,0.0,0.099
2026-05-11 22:30:00+01:00,0.092,False,False,0.0,0.092
2026-05-11 23:00:00+01:00,0.09,True,False,0.0,0.09
2026-05-11 23:30:00+01:00,0.112,True,False,0.0,0.112
2026-05-12 00:00:00+01:00,0.104,True,False,0.0,0.104
2026-05-12 00:30:00+01:00,0.086,True,False,0.0,0.086
2026-05-12 01:00:00+01:00,0.085,True,False,0.0,0.085
2026-05-12 01:30:00+01:00,0.084,True,False,0.0,0.084
2026-05-12 02:00:00+01:00,0.084,True,False,0.0,0.084
2026-05-12 02:30:00+01:00,0.076,True,False,0.0,0.076
2026-05-12 03:00:00+01:00,0.082,True,False,0.0,0.082
2026-05-12 03:30:00+01:00,0.063,True,False,0.0,0.063
2026-05-12 04:00:00+01:00,0.076,True,False,0.0,0.076
2026-05-12 04:30:00+01:00,0.073,True,False,0.0,0.073
2026-05-12 05:00:00+01:00,0.072,False,False,0.0,0.072
2026-05-12 05:30:00+01:00,0.069,False,False,0.0,0.069
2026-05-12 06:00:00+01:00,0.079,False,False,0.0,0.079
2026-05-12 06:30:00+01:00,0.115,False,False,0.0,0.115
2026-05-12 07:00:00+01:00,0.249,False,False,0.0,0.249
2026-05-12 07:30:00+01:00,0.427,False,False,0.0,0.427
2026-05-12 08:00:00+01:00,0.468,False,False,0.0,0.468
2026-05-12 08:30:00+01:00,1.273,False,False,0.0,1.273
2026-05-12 09:00:00+01:00,0.562,False,False,0.0,0.562
2026-05-12 09:30:00+01:00,0.105,False,False,0.0,0.105
2026-05-12 10:00:00+01:00,0.092,False,False,0.0,0.092
2026-05-12 10:30:00+01:00,0.086,False,False,0.0,0.086
2026-05-12 11:00:00+01:00,0.085,False,False,0.0,0.085
2026-05-12 11:30:00+01:00,0.086,False,False,0.0,0.086
2026-05-12 12:00:00+01:00,0.11,False,False,0.0,0.11
2026-05-12 12:30:00+01:00,0.116,False,False,0.0,0.116
2026-05-12 13:00:00+01:00,0.079,False,False,0.0,0.079
2026-05-12 13:30:00+01:00,0.085,False,False,0.0,0.085
2026-05-12 14:00:00+01:00,0.081,False,False,0.0,0.081
2026-05-12 14:30:00+01:00,0.074,False,False,0.0,0.074
2026-05-12 15:00:00+01:00,0.082,False,False,0.0,0.082
2026-05-12 15:30:00+01:00,0.753,False,False,0.0,0.753
2026-05-12 16:00:00+01:00,0.71,False,False,0.0,0.71
2026-05-12 16:30:00+01:00,0.554,False,False,0.0,0.554
2026-05-12 17:00:00+01:00,0.576,False,False,0.0,0.576
2026-05-12 17:30:00+01:00,0.519,False,False,0.0,0.519
2026-05-12 18:00:00+01:00,0.442,False,False,0.0,0.442
2026-05-12 18:30:00+01:00,0.7,False,False,0.0,0.7
2026-05-12 19:00:00+01:00,0.228,False,False,0.0,0.228
2026-05-12 19:30:00+01:00,0.194,False,False,0.0,0.194
2026-05-12 20:00:00+01:00,0.214,False,False,0.0,0.214
2026-05-12 20:30:00+01:00,0.169,False,False,0.0,0.169
2026-05-12 21:00:00+01:00,0.168,False,False,0.0,0.168
2026-05-12 21:30:00+01:00,0.134,False,False,0.0,0.134
2026-05-12 22:00:00+01:00,0.126,False,False,0.0,0.126
2026-05-12 22:30:00+01:00,0.097,False,False,0.0,0.097
2026-05-12 23:00:00+01:00,0.106,True,False,0.0,0.106
2026-05-12 23:30:00+01:00,0.105,True,False,0.0,0.105
2026-05-13 00:00:00+01:00,0.104,True,False,0.0,0.104
2026-05-13 00:30:00+01:00,0.103,True,False,0.0,0.103
2026-05-13 01:00:00+01:00,0.092,True,False,0.0,0.092
2026-05-13 01:30:00+01:00,0.105,True,False,0.0,0.105
2026-05-13 02:00:00+01:00,0.102,True,False,0.0,0.102
2026-05-13 02:30:00+01:00,0.085,True,False,0.0,0.085
2026-05-13 03:00:00+01:00,0.093,True,False,0.0,0.093
2026-05-13 03:30:00+01:00,0.094,True,False,0.0,0.094
2026-05-13 04:00:00+01:00,0.082,True,False,0.0,0.082
2026-05-13 04:30:00+01:00,0.094,True,False,0.0,0.094
2026-05-13 05:00:00+01:00,0.088,False,False,0.0,0.088
2026-05-13 05:30:00+01:00,0.088,False,False,0.0,0.088
2026-05-13 06:00:00+01:00,0.104,False,False,0.0,0.104
2026-05-13 06:30:00+01:00,0.122,False,False,0.0,0.122
2026-05-13 07:00:00+01:00,0.277,False,False,0.0,0.277
2026-05-13 07:30:00+01:00,0.426,False,False,0.0,0.426
2026-05-13 08:00:00+01:00,0.568,False,False,0.0,0.568
2026-05-13 08:30:00+01:00,0.402,False,False,0.0,0.402
2026-05-13 09:00:00+01:00,0.706,False,False,0.0,0.706
2026-05-13 09:30:00+01:00,0.231,False,False,0.0,0.231
2026-05-13 10:00:00+01:00,0.241,False,False,0.0,0.241
2026-05-13 10:30:00+01:00,0.125,False,False,0.0,0.125
2026-05-13 11:00:00+01:00,0.116,False,False,0.0,0.116
2026-05-13 11:30:00+01:00,0.109,False,False,0.0,0.109
2026-05-13 12:00:00+01:00,0.148,False,False,0.0,0.148
2026-05-13 12:30:00+01:00,0.145,False,False,0.0,0.145
2026-05-13 13:00:00+01:00,0.115,False,False,0.0,0.115
2026-05-13 13:30:00+01:00,0.107,False,False,0.0,0.107
2026-05-13 14:00:00+01:00,0.529,False,False,0.0,0.529
2026-05-13 14:30:00+01:00,0.587,False,False,0.0,0.587
2026-05-13 15:00:00+01:00,0.135,False,False,0.0,0.135
2026-05-13 15:30:00+01:00,0.456,False,False,0.0,0.456
2026-05-13 16:00:00+01:00,1.884,False,False,0.0,1.884
2026-05-13 16:30:00+01:00,1.173,False,False,0.0,1.173
2026-05-13 17:00:00+01:00,0.289,False,False,0.0,0.289
2026-05-13 17:30:00+01:00,0.988,False,False,0.0,0.988
2026-05-13 18:00:00+01:00,0.383,False,False,0.0,0.383
2026-05-13 18:30:00+01:00,0.244,False,False,0.0,0.244
2026-05-13 19:00:00+01:00,0.243,False,False,0.0,0.243
2026-05-13 19:30:00+01:00,0.176,False,False,0.0,0.176
2026-05-13 20:00:00+01:00,0.419,False,False,0.0,0.419
2026-05-13 20:30:00+01:00,0.386,False,False,0.0,0.386
2026-05-13 21:00:00+01:00,0.408,False,False,0.0,0.408
2026-05-13 21:30:00+01:00,0.334,False,False,0.0,0.334
2026-05-13 22:00:00+01:00,0.339,False,False,0.0,0.339
2026-05-13 22:30:00+01:00,0.116,False,False,0.0,0.116
2026-05-13 23:00:00+01:00,0.086,True,False,0.0,0.086
2026-05-13 23:30:00+01:00,0.1,True,False,0.0,0.1
2026-05-14 00:00:00+01:00,0.13,True,False,0.0,0.13
2026-05-14 00:30:00+01:00,0.088,True,False,0.0,0.088
2026-05-14 01:00:00+01:00,0.087,True,False,0.0,0.087
2026-05-14 01:30:00+01:00,0.085,True,False,0.0,0.085
2026-05-14 02:00:00+01:00,0.085,True,False,0.0,0.085
2026-05-14 02:30:00+01:00,0.077,True,False,0.0,0.077
2026-05-14 03:00:00+01:00,0.075,True,False,0.0,0.075
2026-05-14 03:30:00+01:00,0.061,True,False,0.0,0.061
2026-05-14 04:00:00+01:00,0.073,True,False,0.0,0.073
2026-05-14 04:30:00+01:00,0.072,True,False,0.0,0.072
2026-05-14 05:00:00+01:00,0.072,False,False,0.0,0.072
2026-05-14 05:30:00+01:00,0.066,False,False,0.0,0.066
2026-05-14 06:00:00+01:00,0.086,False,False,0.0,0.086
2026-05-14 06:30:00+01:00,0.112,False,False,0.0,0.112
2026-05-14 07:00:00+01:00,0.597,False,False,0.0,0.597
2026-05-14 07:30:00+01:00,0.645,False,False,0.0,0.645
2026-05-14 08:00:00+01:00,0.442,False,False,0.0,0.442
2026-05-14 08:30:00+01:00,0.809,False,False,0.0,0.809
2026-05-14 09:00:00+01:00,0.818,False,False,0.0,0.818
2026-05-14 09:30:00+01:00,0.191,False,False,0.0,0.191
2026-05-14 10:00:00+01:00,0.202,False,False,0.0,0.202
2026-05-14 10:30:00+01:00,0.222,False,False,0.0,0.222
2026-05-14 11:00:00+01:00,0.198,False,False,0.0,0.198
2026-05-14 11:30:00+01:00,0.331,False,False,0.0,0.331
2026-05-14 12:00:00+01:00,0.31,False,False,0.0,0.31
2026-05-14 12:30:00+01:00,0.28,False,False,0.0,0.28
2026-05-14 13:00:00+01:00,0.259,False,False,0.0,0.259
2026-05-14 13:30:00+01:00,0.237,False,False,0.0,0.237
2026-05-14 14:00:00+01:00,0.222,False,False,0.0,0.222
2026-05-14 14:30:00+01:00,0.226,False,False,0.0,0.226
2026-05-14 15:00:00+01:00,0.208,False,False,0.0,0.208
2026-05-14 15:30:00+01:00,0.243,False,False,0.0,0.243
2026-05-14 16:00:00+01:00,0.255,False,False,0.0,0.255
2026-05-14 16:30:00+01:00,0.273,False,False,0.0,0.273
2026-05-14 17:00:00+01:00,0.294,False,False,0.0,0.294
2026-05-14 17:30:00+01:00,0.306,False,False,0.0,0.306
2026-05-14 18:00:00+01:00,0.238,False,False,0.0,0.238
2026-05-14 18:30:00+01:00,0.174,False,False,0.0,0.174
2026-05-14 19:00:00+01:00,0.358,False,False,0.0,0.358
2026-05-14 19:30:00+01:00,1.329,False,False,0.0,1.329
2026-05-14 20:00:00+01:00,1.076,False,False,0.0,1.076
2026-05-14 20:30:00+01:00,0.195,False,False,0.0,0.195
2026-05-14 21:00:00+01:00,0.203,False,False,0.0,0.203
2026-05-14 21:30:00+01:00,0.227,False,False,0.0,0.227
2026-05-14 22:00:00+01:00,0.316,False,False,0.0,0.316
2026-05-14 22:30:00+01:00,0.293,False,False,0.0,0.293
2026-05-14 23:00:00+01:00,0.148,True,False,0.0,0.148
2026-05-14 23:30:00+01:00,0.087,True,False,0.0,0.087
2026-05-15 00:00:00+01:00,0.084,True,False,0.0,0.084
2026-05-15 00:30:00+01:00,0.074,True,False,0.0,0.074
2026-05-15 01:00:00+01:00,0.081,True,False,0.0,0.081
2026-05-15 01:30:00+01:00,0.08,True,False,0.0,0.08
2026-05-15 02:00:00+01:00,0.073,True,False,0.0,0.073
2026-05-15 02:30:00+01:00,0.068,True,False,0.0,0.068
2026-05-15 03:00:00+01:00,0.07,True,False,0.0,0.07
2026-05-15 03:30:00+01:00,0.07,True,False,0.0,0.07
2026-05-15 04:00:00+01:00,0.095,True,False,0.0,0.095
2026-05-15 04:30:00+01:00,0.091,True,False,0.0,0.091
2026-05-15 05:00:00+01:00,0.073,False,False,0.0,0.073
2026-05-15 05:30:00+01:00,0.075,False,False,0.0,0.075
2026-05-15 06:00:00+01:00,0.082,False,False,0.0,0.082
2026-05-15 06:30:00+01:00,0.108,False,False,0.0,0.108
2026-05-15 07:00:00+01:00,0.387,False,False,0.0,0.387
2026-05-15 07:30:00+01:00,0.239,False,False,0.0,0.239
2026-05-15 08:00:00+01:00,0.316,False,False,0.0,0.316
2026-05-15 08:30:00+01:00,0.796,False,False,0.0,0.796
2026-05-15 09:00:00+01:00,0.446,False,False,0.0,0.446
2026-05-15 09:30:00+01:00,0.26,False,False,0.0,0.26
2026-05-15 10:00:00+01:00,0.627,False,False,0.0,0.627
2026-05-15 10:30:00+01:00,0.231,False,False,0.0,0.231
2026-05-15 11:00:00+01:00,0.265,False,False,0.0,0.265
2026-05-15 11:30:00+01:00,0.172,False,False,0.0,0.172
2026-05-15 12:00:00+01:00,0.203,False,False,0.0,0.203
2026-05-15 12:30:00+01:00,0.191,False,False,0.0,0.191
2026-05-15 13:00:00+01:00,1.127,False,False,0.0,1.127
2026-05-15 13:30:00+01:00,0.956,False,False,0.0,0.956
2026-05-15 14:00:00+01:00,0.243,False,False,0.0,0.243
2026-05-15 14:30:00+01:00,0.19,False,False,0.0,0.19
2026-05-15 15:00:00+01:00,0.173,False,False,0.0,0.173
2026-05-15 15:30:00+01:00,1.439,False,False,0.0,1.439
2026-05-15 16:00:00+01:00,0.493,False,False,0.0,0.493
2026-05-15 16:30:00+01:00,0.879,False,False,0.0,0.879
2026-05-15 17:00:00+01:00,0.583,False,False,0.0,0.583
2026-05-15 17:30:00+01:00,0.239,False,False,0.0,0.239
2026-05-15 18:00:00+01:00,0.219,False,False,0.0,0.219
2026-05-15 18:30:00+01:00,0.498,False,False,0.0,0.498
2026-05-15 19:00:00+01:00,0.669,False,False,0.0,0.669
2026-05-15 19:30:00+01:00,0.242,False,False,0.0,0.242
2026-05-15 20:00:00+01:00,0.189,False,False,0.0,0.189
2026-05-15 20:30:00+01:00,0.187,False,False,0.0,0.187
2026-05-15 21:00:00+01:00,0.215,False,False,0.0,0.215
2026-05-15 21:30:00+01:00,0.318,False,False,0.0,0.318
2026-05-15 22:00:00+01:00,0.261,False,False,0.0,0.261
2026-05-15 22:30:00+01:00,0.239,False,False,0.0,0.239
2026-05-15 23:00:00+01:00,0.251,True,False,0.0,0.251
2026-05-15 23:30:00+01:00,0.104,True,False,0.0,0.104
2026-05-16 00:00:00+01:00,0.088,True,False,0.0,0.088
2026-05-16 00:30:00+01:00,0.088,True,False,0.0,0.088
2026-05-16 01:00:00+01:00,0.086,True,False,0.0,0.086
2026-05-16 01:30:00+01:00,0.084,True,False,0.0,0.084
2026-05-16 02:00:00+01:00,0.084,True,False,0.0,0.084
2026-05-16 02:30:00+01:00,0.075,True,False,0.0,0.075
2026-05-16 03:00:00+01:00,0.078,True,False,0.0,0.078
2026-05-16 03:30:00+01:00,0.078,True,False,0.0,0.078
2026-05-16 04:00:00+01:00,0.072,True,False,0.0,0.072
2026-05-16 04:30:00+01:00,0.068,True,False,0.0,0.068
2026-05-16 05:00:00+01:00,0.065,False,False,0.0,0.065
2026-05-16 05:30:00+01:00,0.078,False,False,0.0,0.078
2026-05-16 06:00:00+01:00,0.085,False,False,0.0,0.085
2026-05-16 06:30:00+01:00,0.099,False,False,0.0,0.099
2026-05-16 07:00:00+01:00,0.164,False,False,0.0,0.164
2026-05-16 07:30:00+01:00,0.579,False,False,0.0,0.579
2026-05-16 08:00:00+01:00,0.179,False,False,0.0,0.179
2026-05-16 08:30:00+01:00,0.211,False,False,0.0,0.211
2026-05-16 09:00:00+01:00,0.353,False,False,0.0,0.353
2026-05-16 09:30:00+01:00,0.338,False,False,0.0,0.338
2026-05-16 10:00:00+01:00,0.215,False,False,0.0,0.215
2026-05-16 10:30:00+01:00,0.783,False,False,0.0,0.783
2026-05-16 11:00:00+01:00,1.524,False,False,0.0,1.524
2026-05-16 11:30:00+01:00,0.941,False,False,0.0,0.941
2026-05-16 12:00:00+01:00,3.703,False,True,3.44,0.2629999999999999
2026-05-16 12:30:00+01:00,0.333,False,False,0.0,0.333
2026-05-16 13:00:00+01:00,0.611,False,False,0.0,0.611
2026-05-16 13:30:00+01:00,0.123,False,False,0.0,0.123
2026-05-16 14:00:00+01:00,0.175,False,False,0.0,0.175
2026-05-16 14:30:00+01:00,0.212,False,False,0.0,0.212
2026-05-16 15:00:00+01:00,0.219,False,False,0.0,0.219
2026-05-16 15:30:00+01:00,0.244,False,False,0.0,0.244
2026-05-16 16:00:00+01:00,1.028,False,False,0.0,1.028
2026-05-16 16:30:00+01:00,0.313,False,False,0.0,0.313
2026-05-16 17:00:00+01:00,0.73,False,False,0.0,0.73
2026-05-16 17:30:00+01:00,1.328,False,False,0.0,1.328
2026-05-16 18:00:00+01:00,0.584,False,False,0.0,0.584
2026-05-16 18:30:00+01:00,0.258,False,False,0.0,0.258
2026-05-16 19:00:00+01:00,0.558,False,False,0.0,0.558
2026-05-16 19:30:00+01:00,0.429,False,False,0.0,0.429
2026-05-16 20:00:00+01:00,0.203,False,False,0.0,0.203
2026-05-16 20:30:00+01:00,0.194,False,False,0.0,0.194
2026-05-16 21:00:00+01:00,0.698,False,False,0.0,0.698
2026-05-16 21:30:00+01:00,0.168,False,False,0.0,0.168
2026-05-16 22:00:00+01:00,0.154,False,False,0.0,0.154
2026-05-16 22:30:00+01:00,0.152,False,False,0.0,0.152
2026-05-16 23:00:00+01:00,0.146,True,False,0.0,0.146
2026-05-16 23:30:00+01:00,0.15,True,False,0.0,0.15
2026-05-17 00:00:00+01:00,0.106,True,False,0.0,0.106
2026-05-17 00:30:00+01:00,0.106,True,False,0.0,0.106
2026-05-17 01:00:00+01:00,0.076,True,False,0.0,0.076
2026-05-17 01:30:00+01:00,0.086,True,False,0.0,0.086
2026-05-17 02:00:00+01:00,0.085,True,False,0.0,0.085
2026-05-17 02:30:00+01:00,0.079,True,False,0.0,0.079
2026-05-17 03:00:00+01:00,0.064,True,False,0.0,0.064
2026-05-17 03:30:00+01:00,0.077,True,False,0.0,0.077
2026-05-17 04:00:00+01:00,0.076,True,False,0.0,0.076
2026-05-17 04:30:00+01:00,0.073,True,False,0.0,0.073
2026-05-17 05:00:00+01:00,0.064,False,False,0.0,0.064
2026-05-17 05:30:00+01:00,0.08,False,False,0.0,0.08
2026-05-17 06:00:00+01:00,0.086,False,False,0.0,0.086
2026-05-17 06:30:00+01:00,0.097,False,False,0.0,0.097
2026-05-17 07:00:00+01:00,0.123,False,False,0.0,0.123
2026-05-17 07:30:00+01:00,0.756,False,False,0.0,0.756
2026-05-17 08:00:00+01:00,0.649,False,False,0.0,0.649
2026-05-17 08:30:00+01:00,0.387,False,False,0.0,0.387
2026-05-17 09:00:00+01:00,0.627,False,False,0.0,0.627
2026-05-17 09:30:00+01:00,0.642,False,False,0.0,0.642
2026-05-17 10:00:00+01:00,0.541,False,False,0.0,0.541
2026-05-17 10:30:00+01:00,0.35,False,False,0.0,0.35
2026-05-17 11:00:00+01:00,0.198,False,False,0.0,0.198
2026-05-17 11:30:00+01:00,0.117,False,False,0.0,0.117
2026-05-17 12:00:00+01:00,0.173,False,False,0.0,0.173
2026-05-17 12:30:00+01:00,0.169,False,False,0.0,0.169
2026-05-17 13:00:00+01:00,0.715,False,False,0.0,0.715
2026-05-17 13:30:00+01:00,1.395,False,False,0.0,1.395
2026-05-17 14:00:00+01:00,0.317,False,False,0.0,0.317
2026-05-17 14:30:00+01:00,0.216,False,False,0.0,0.216
2026-05-17 15:00:00+01:00,0.21,False,False,0.0,0.21
2026-05-17 15:30:00+01:00,0.817,False,False,0.0,0.817
2026-05-17 16:00:00+01:00,0.852,False,False,0.0,0.852
2026-05-17 16:30:00+01:00,0.742,False,False,0.0,0.742
2026-05-17 17:00:00+01:00,1.912,False,False,0.0,1.912
2026-05-17 17:30:00+01:00,0.636,False,False,0.0,0.636
2026-05-17 18:00:00+01:00,3.651,False,True,3.3354999999999997,0.3155000000000001
2026-05-17 18:30:00+01:00,0.463,False,False,0.0,0.463
2026-05-17 19:00:00+01:00,0.649,False,False,0.0,0.649
2026-05-17 19:30:00+01:00,0.204,False,False,0.0,0.204
2026-05-17 20:00:00+01:00,0.19,False,False,0.0,0.19
2026-05-17 20:30:00+01:00,0.165,False,False,0.0,0.165
2026-05-17 21:00:00+01:00,0.196,False,False,0.0,0.196
2026-05-17 21:30:00+01:00,0.143,False,False,0.0,0.143
2026-05-17 22:00:00+01:00,0.136,False,False,0.0,0.136
2026-05-17 22:30:00+01:00,0.136,False,False,0.0,0.136
2026-05-17 23:00:00+01:00,0.129,True,False,0.0,0.129
2026-05-17 23:30:00+01:00,3.722,True,True,3.618,0.10400000000000009
2026-05-18 00:00:00+01:00,3.815,True,True,3.7199999999999998,0.0950000000000002
2026-05-18 00:30:00+01:00,0.098,True,False,0.0,0.098
2026-05-18 01:00:00+01:00,3.702,True,True,3.614,0.08800000000000008
2026-05-18 01:30:00+01:00,3.786,True,True,3.7,0.08599999999999985
2026-05-18 02:00:00+01:00,3.791,True,True,3.706,0.08499999999999996
2026-05-18 02:30:00+01:00,3.787,True,True,3.709,0.07799999999999985
2026-05-18 03:00:00+01:00,3.8,True,True,3.726,0.07399999999999984
2026-05-18 03:30:00+01:00,3.567,True,True,3.492,0.07500000000000018
2026-05-18 04:00:00+01:00,3.765,True,True,3.6910000000000003,0.07399999999999984
2026-05-18 04:30:00+01:00,0.417,True,False,0.0,0.417
2026-05-18 05:00:00+01:00,0.075,False,False,0.0,0.075
2026-05-18 05:30:00+01:00,0.077,False,False,0.0,0.077
2026-05-18 06:00:00+01:00,0.076,False,False,0.0,0.076
2026-05-18 06:30:00+01:00,0.107,False,False,0.0,0.107
2026-05-18 07:00:00+01:00,0.473,False,False,0.0,0.473
2026-05-18 07:30:00+01:00,0.445,False,False,0.0,0.445
2026-05-18 08:00:00+01:00,0.31,False,False,0.0,0.31
2026-05-18 08:30:00+01:00,0.916,False,False,0.0,0.916
2026-05-18 09:00:00+01:00,0.161,False,False,0.0,0.161
2026-05-18 09:30:00+01:00,0.234,False,False,0.0,0.234
2026-05-18 10:00:00+01:00,0.132,False,False,0.0,0.132
2026-05-18 10:30:00+01:00,0.14,False,False,0.0,0.14
2026-05-18 11:00:00+01:00,0.176,False,False,0.0,0.176
2026-05-18 11:30:00+01:00,0.117,False,False,0.0,0.117
2026-05-18 12:00:00+01:00,0.144,False,False,0.0,0.144
2026-05-18 12:30:00+01:00,0.221,False,False,0.0,0.221
2026-05-18 13:00:00+01:00,0.197,False,False,0.0,0.197
2026-05-18 13:30:00+01:00,0.116,False,False,0.0,0.116
2026-05-18 14:00:00+01:00,0.132,False,False,0.0,0.132
2026-05-18 14:30:00+01:00,0.132,False,False,0.0,0.132
2026-05-18 15:00:00+01:00,0.122,False,False,0.0,0.122
2026-05-18 15:30:00+01:00,0.483,False,False,0.0,0.483
2026-05-18 16:00:00+01:00,0.907,False,False,0.0,0.907
2026-05-18 16:30:00+01:00,0.349,False,False,0.0,0.349
2026-05-18 17:00:00+01:00,0.772,False,False,0.0,0.772
2026-05-18 17:30:00+01:00,0.984,False,False,0.0,0.984
2026-05-18 18:00:00+01:00,0.385,False,False,0.0,0.385
2026-05-18 18:30:00+01:00,0.226,False,False,0.0,0.226
2026-05-18 19:00:00+01:00,0.212,False,False,0.0,0.212
2026-05-18 19:30:00+01:00,0.219,False,False,0.0,0.219
2026-05-18 20:00:00+01:00,0.195,False,False,0.0,0.195
2026-05-18 20:30:00+01:00,0.174,False,False,0.0,0.174
2026-05-18 21:00:00+01:00,0.185,False,False,0.0,0.185
2026-05-18 21:30:00+01:00,0.144,False,False,0.0,0.144
2026-05-18 22:00:00+01:00,0.145,False,False,0.0,0.145
2026-05-18 22:30:00+01:00,0.148,False,False,0.0,0.148
2026-05-18 23:00:00+01:00,0.181,True,False,0.0,0.181
2026-05-18 23:30:00+01:00,0.153,True,False,0.0,0.153
2026-05-19 00:00:00+01:00,0.111,True,False,0.0,0.111
2026-05-19 00:30:00+01:00,0.1,True,False,0.0,0.1
2026-05-19 01:00:00+01:00,0.098,True,False,0.0,0.098
2026-05-19 01:30:00+01:00,0.093,True,False,0.0,0.093
2026-05-19 02:00:00+01:00,0.093,True,False,0.0,0.093
2026-05-19 02:30:00+01:00,0.096,True,False,0.0,0.096
2026-05-19 03:00:00+01:00,0.071,True,False,0.0,0.071
2026-05-19 03:30:00+01:00,0.082,True,False,0.0,0.082
2026-05-19 04:00:00+01:00,0.081,True,False,0.0,0.081
2026-05-19 04:30:00+01:00,0.082,True,False,0.0,0.082
2026-05-19 05:00:00+01:00,0.081,False,False,0.0,0.081
2026-05-19 05:30:00+01:00,0.073,False,False,0.0,0.073
2026-05-19 06:00:00+01:00,0.094,False,False,0.0,0.094
2026-05-19 06:30:00+01:00,0.111,False,False,0.0,0.111
2026-05-19 07:00:00+01:00,0.775,False,False,0.0,0.775
2026-05-19 07:30:00+01:00,0.73,False,False,0.0,0.73
2026-05-19 08:00:00+01:00,0.342,False,False,0.0,0.342
2026-05-19 08:30:00+01:00,1.555,False,False,0.0,1.555
2026-05-19 09:00:00+01:00,1.161,False,False,0.0,1.161
2026-05-19 09:30:00+01:00,0.31,False,False,0.0,0.31
2026-05-19 10:00:00+01:00,0.251,False,False,0.0,0.251
2026-05-19 10:30:00+01:00,0.206,False,False,0.0,0.206
2026-05-19 11:00:00+01:00,0.27,False,False,0.0,0.27
2026-05-19 11:30:00+01:00,0.192,False,False,0.0,0.192
2026-05-19 12:00:00+01:00,0.204,False,False,0.0,0.204
2026-05-19 12:30:00+01:00,0.155,False,False,0.0,0.155
2026-05-19 13:00:00+01:00,0.141,False,False,0.0,0.141
2026-05-19 13:30:00+01:00,0.12,False,False,0.0,0.12
2026-05-19 14:00:00+01:00,0.127,False,False,0.0,0.127
2026-05-19 14:30:00+01:00,0.126,False,False,0.0,0.126
2026-05-19 15:00:00+01:00,0.188,False,False,0.0,0.188
2026-05-19 15:30:00+01:00,0.327,False,False,0.0,0.327
2026-05-19 16:00:00+01:00,1.73,False,False,0.0,1.73
2026-05-19 16:30:00+01:00,0.979,False,False,0.0,0.979
2026-05-19 17:00:00+01:00,0.865,False,False,0.0,0.865
2026-05-19 17:30:00+01:00,0.837,False,False,0.0,0.837
2026-05-19 18:00:00+01:00,0.252,False,False,0.0,0.252
2026-05-19 18:30:00+01:00,0.257,False,False,0.0,0.257
2026-05-19 19:00:00+01:00,0.234,False,False,0.0,0.234
2026-05-19 19:30:00+01:00,0.397,False,False,0.0,0.397
2026-05-19 20:00:00+01:00,0.813,False,False,0.0,0.813
2026-05-19 20:30:00+01:00,0.241,False,False,0.0,0.241
2026-05-19 21:00:00+01:00,0.209,False,False,0.0,0.209
2026-05-19 21:30:00+01:00,0.195,False,False,0.0,0.195
2026-05-19 22:00:00+01:00,0.105,False,False,0.0,0.105
2026-05-19 22:30:00+01:00,0.093,False,False,0.0,0.093
2026-05-19 23:00:00+01:00,0.091,True,False,0.0,0.091
2026-05-19 23:30:00+01:00,0.088,True,False,0.0,0.088
2026-05-20 00:00:00+01:00,0.081,True,False,0.0,0.081
2026-05-20 00:30:00+01:00,0.081,True,False,0.0,0.081
2026-05-20 01:00:00+01:00,0.084,True,False,0.0,0.084
2026-05-20 01:30:00+01:00,0.072,True,False,0.0,0.072
2026-05-20 02:00:00+01:00,0.084,True,False,0.0,0.084
2026-05-20 02:30:00+01:00,0.118,True,False,0.0,0.118
2026-05-20 03:00:00+01:00,0.074,True,False,0.0,0.074
2026-05-20 03:30:00+01:00,0.076,True,False,0.0,0.076
2026-05-20 04:00:00+01:00,0.071,True,False,0.0,0.071
2026-05-20 04:30:00+01:00,0.07,True,False,0.0,0.07
2026-05-20 05:00:00+01:00,0.07,False,False,0.0,0.07
2026-05-20 05:30:00+01:00,0.076,False,False,0.0,0.076
2026-05-20 06:00:00+01:00,0.071,False,False,0.0,0.071
2026-05-20 06:30:00+01:00,0.104,False,False,0.0,0.104
2026-05-20 07:00:00+01:00,1.278,False,False,0.0,1.278
2026-05-20 07:30:00+01:00,0.723,False,False,0.0,0.723
2026-05-20 08:00:00+01:00,0.377,False,False,0.0,0.377
2026-05-20 08:30:00+01:00,0.866,False,False,0.0,0.866
2026-05-20 09:00:00+01:00,0.194,False,False,0.0,0.194
2026-05-20 09:30:00+01:00,0.095,False,False,0.0,0.095
2026-05-20 10:00:00+01:00,0.092,False,False,0.0,0.092
2026-05-20 10:30:00+01:00,0.08,False,False,0.0,0.08
2026-05-20 11:00:00+01:00,0.093,False,False,0.0,0.093
2026-05-20 11:30:00+01:00,0.092,False,False,0.0,0.092
2026-05-20 12:00:00+01:00,0.12,False,False,0.0,0.12
2026-05-20 12:30:00+01:00,0.117,False,False,0.0,0.117
2026-05-20 13:00:00+01:00,0.086,False,False,0.0,0.086
2026-05-20 13:30:00+01:00,0.092,False,False,0.0,0.092
2026-05-20 14:00:00+01:00,0.092,False,False,0.0,0.092
2026-05-20 14:30:00+01:00,0.093,False,False,0.0,0.093
2026-05-20 15:00:00+01:00,0.083,False,False,0.0,0.083
2026-05-20 15:30:00+01:00,0.212,False,False,0.0,0.212
2026-05-20 16:00:00+01:00,0.283,False,False,0.0,0.283
2026-05-20 16:30:00+01:00,0.247,False,False,0.0,0.247
2026-05-20 17:00:00+01:00,0.275,False,False,0.0,0.275
2026-05-20 17:30:00+01:00,0.266,False,False,0.0,0.266
2026-05-20 18:00:00+01:00,0.187,False,False,0.0,0.187
2026-05-20 18:30:00+01:00,0.244,False,False,0.0,0.244
2026-05-20 19:00:00+01:00,0.233,False,False,0.0,0.233
2026-05-20 19:30:00+01:00,0.189,False,False,0.0,0.189
2026-05-20 20:00:00+01:00,0.169,False,False,0.0,0.169
2026-05-20 20:30:00+01:00,0.212,False,False,0.0,0.212
2026-05-20 21:00:00+01:00,0.245,False,False,0.0,0.245
2026-05-20 21:30:00+01:00,0.247,False,False,0.0,0.247
2026-05-20 22:00:00+01:00,0.319,False,False,0.0,0.319
2026-05-20 22:30:00+01:00,0.303,False,False,0.0,0.303
2026-05-20 23:00:00+01:00,0.314,True,False,0.0,0.314
2026-05-20 23:30:00+01:00,0.265,True,False,0.0,0.265
2026-05-21 00:00:00+01:00,0.115,True,False,0.0,0.115
2026-05-21 00:30:00+01:00,0.111,True,False,0.0,0.111
2026-05-21 01:00:00+01:00,0.092,True,False,0.0,0.092
2026-05-21 01:30:00+01:00,0.088,True,False,0.0,0.088
2026-05-21 02:00:00+01:00,0.084,True,False,0.0,0.084
2026-05-21 02:30:00+01:00,0.076,True,False,0.0,0.076
2026-05-21 03:00:00+01:00,0.072,True,False,0.0,0.072
2026-05-21 03:30:00+01:00,0.084,True,False,0.0,0.084
2026-05-21 04:00:00+01:00,0.084,True,False,0.0,0.084
2026-05-21 04:30:00+01:00,0.066,True,False,0.0,0.066
2026-05-21 05:00:00+01:00,0.071,False,False,0.0,0.071
2026-05-21 05:30:00+01:00,0.075,False,False,0.0,0.075
2026-05-21 06:00:00+01:00,0.082,False,False,0.0,0.082
2026-05-21 06:30:00+01:00,0.101,False,False,0.0,0.101
2026-05-21 07:00:00+01:00,0.629,False,False,0.0,0.629
2026-05-21 07:30:00+01:00,0.624,False,False,0.0,0.624
2026-05-21 08:00:00+01:00,0.43,False,False,0.0,0.43
2026-05-21 08:30:00+01:00,0.306,False,False,0.0,0.306
2026-05-21 09:00:00+01:00,0.708,False,False,0.0,0.708
2026-05-21 09:30:00+01:00,0.24,False,False,0.0,0.24
2026-05-21 10:00:00+01:00,0.211,False,False,0.0,0.211
2026-05-21 10:30:00+01:00,0.232,False,False,0.0,0.232
2026-05-21 11:00:00+01:00,0.137,False,False,0.0,0.137
2026-05-21 11:30:00+01:00,0.13,False,False,0.0,0.13
2026-05-21 12:00:00+01:00,0.165,False,False,0.0,0.165
2026-05-21 12:30:00+01:00,0.297,False,False,0.0,0.297
2026-05-21 13:00:00+01:00,0.274,False,False,0.0,0.274
2026-05-21 13:30:00+01:00,0.244,False,False,0.0,0.244
2026-05-21 14:00:00+01:00,0.255,False,False,0.0,0.255
2026-05-21 14:30:00+01:00,0.248,False,False,0.0,0.248
2026-05-21 15:00:00+01:00,0.214,False,False,0.0,0.214
2026-05-21 15:30:00+01:00,0.262,False,False,0.0,0.262
2026-05-21 16:00:00+01:00,1.211,False,False,0.0,1.211
2026-05-21 16:30:00+01:00,0.65,False,False,0.0,0.65
2026-05-21 17:00:00+01:00,0.299,False,False,0.0,0.299
2026-05-21 17:30:00+01:00,0.246,False,False,0.0,0.246
2026-05-21 18:00:00+01:00,0.239,False,False,0.0,0.239
2026-05-21 18:30:00+01:00,0.236,False,False,0.0,0.236
2026-05-21 19:00:00+01:00,0.237,False,False,0.0,0.237
2026-05-21 19:30:00+01:00,0.211,False,False,0.0,0.211
2026-05-21 20:00:00+01:00,0.203,False,False,0.0,0.203
2026-05-21 20:30:00+01:00,0.311,False,False,0.0,0.311
2026-05-21 21:00:00+01:00,0.294,False,False,0.0,0.294
2026-05-21 21:30:00+01:00,0.269,False,False,0.0,0.269
2026-05-21 22:00:00+01:00,0.248,False,False,0.0,0.248
2026-05-21 22:30:00+01:00,0.254,False,False,0.0,0.254
2026-05-21 23:00:00+01:00,0.206,True,False,0.0,0.206
2026-05-21 23:30:00+01:00,0.098,True,False,0.0,0.098
2026-05-22 00:00:00+01:00,0.091,True,False,0.0,0.091
2026-05-22 00:30:00+01:00,0.093,True,False,0.0,0.093
2026-05-22 01:00:00+01:00,0.082,True,False,0.0,0.082
2026-05-22 01:30:00+01:00,0.087,True,False,0.0,0.087
2026-05-22 02:00:00+01:00,0.087,True,False,0.0,0.087
2026-05-22 02:30:00+01:00,0.079,True,False,0.0,0.079
2026-05-22 03:00:00+01:00,0.074,True,False,0.0,0.074
2026-05-22 03:30:00+01:00,0.074,True,False,0.0,0.074
2026-05-22 04:00:00+01:00,0.065,True,False,0.0,0.065
2026-05-22 04:30:00+01:00,0.075,True,False,0.0,0.075
2026-05-22 05:00:00+01:00,0.075,False,False,0.0,0.075
2026-05-22 05:30:00+01:00,0.079,False,False,0.0,0.079
2026-05-22 06:00:00+01:00,0.087,False,False,0.0,0.087
2026-05-22 06:30:00+01:00,0.097,False,False,0.0,0.097
2026-05-22 07:00:00+01:00,0.18,False,False,0.0,0.18
2026-05-22 07:30:00+01:00,0.433,False,False,0.0,0.433
2026-05-22 08:00:00+01:00,0.348,False,False,0.0,0.348
2026-05-22 08:30:00+01:00,0.629,False,False,0.0,0.629
2026-05-22 09:00:00+01:00,0.657,False,False,0.0,0.657
2026-05-22 09:30:00+01:00,0.433,False,False,0.0,0.433
2026-05-22 10:00:00+01:00,0.317,False,False,0.0,0.317
2026-05-22 10:30:00+01:00,0.594,False,False,0.0,0.594
2026-05-22 11:00:00+01:00,0.126,False,False,0.0,0.126
2026-05-22 11:30:00+01:00,0.119,False,False,0.0,0.119
2026-05-22 12:00:00+01:00,0.156,False,False,0.0,0.156
2026-05-22 12:30:00+01:00,0.147,False,False,0.0,0.147
2026-05-22 13:00:00+01:00,0.137,False,False,0.0,0.137
2026-05-22 13:30:00+01:00,0.136,False,False,0.0,0.136
2026-05-22 14:00:00+01:00,0.167,False,False,0.0,0.167
2026-05-22 14:30:00+01:00,0.096,False,False,0.0,0.096
2026-05-22 15:00:00+01:00,0.106,False,False,0.0,0.106
2026-05-22 15:30:00+01:00,1.014,False,False,0.0,1.014
2026-05-22 16:00:00+01:00,0.274,False,False,0.0,0.274
2026-05-22 16:30:00+01:00,0.235,False,False,0.0,0.235
2026-05-22 17:00:00+01:00,1.269,False,False,0.0,1.269
2026-05-22 17:30:00+01:00,0.534,False,False,0.0,0.534
2026-05-22 18:00:00+01:00,0.296,False,False,0.0,0.296
2026-05-22 18:30:00+01:00,0.272,False,False,0.0,0.272
2026-05-22 19:00:00+01:00,0.224,False,False,0.0,0.224
2026-05-22 19:30:00+01:00,0.22,False,False,0.0,0.22
2026-05-22 20:00:00+01:00,0.212,False,False,0.0,0.212
2026-05-22 20:30:00+01:00,0.196,False,False,0.0,0.196
2026-05-22 21:00:00+01:00,0.168,False,False,0.0,0.168
2026-05-22 21:30:00+01:00,0.14,False,False,0.0,0.14
2026-05-22 22:00:00+01:00,0.125,False,False,0.0,0.125
2026-05-22 22:30:00+01:00,0.106,False,False,0.0,0.106
2026-05-22 23:00:00+01:00,0.107,True,False,0.0,0.107
2026-05-22 23:30:00+01:00,0.088,True,False,0.0,0.088
2026-05-23 00:00:00+01:00,0.091,True,False,0.0,0.091
2026-05-23 00:30:00+01:00,0.089,True,False,0.0,0.089
2026-05-23 01:00:00+01:00,0.094,True,False,0.0,0.094
2026-05-23 01:30:00+01:00,0.136,True,False,0.0,0.136
2026-05-23 02:00:00+01:00,0.093,True,False,0.0,0.093
2026-05-23 02:30:00+01:00,0.083,True,False,0.0,0.083
2026-05-23 03:00:00+01:00,0.078,True,False,0.0,0.078
2026-05-23 03:30:00+01:00,0.076,True,False,0.0,0.076
2026-05-23 04:00:00+01:00,0.079,True,False,0.0,0.079
2026-05-23 04:30:00+01:00,0.08,True,False,0.0,0.08
2026-05-23 05:00:00+01:00,0.09,False,False,0.0,0.09
2026-05-23 05:30:00+01:00,0.075,False,False,0.0,0.075
2026-05-23 06:00:00+01:00,0.088,False,False,0.0,0.088
2026-05-23 06:30:00+01:00,0.106,False,False,0.0,0.106
2026-05-23 07:00:00+01:00,0.302,False,False,0.0,0.302
2026-05-23 07:30:00+01:00,0.299,False,False,0.0,0.299
2026-05-23 08:00:00+01:00,0.252,False,False,0.0,0.252
2026-05-23 08:30:00+01:00,0.235,False,False,0.0,0.235
2026-05-23 09:00:00+01:00,0.11,False,False,0.0,0.11
2026-05-23 09:30:00+01:00,0.169,False,False,0.0,0.169
2026-05-23 10:00:00+01:00,0.213,False,False,0.0,0.213
2026-05-23 10:30:00+01:00,0.739,False,False,0.0,0.739
2026-05-23 11:00:00+01:00,1.028,False,False,0.0,1.028
2026-05-23 11:30:00+01:00,0.719,False,False,0.0,0.719
2026-05-23 12:00:00+01:00,0.323,False,False,0.0,0.323
2026-05-23 12:30:00+01:00,0.318,False,False,0.0,0.318
2026-05-23 13:00:00+01:00,0.3,False,False,0.0,0.3
2026-05-23 13:30:00+01:00,0.215,False,False,0.0,0.215
2026-05-23 14:00:00+01:00,0.189,False,False,0.0,0.189
2026-05-23 14:30:00+01:00,0.193,False,False,0.0,0.193
2026-05-23 15:00:00+01:00,0.191,False,False,0.0,0.191
2026-05-23 15:30:00+01:00,1.366,False,False,0.0,1.366
2026-05-23 16:00:00+01:00,1.753,False,False,0.0,1.753
2026-05-23 16:30:00+01:00,0.462,False,False,0.0,0.462
2026-05-23 17:00:00+01:00,0.885,False,False,0.0,0.885
2026-05-23 17:30:00+01:00,0.581,False,False,0.0,0.581
2026-05-23 18:00:00+01:00,0.292,False,False,0.0,0.292
2026-05-23 18:30:00+01:00,0.893,False,False,0.0,0.893
2026-05-23 19:00:00+01:00,0.243,False,False,0.0,0.243
2026-05-23 19:30:00+01:00,0.241,False,False,0.0,0.241
2026-05-23 20:00:00+01:00,0.423,False,False,0.0,0.423
2026-05-23 20:30:00+01:00,0.32,False,False,0.0,0.32
2026-05-23 21:00:00+01:00,0.369,False,False,0.0,0.369
2026-05-23 21:30:00+01:00,0.367,False,False,0.0,0.367
2026-05-23 22:00:00+01:00,0.344,False,False,0.0,0.344
2026-05-23 22:30:00+01:00,0.342,False,False,0.0,0.342
2026-05-23 23:00:00+01:00,0.277,True,False,0.0,0.277
2026-05-23 23:30:00+01:00,0.112,True,False,0.0,0.112
2026-05-24 00:00:00+01:00,0.106,True,False,0.0,0.106
2026-05-24 00:30:00+01:00,0.111,True,False,0.0,0.111
2026-05-24 01:00:00+01:00,0.109,True,False,0.0,0.109
2026-05-24 01:30:00+01:00,0.099,True,False,0.0,0.099
2026-05-24 02:00:00+01:00,0.11,True,False,0.0,0.11
2026-05-24 02:30:00+01:00,0.131,True,False,0.0,0.131
2026-05-24 03:00:00+01:00,0.121,True,False,0.0,0.121
2026-05-24 03:30:00+01:00,0.102,True,False,0.0,0.102
2026-05-24 04:00:00+01:00,0.1,True,False,0.0,0.1
2026-05-24 04:30:00+01:00,0.099,True,False,0.0,0.099
2026-05-24 05:00:00+01:00,0.1,False,False,0.0,0.1
2026-05-24 05:30:00+01:00,0.103,False,False,0.0,0.103
2026-05-24 06:00:00+01:00,0.121,False,False,0.0,0.121
2026-05-24 06:30:00+01:00,0.122,False,False,0.0,0.122
2026-05-24 07:00:00+01:00,0.214,False,False,0.0,0.214
2026-05-24 07:30:00+01:00,1.534,False,False,0.0,1.534
2026-05-24 08:00:00+01:00,0.33,False,False,0.0,0.33
2026-05-24 08:30:00+01:00,0.224,False,False,0.0,0.224
2026-05-24 09:00:00+01:00,0.213,False,False,0.0,0.213
2026-05-24 09:30:00+01:00,0.189,False,False,0.0,0.189
2026-05-24 10:00:00+01:00,0.337,False,False,0.0,0.337
2026-05-24 10:30:00+01:00,0.592,False,False,0.0,0.592
2026-05-24 11:00:00+01:00,0.406,False,False,0.0,0.406
2026-05-24 11:30:00+01:00,0.259,False,False,0.0,0.259
2026-05-24 12:00:00+01:00,4.037,False,True,3.774,0.2629999999999999
2026-05-24 12:30:00+01:00,1.015,False,False,0.0,1.015
2026-05-24 13:00:00+01:00,0.457,False,False,0.0,0.457
2026-05-24 13:30:00+01:00,4.29,False,True,4.0615,0.22850000000000037
2026-05-24 14:00:00+01:00,3.809,False,True,3.593,0.2160000000000002
2026-05-24 14:30:00+01:00,4.141,False,True,3.922,0.21899999999999986
2026-05-24 15:00:00+01:00,4.15,False,True,3.9310000000000005,0.21899999999999986
2026-05-24 15:30:00+01:00,3.749,False,True,3.45,0.29899999999999993
2026-05-24 16:00:00+01:00,3.743,False,True,3.258,0.4849999999999999
2026-05-24 16:30:00+01:00,0.515,False,False,0.0,0.515
2026-05-24 17:00:00+01:00,4.13,False,True,3.8064999999999998,0.3235000000000001
2026-05-24 17:30:00+01:00,0.606,False,False,0.0,0.606
2026-05-24 18:00:00+01:00,0.316,False,False,0.0,0.316
2026-05-24 18:30:00+01:00,0.279,False,False,0.0,0.279
2026-05-24 19:00:00+01:00,0.268,False,False,0.0,0.268
2026-05-24 19:30:00+01:00,0.292,False,False,0.0,0.292
2026-05-24 20:00:00+01:00,0.287,False,False,0.0,0.287
2026-05-24 20:30:00+01:00,0.338,False,False,0.0,0.338
2026-05-24 21:00:00+01:00,0.679,False,False,0.0,0.679
2026-05-24 21:30:00+01:00,0.583,False,False,0.0,0.583
2026-05-24 22:00:00+01:00,0.179,False,False,0.0,0.179
2026-05-24 22:30:00+01:00,0.79,False,False,0.0,0.79
2026-05-24 23:00:00+01:00,0.13,True,False,0.0,0.13
2026-05-24 23:30:00+01:00,0.127,True,False,0.0,0.127
2026-05-25 00:00:00+01:00,0.112,True,False,0.0,0.112
2026-05-25 00:30:00+01:00,0.104,True,False,0.0,0.104
2026-05-25 01:00:00+01:00,0.108,True,False,0.0,0.108
2026-05-25 01:30:00+01:00,0.106,True,False,0.0,0.106
2026-05-25 02:00:00+01:00,0.141,True,False,0.0,0.141
2026-05-25 02:30:00+01:00,0.113,True,False,0.0,0.113
2026-05-25 03:00:00+01:00,0.097,True,False,0.0,0.097
2026-05-25 03:30:00+01:00,1.026,True,True,0.9510000000000001,0.07499999999999996
2026-05-25 04:00:00+01:00,0.098,True,False,0.0,0.098
2026-05-25 04:30:00+01:00,0.097,True,False,0.0,0.097
2026-05-25 05:00:00+01:00,0.097,False,False,0.0,0.097
2026-05-25 05:30:00+01:00,0.112,False,False,0.0,0.112
2026-05-25 06:00:00+01:00,0.124,False,False,0.0,0.124
2026-05-25 06:30:00+01:00,0.14,False,False,0.0,0.14
2026-05-25 07:00:00+01:00,0.136,False,False,0.0,0.136
2026-05-25 07:30:00+01:00,0.172,False,False,0.0,0.172
2026-05-25 08:00:00+01:00,0.44,False,False,0.0,0.44
2026-05-25 08:30:00+01:00,0.259,False,False,0.0,0.259
2026-05-25 09:00:00+01:00,0.238,False,False,0.0,0.238
2026-05-25 09:30:00+01:00,1.047,False,False,0.0,1.047
2026-05-25 10:00:00+01:00,0.342,False,False,0.0,0.342
2026-05-25 10:30:00+01:00,0.326,False,False,0.0,0.326
2026-05-25 11:00:00+01:00,0.303,False,False,0.0,0.303
2026-05-25 11:30:00+01:00,0.329,False,False,0.0,0.329
2026-05-25 12:00:00+01:00,0.241,False,False,0.0,0.241
2026-05-25 12:30:00+01:00,0.289,False,False,0.0,0.289
2026-05-25 13:00:00+01:00,0.476,False,False,0.0,0.476
2026-05-25 13:30:00+01:00,0.204,False,False,0.0,0.204
2026-05-25 14:00:00+01:00,0.174,False,False,0.0,0.174
2026-05-25 14:30:00+01:00,0.171,False,False,0.0,0.171
2026-05-25 15:00:00+01:00,0.166,False,False,0.0,0.166
2026-05-25 15:30:00+01:00,0.159,False,False,0.0,0.159
2026-05-25 16:00:00+01:00,0.293,False,False,0.0,0.293
2026-05-25 16:30:00+01:00,0.452,False,False,0.0,0.452
2026-05-25 17:00:00+01:00,0.481,False,False,0.0,0.481
2026-05-25 17:30:00+01:00,0.377,False,False,0.0,0.377
2026-05-25 18:00:00+01:00,0.268,False,False,0.0,0.268
2026-05-25 18:30:00+01:00,0.73,False,False,0.0,0.73
2026-05-25 19:00:00+01:00,0.518,False,False,0.0,0.518
2026-05-25 19:30:00+01:00,0.336,False,False,0.0,0.336
2026-05-25 20:00:00+01:00,0.295,False,False,0.0,0.295
2026-05-25 20:30:00+01:00,0.23,False,False,0.0,0.23
2026-05-25 21:00:00+01:00,0.217,False,False,0.0,0.217
2026-05-25 21:30:00+01:00,0.182,False,False,0.0,0.182
2026-05-25 22:00:00+01:00,0.18,False,False,0.0,0.18
2026-05-25 22:30:00+01:00,0.168,False,False,0.0,0.168
2026-05-25 23:00:00+01:00,0.138,True,False,0.0,0.138
2026-05-25 23:30:00+01:00,0.126,True,False,0.0,0.126
2026-05-26 00:00:00+01:00,0.115,True,False,0.0,0.115
2026-05-26 00:30:00+01:00,0.114,True,False,0.0,0.114
2026-05-26 01:00:00+01:00,0.112,True,False,0.0,0.112
2026-05-26 01:30:00+01:00,0.111,True,False,0.0,0.111
2026-05-26 02:00:00+01:00,0.112,True,False,0.0,0.112
2026-05-26 02:30:00+01:00,0.104,True,False,0.0,0.104
2026-05-26 03:00:00+01:00,0.118,True,False,0.0,0.118
2026-05-26 03:30:00+01:00,0.092,True,False,0.0,0.092
2026-05-26 04:00:00+01:00,0.1,True,False,0.0,0.1
2026-05-26 04:30:00+01:00,0.1,True,False,0.0,0.1
2026-05-26 05:00:00+01:00,0.101,False,False,0.0,0.101
2026-05-26 05:30:00+01:00,0.104,False,False,0.0,0.104
2026-05-26 06:00:00+01:00,0.112,False,False,0.0,0.112
2026-05-26 06:30:00+01:00,0.135,False,False,0.0,0.135
2026-05-26 07:00:00+01:00,0.634,False,False,0.0,0.634
2026-05-26 07:30:00+01:00,1.908,False,False,0.0,1.908
2026-05-26 08:00:00+01:00,1.249,False,False,0.0,1.249
2026-05-26 08:30:00+01:00,0.383,False,False,0.0,0.383
2026-05-26 09:00:00+01:00,0.437,False,False,0.0,0.437
2026-05-26 09:30:00+01:00,0.346,False,False,0.0,0.346
2026-05-26 10:00:00+01:00,0.178,False,False,0.0,0.178
2026-05-26 10:30:00+01:00,0.257,False,False,0.0,0.257
2026-05-26 11:00:00+01:00,0.232,False,False,0.0,0.232
2026-05-26 11:30:00+01:00,0.192,False,False,0.0,0.192
2026-05-26 12:00:00+01:00,0.237,False,False,0.0,0.237
2026-05-26 12:30:00+01:00,0.214,False,False,0.0,0.214
2026-05-26 13:00:00+01:00,0.172,False,False,0.0,0.172
2026-05-26 13:30:00+01:00,0.18,False,False,0.0,0.18
2026-05-26 14:00:00+01:00,0.156,False,False,0.0,0.156
2026-05-26 14:30:00+01:00,0.167,False,False,0.0,0.167
2026-05-26 15:00:00+01:00,0.168,False,False,0.0,0.168
2026-05-26 15:30:00+01:00,0.308,False,False,0.0,0.308
2026-05-26 16:00:00+01:00,0.33,False,False,0.0,0.33
2026-05-26 16:30:00+01:00,0.325,False,False,0.0,0.325
2026-05-26 17:00:00+01:00,0.494,False,False,0.0,0.494
2026-05-26 17:30:00+01:00,0.285,False,False,0.0,0.285
2026-05-26 18:00:00+01:00,0.281,False,False,0.0,0.281
2026-05-26 18:30:00+01:00,0.432,False,False,0.0,0.432
2026-05-26 19:00:00+01:00,0.268,False,False,0.0,0.268
2026-05-26 19:30:00+01:00,0.244,False,False,0.0,0.244
2026-05-26 20:00:00+01:00,0.377,False,False,0.0,0.377
2026-05-26 20:30:00+01:00,0.376,False,False,0.0,0.376
2026-05-26 21:00:00+01:00,0.414,False,False,0.0,0.414
2026-05-26 21:30:00+01:00,0.322,False,False,0.0,0.322
2026-05-26 22:00:00+01:00,0.342,False,False,0.0,0.342
2026-05-26 22:30:00+01:00,0.192,False,False,0.0,0.192
2026-05-26 23:00:00+01:00,0.116,True,False,0.0,0.116
2026-05-26 23:30:00+01:00,0.117,True,False,0.0,0.117
2026-05-27 00:00:00+01:00,0.129,True,False,0.0,0.129
2026-05-27 00:30:00+01:00,0.154,True,False,0.0,0.154
2026-05-27 01:00:00+01:00,0.115,True,False,0.0,0.115
2026-05-27 01:30:00+01:00,0.114,True,False,0.0,0.114
2026-05-27 02:00:00+01:00,0.114,True,False,0.0,0.114
2026-05-27 02:30:00+01:00,0.105,True,False,0.0,0.105
2026-05-27 03:00:00+01:00,0.103,True,False,0.0,0.103
2026-05-27 03:30:00+01:00,0.107,True,False,0.0,0.107
2026-05-27 04:00:00+01:00,0.12,True,False,0.0,0.12
2026-05-27 04:30:00+01:00,0.097,True,False,0.0,0.097
2026-05-27 05:00:00+01:00,0.099,False,False,0.0,0.099
2026-05-27 05:30:00+01:00,0.102,False,False,0.0,0.102
2026-05-27 06:00:00+01:00,0.112,False,False,0.0,0.112
2026-05-27 06:30:00+01:00,0.129,False,False,0.0,0.129
2026-05-27 07:00:00+01:00,0.723,False,False,0.0,0.723
2026-05-27 07:30:00+01:00,0.712,False,False,0.0,0.712
2026-05-27 08:00:00+01:00,0.482,False,False,0.0,0.482
2026-05-27 08:30:00+01:00,1.295,False,False,0.0,1.295
2026-05-27 09:00:00+01:00,0.361,False,False,0.0,0.361
2026-05-27 09:30:00+01:00,0.167,False,False,0.0,0.167
2026-05-27 10:00:00+01:00,0.225,False,False,0.0,0.225
2026-05-27 10:30:00+01:00,0.195,False,False,0.0,0.195
2026-05-27 11:00:00+01:00,0.183,False,False,0.0,0.183
2026-05-27 11:30:00+01:00,0.17,False,False,0.0,0.17
2026-05-27 12:00:00+01:00,0.222,False,False,0.0,0.222
2026-05-27 12:30:00+01:00,0.24,False,False,0.0,0.24
2026-05-27 13:00:00+01:00,0.206,False,False,0.0,0.206
2026-05-27 13:30:00+01:00,0.193,False,False,0.0,0.193
2026-05-27 14:00:00+01:00,0.267,False,False,0.0,0.267
2026-05-27 14:30:00+01:00,0.193,False,False,0.0,0.193
2026-05-27 15:00:00+01:00,0.17,False,False,0.0,0.17
2026-05-27 15:30:00+01:00,0.242,False,False,0.0,0.242
2026-05-27 16:00:00+01:00,0.212,False,False,0.0,0.212
2026-05-27 16:30:00+01:00,1.147,False,False,0.0,1.147
2026-05-27 17:00:00+01:00,0.337,False,False,0.0,0.337
2026-05-27 17:30:00+01:00,0.391,False,False,0.0,0.391
2026-05-27 18:00:00+01:00,0.346,False,False,0.0,0.346
2026-05-27 18:30:00+01:00,0.345,False,False,0.0,0.345
2026-05-27 19:00:00+01:00,0.321,False,False,0.0,0.321
2026-05-27 19:30:00+01:00,0.331,False,False,0.0,0.331
2026-05-27 20:00:00+01:00,0.328,False,False,0.0,0.328
2026-05-27 20:30:00+01:00,0.269,False,False,0.0,0.269
2026-05-27 21:00:00+01:00,0.695,False,False,0.0,0.695
2026-05-27 21:30:00+01:00,1.204,False,False,0.0,1.204
2026-05-27 22:00:00+01:00,0.415,False,False,0.0,0.415
2026-05-27 22:30:00+01:00,0.287,False,False,0.0,0.287
2026-05-27 23:00:00+01:00,0.308,True,False,0.0,0.308
2026-05-27 23:30:00+01:00,0.32,True,False,0.0,0.32
2026-05-28 00:00:00+01:00,0.316,True,False,0.0,0.316
2026-05-28 00:30:00+01:00,0.114,True,False,0.0,0.114
2026-05-28 01:00:00+01:00,0.084,True,False,0.0,0.084
2026-05-28 01:30:00+01:00,0.092,True,False,0.0,0.092
2026-05-28 02:00:00+01:00,0.091,True,False,0.0,0.091
2026-05-28 02:30:00+01:00,0.084,True,False,0.0,0.084
2026-05-28 03:00:00+01:00,0.08,True,False,0.0,0.08
2026-05-28 03:30:00+01:00,0.08,True,False,0.0,0.08
2026-05-28 04:00:00+01:00,0.09,True,False,0.0,0.09
2026-05-28 04:30:00+01:00,0.071,True,False,0.0,0.071
2026-05-28 05:00:00+01:00,0.08,False,False,0.0,0.08
2026-05-28 05:30:00+01:00,0.084,False,False,0.0,0.084
2026-05-28 06:00:00+01:00,0.091,False,False,0.0,0.091
2026-05-28 06:30:00+01:00,0.109,False,False,0.0,0.109
2026-05-28 07:00:00+01:00,0.206,False,False,0.0,0.206
2026-05-28 07:30:00+01:00,0.503,False,False,0.0,0.503
2026-05-28 08:00:00+01:00,0.322,False,False,0.0,0.322
2026-05-28 08:30:00+01:00,0.366,False,False,0.0,0.366
2026-05-28 09:00:00+01:00,0.235,False,False,0.0,0.235
2026-05-28 09:30:00+01:00,0.37,False,False,0.0,0.37
2026-05-28 10:00:00+01:00,0.273,False,False,0.0,0.273
2026-05-28 10:30:00+01:00,0.347,False,False,0.0,0.347
2026-05-28 11:00:00+01:00,0.242,False,False,0.0,0.242
2026-05-28 11:30:00+01:00,0.336,False,False,0.0,0.336
2026-05-28 12:00:00+01:00,0.424,False,False,0.0,0.424
2026-05-28 12:30:00+01:00,0.998,False,False,0.0,0.998
2026-05-28 13:00:00+01:00,0.3,False,False,0.0,0.3
2026-05-28 13:30:00+01:00,0.147,False,False,0.0,0.147
2026-05-28 14:00:00+01:00,0.153,False,False,0.0,0.153
2026-05-28 14:30:00+01:00,0.2,False,False,0.0,0.2
2026-05-28 15:00:00+01:00,0.137,False,False,0.0,0.137
2026-05-28 15:30:00+01:00,0.203,False,False,0.0,0.203
2026-05-28 16:00:00+01:00,1.315,False,False,0.0,1.315
2026-05-28 16:30:00+01:00,1.312,False,False,0.0,1.312
2026-05-28 17:00:00+01:00,0.314,False,False,0.0,0.314
2026-05-28 17:30:00+01:00,0.236,False,False,0.0,0.236
2026-05-28 18:00:00+01:00,0.164,False,False,0.0,0.164
2026-05-28 18:30:00+01:00,0.179,False,False,0.0,0.179
2026-05-28 19:00:00+01:00,0.27,False,False,0.0,0.27
2026-05-28 19:30:00+01:00,0.221,False,False,0.0,0.221
2026-05-28 20:00:00+01:00,0.218,False,False,0.0,0.218
2026-05-28 20:30:00+01:00,0.513,False,False,0.0,0.513
2026-05-28 21:00:00+01:00,0.386,False,False,0.0,0.386
2026-05-28 21:30:00+01:00,0.175,False,False,0.0,0.175
2026-05-28 22:00:00+01:00,0.359,False,False,0.0,0.359
2026-05-28 22:30:00+01:00,0.3,False,False,0.0,0.3
2026-05-28 23:00:00+01:00,0.098,True,False,0.0,0.098
2026-05-28 23:30:00+01:00,0.093,True,False,0.0,0.093
2026-05-29 00:00:00+01:00,0.097,True,False,0.0,0.097
2026-05-29 00:30:00+01:00,0.093,True,False,0.0,0.093
2026-05-29 01:00:00+01:00,0.1,True,False,0.0,0.1
2026-05-29 01:30:00+01:00,0.1,True,False,0.0,0.1
2026-05-29 02:00:00+01:00,0.095,True,False,0.0,0.095
2026-05-29 02:30:00+01:00,0.086,True,False,0.0,0.086
2026-05-29 03:00:00+01:00,0.083,True,False,0.0,0.083
2026-05-29 03:30:00+01:00,0.085,True,False,0.0,0.085
2026-05-29 04:00:00+01:00,0.072,True,False,0.0,0.072
2026-05-29 04:30:00+01:00,0.083,True,False,0.0,0.083
2026-05-29 05:00:00+01:00,0.083,False,False,0.0,0.083
2026-05-29 05:30:00+01:00,0.086,False,False,0.0,0.086
2026-05-29 06:00:00+01:00,0.094,False,False,0.0,0.094
2026-05-29 06:30:00+01:00,0.105,False,False,0.0,0.105
2026-05-29 07:00:00+01:00,0.217,False,False,0.0,0.217
2026-05-29 07:30:00+01:00,1.114,False,False,0.0,1.114
2026-05-29 08:00:00+01:00,0.402,False,False,0.0,0.402
2026-05-29 08:30:00+01:00,0.43,False,False,0.0,0.43
2026-05-29 09:00:00+01:00,0.204,False,False,0.0,0.204
2026-05-29 09:30:00+01:00,0.143,False,False,0.0,0.143
2026-05-29 10:00:00+01:00,0.119,False,False,0.0,0.119
2026-05-29 10:30:00+01:00,0.201,False,False,0.0,0.201
2026-05-29 11:00:00+01:00,0.396,False,False,0.0,0.396
2026-05-29 11:30:00+01:00,0.141,False,False,0.0,0.141
2026-05-29 12:00:00+01:00,0.173,False,False,0.0,0.173
2026-05-29 12:30:00+01:00,0.118,False,False,0.0,0.118
2026-05-29 13:00:00+01:00,0.097,False,False,0.0,0.097
2026-05-29 13:30:00+01:00,0.093,False,False,0.0,0.093
2026-05-29 14:00:00+01:00,0.094,False,False,0.0,0.094
2026-05-29 14:30:00+01:00,0.093,False,False,0.0,0.093
2026-05-29 15:00:00+01:00,0.095,False,False,0.0,0.095
2026-05-29 15:30:00+01:00,0.113,False,False,0.0,0.113
2026-05-29 16:00:00+01:00,0.116,False,False,0.0,0.116
2026-05-29 16:30:00+01:00,0.119,False,False,0.0,0.119
2026-05-29 17:00:00+01:00,0.12,False,False,0.0,0.12
2026-05-29 17:30:00+01:00,4.022,False,True,3.652,0.3700000000000001
2026-05-29 18:00:00+01:00,0.454,False,False,0.0,0.454
2026-05-29 18:30:00+01:00,0.396,False,False,0.0,0.396
2026-05-29 19:00:00+01:00,0.36,False,False,0.0,0.36
2026-05-29 19:30:00+01:00,0.311,False,False,0.0,0.311
2026-05-29 20:00:00+01:00,0.208,False,False,0.0,0.208
2026-05-29 20:30:00+01:00,0.2,False,False,0.0,0.2
2026-05-29 21:00:00+01:00,0.201,False,False,0.0,0.201
2026-05-29 21:30:00+01:00,0.139,False,False,0.0,0.139
2026-05-29 22:00:00+01:00,0.136,False,False,0.0,0.136
2026-05-29 22:30:00+01:00,0.142,False,False,0.0,0.142
2026-05-29 23:00:00+01:00,0.102,True,False,0.0,0.102
2026-05-29 23:30:00+01:00,0.101,True,False,0.0,0.101
2026-05-30 00:00:00+01:00,0.098,True,False,0.0,0.098
2026-05-30 00:30:00+01:00,0.095,True,False,0.0,0.095
2026-05-30 01:00:00+01:00,0.092,True,False,0.0,0.092
2026-05-30 01:30:00+01:00,3.742,True,True,3.656,0.08599999999999985
2026-05-30 02:00:00+01:00,3.845,True,True,3.7600000000000002,0.08499999999999996
2026-05-30 02:30:00+01:00,0.08,True,False,0.0,0.08
2026-05-30 03:00:00+01:00,3.743,True,True,3.669,0.07399999999999984
2026-05-30 03:30:00+01:00,3.842,True,True,3.767,0.07500000000000018
2026-05-30 04:00:00+01:00,3.843,True,True,3.769,0.07399999999999984
2026-05-30 04:30:00+01:00,0.085,True,False,0.0,0.085
2026-05-30 05:00:00+01:00,3.765,False,True,3.692,0.07299999999999995
2026-05-30 05:30:00+01:00,0.089,False,False,0.0,0.089
2026-05-30 06:00:00+01:00,3.401,False,False,0.0,3.401
2026-05-30 06:30:00+01:00,0.11,False,False,0.0,0.11
2026-05-30 07:00:00+01:00,3.913,False,True,3.6849999999999996,0.2280000000000002
2026-05-30 07:30:00+01:00,4.018,False,True,3.524,0.4939999999999998
2026-05-30 08:00:00+01:00,3.621,False,True,3.1695,0.4514999999999998
2026-05-30 08:30:00+01:00,0.827,False,False,0.0,0.827
2026-05-30 09:00:00+01:00,0.262,False,False,0.0,0.262
2026-05-30 09:30:00+01:00,0.325,False,False,0.0,0.325
2026-05-30 10:00:00+01:00,0.166,False,False,0.0,0.166
2026-05-30 10:30:00+01:00,0.177,False,False,0.0,0.177
2026-05-30 11:00:00+01:00,0.176,False,False,0.0,0.176
2026-05-30 11:30:00+01:00,0.204,False,False,0.0,0.204
2026-05-30 12:00:00+01:00,0.403,False,False,0.0,0.403
2026-05-30 12:30:00+01:00,0.206,False,False,0.0,0.206
2026-05-30 13:00:00+01:00,0.184,False,False,0.0,0.184
2026-05-30 13:30:00+01:00,0.149,False,False,0.0,0.149
2026-05-30 14:00:00+01:00,0.152,False,False,0.0,0.152
2026-05-30 14:30:00+01:00,0.131,False,False,0.0,0.131
2026-05-30 15:00:00+01:00,0.126,False,False,0.0,0.126
2026-05-30 15:30:00+01:00,0.148,False,False,0.0,0.148
2026-05-30 16:00:00+01:00,0.391,False,False,0.0,0.391
2026-05-30 16:30:00+01:00,0.95,False,False,0.0,0.95
2026-05-30 17:00:00+01:00,0.285,False,False,0.0,0.285
2026-05-30 17:30:00+01:00,1.362,False,False,0.0,1.362
2026-05-30 18:00:00+01:00,0.622,False,False,0.0,0.622
2026-05-30 18:30:00+01:00,0.273,False,False,0.0,0.273
2026-05-30 19:00:00+01:00,0.242,False,False,0.0,0.242
2026-05-30 19:30:00+01:00,0.209,False,False,0.0,0.209
2026-05-30 20:00:00+01:00,0.211,False,False,0.0,0.211
2026-05-30 20:30:00+01:00,0.201,False,False,0.0,0.201
2026-05-30 21:00:00+01:00,0.23,False,False,0.0,0.23
2026-05-30 21:30:00+01:00,0.184,False,False,0.0,0.184
2026-05-30 22:00:00+01:00,0.17,False,False,0.0,0.17
2026-05-30 22:30:00+01:00,0.111,False,False,0.0,0.111
2026-05-30 23:00:00+01:00,0.104,True,False,0.0,0.104
2026-05-30 23:30:00+01:00,0.109,True,False,0.0,0.109
2026-05-31 00:00:00+01:00,0.621,True,False,0.0,0.621
2026-05-31 00:30:00+01:00,0.096,True,False,0.0,0.096
2026-05-31 01:00:00+01:00,0.619,True,False,0.0,0.619
2026-05-31 01:30:00+01:00,0.631,True,False,0.0,0.631
2026-05-31 02:00:00+01:00,0.664,True,False,0.0,0.664
2026-05-31 02:30:00+01:00,0.648,True,False,0.0,0.648
2026-05-31 03:00:00+01:00,0.623,True,False,0.0,0.623
2026-05-31 03:30:00+01:00,0.621,True,False,0.0,0.621
2026-05-31 04:00:00+01:00,0.62,True,False,0.0,0.62
2026-05-31 04:30:00+01:00,0.623,True,False,0.0,0.623
2026-05-31 05:00:00+01:00,0.62,False,False,0.0,0.62
2026-05-31 05:30:00+01:00,0.635,False,False,0.0,0.635
2026-05-31 06:00:00+01:00,0.629,False,False,0.0,0.629
2026-05-31 06:30:00+01:00,0.651,False,False,0.0,0.651
2026-05-31 07:00:00+01:00,0.686,False,False,0.0,0.686
2026-05-31 07:30:00+01:00,0.857,False,False,0.0,0.857
2026-05-31 08:00:00+01:00,1.032,False,False,0.0,1.032
2026-05-31 08:30:00+01:00,0.517,False,False,0.0,0.517
2026-05-31 09:00:00+01:00,0.616,False,False,0.0,0.616
2026-05-31 09:30:00+01:00,0.294,False,False,0.0,0.294
2026-05-31 10:00:00+01:00,0.405,False,False,0.0,0.405
2026-05-31 10:30:00+01:00,0.182,False,False,0.0,0.182
2026-05-31 11:00:00+01:00,0.202,False,False,0.0,0.202
2026-05-31 11:30:00+01:00,0.202,False,False,0.0,0.202
2026-05-31 12:00:00+01:00,0.255,False,False,0.0,0.255
2026-05-31 12:30:00+01:00,0.272,False,False,0.0,0.272
2026-05-31 13:00:00+01:00,0.277,False,False,0.0,0.277
2026-05-31 13:30:00+01:00,0.217,False,False,0.0,0.217
2026-05-31 14:00:00+01:00,0.253,False,False,0.0,0.253
2026-05-31 14:30:00+01:00,0.248,False,False,0.0,0.248
2026-05-31 15:00:00+01:00,0.091,False,False,0.0,0.091
2026-05-31 15:30:00+01:00,0.115,False,False,0.0,0.115
2026-05-31 16:00:00+01:00,0.129,False,False,0.0,0.129
2026-05-31 16:30:00+01:00,0.144,False,False,0.0,0.144
2026-05-31 17:00:00+01:00,0.224,False,False,0.0,0.224
2026-05-31 17:30:00+01:00,0.248,False,False,0.0,0.248
2026-05-31 18:00:00+01:00,0.224,False,False,0.0,0.224
2026-05-31 18:30:00+01:00,0.199,False,False,0.0,0.199
2026-05-31 19:00:00+01:00,0.201,False,False,0.0,0.201
2026-05-31 19:30:00+01:00,0.201,False,False,0.0,0.201
2026-05-31 20:00:00+01:00,0.2,False,False,0.0,0.2
2026-05-31 20:30:00+01:00,0.152,False,False,0.0,0.152
2026-05-31 21:00:00+01:00,0.279,False,False,0.0,0.279
2026-05-31 21:30:00+01:00,0.238,False,False,0.0,0.238
2026-05-31 22:00:00+01:00,0.177,False,False,0.0,0.177
2026-05-31 22:30:00+01:00,0.138,False,False,0.0,0.138
2026-05-31 23:00:00+01:00,0.08,True,False,0.0,0.08
2026-05-31 23:30:00+01:00,0.1,True,False,0.0,0.1
2026-06-01 00:00:00+01:00,0.104,True,False,0.0,0.104
2026-06-01 00:30:00+01:00,0.091,True,False,0.0,0.091
2026-06-01 01:00:00+01:00,0.093,True,False,0.0,0.093
2026-06-01 01:30:00+01:00,0.092,True,False,0.0,0.092
2026-06-01 02:00:00+01:00,0.093,True,False,0.0,0.093
2026-06-01 02:30:00+01:00,0.084,True,False,0.0,0.084
2026-06-01 03:00:00+01:00,0.08,True,False,0.0,0.08
2026-06-01 03:30:00+01:00,0.084,True,False,0.0,0.084
2026-06-01 04:00:00+01:00,0.074,True,False,0.0,0.074
2026-06-01 04:30:00+01:00,0.08,True,False,0.0,0.08
2026-06-01 05:00:00+01:00,0.08,False,False,0.0,0.08
2026-06-01 05:30:00+01:00,0.083,False,False,0.0,0.083
2026-06-01 06:00:00+01:00,0.091,False,False,0.0,0.091
2026-06-01 06:30:00+01:00,0.108,False,False,0.0,0.108
2026-06-01 07:00:00+01:00,0.348,False,False,0.0,0.348
2026-06-01 07:30:00+01:00,0.425,False,False,0.0,0.425
2026-06-01 08:00:00+01:00,0.401,False,False,0.0,0.401
2026-06-01 08:30:00+01:00,0.286,False,False,0.0,0.286
2026-06-01 09:00:00+01:00,0.333,False,False,0.0,0.333
2026-06-01 09:30:00+01:00,0.243,False,False,0.0,0.243
2026-06-01 10:00:00+01:00,0.317,False,False,0.0,0.317
2026-06-01 10:30:00+01:00,0.26,False,False,0.0,0.26
2026-06-01 11:00:00+01:00,0.259,False,False,0.0,0.259
2026-06-01 11:30:00+01:00,0.239,False,False,0.0,0.239
2026-06-01 12:00:00+01:00,3.487,False,True,3.224,0.2629999999999999
2026-06-01 12:30:00+01:00,3.912,False,True,3.65,0.262
2026-06-01 13:00:00+01:00,3.995,False,True,3.7560000000000002,0.23899999999999988
2026-06-01 13:30:00+01:00,3.715,False,True,3.4865,0.22849999999999993
2026-06-01 14:00:00+01:00,3.853,False,True,3.637,0.2160000000000002
2026-06-01 14:30:00+01:00,3.872,False,True,3.653,0.21899999999999986
2026-06-01 15:00:00+01:00,3.898,False,True,3.6790000000000003,0.21899999999999986
2026-06-01 15:30:00+01:00,3.872,False,True,3.573,0.29899999999999993
2026-06-01 16:00:00+01:00,3.905,False,True,3.42,0.4849999999999999
2026-06-01 16:30:00+01:00,0.273,False,False,0.0,0.273
2026-06-01 17:00:00+01:00,0.465,False,False,0.0,0.465
2026-06-01 17:30:00+01:00,0.69,False,False,0.0,0.69
2026-06-01 18:00:00+01:00,0.96,False,False,0.0,0.96
2026-06-01 18:30:00+01:00,0.94,False,False,0.0,0.94
2026-06-01 19:00:00+01:00,0.925,False,False,0.0,0.925
2026-06-01 19:30:00+01:00,0.246,False,False,0.0,0.246
2026-06-01 20:00:00+01:00,0.266,False,False,0.0,0.266
2026-06-01 20:30:00+01:00,0.924,False,False,0.0,0.924
2026-06-01 21:00:00+01:00,0.876,False,False,0.0,0.876
2026-06-01 21:30:00+01:00,0.326,False,False,0.0,0.326
2026-06-01 22:00:00+01:00,0.196,False,False,0.0,0.196
2026-06-01 22:30:00+01:00,0.143,False,False,0.0,0.143
2026-06-01 23:00:00+01:00,0.123,True,False,0.0,0.123
2026-06-01 23:30:00+01:00,0.117,True,False,0.0,0.117
2026-06-02 00:00:00+01:00,0.113,True,False,0.0,0.113
2026-06-02 00:30:00+01:00,0.11,True,False,0.0,0.11
2026-06-02 01:00:00+01:00,0.109,True,False,0.0,0.109
2026-06-02 01:30:00+01:00,0.11,True,False,0.0,0.11
2026-06-02 02:00:00+01:00,3.801,True,True,3.716,0.08499999999999996
2026-06-02 02:30:00+01:00,0.107,True,False,0.0,0.107
2026-06-02 03:00:00+01:00,2.677,True,True,2.603,0.07399999999999984
2026-06-02 03:30:00+01:00,0.109,True,False,0.0,0.109
2026-06-02 04:00:00+01:00,0.106,True,False,0.0,0.106
2026-06-02 04:30:00+01:00,0.099,True,False,0.0,0.099
2026-06-02 05:00:00+01:00,0.098,False,False,0.0,0.098
2026-06-02 05:30:00+01:00,0.091,False,False,0.0,0.091
2026-06-02 06:00:00+01:00,0.092,False,False,0.0,0.092
2026-06-02 06:30:00+01:00,0.11,False,False,0.0,0.11
2026-06-02 07:00:00+01:00,0.216,False,False,0.0,0.216
2026-06-02 07:30:00+01:00,0.724,False,False,0.0,0.724
2026-06-02 08:00:00+01:00,0.641,False,False,0.0,0.641
2026-06-02 08:30:00+01:00,0.24,False,False,0.0,0.24
2026-06-02 09:00:00+01:00,0.49,False,False,0.0,0.49
2026-06-02 09:30:00+01:00,0.356,False,False,0.0,0.356
2026-06-02 10:00:00+01:00,0.114,False,False,0.0,0.114
2026-06-02 10:30:00+01:00,0.11,False,False,0.0,0.11
2026-06-02 11:00:00+01:00,0.096,False,False,0.0,0.096
2026-06-02 11:30:00+01:00,0.105,False,False,0.0,0.105
2026-06-02 12:00:00+01:00,0.132,False,False,0.0,0.132
2026-06-02 12:30:00+01:00,0.134,False,False,0.0,0.134
2026-06-02 13:00:00+01:00,0.11,False,False,0.0,0.11
2026-06-02 13:30:00+01:00,0.105,False,False,0.0,0.105
2026-06-02 14:00:00+01:00,0.11,False,False,0.0,0.11
2026-06-02 14:30:00+01:00,0.097,False,False,0.0,0.097
2026-06-02 15:00:00+01:00,0.106,False,False,0.0,0.106
2026-06-02 15:30:00+01:00,0.219,False,False,0.0,0.219
2026-06-02 16:00:00+01:00,0.324,False,False,0.0,0.324
2026-06-02 16:30:00+01:00,0.363,False,False,0.0,0.363
2026-06-02 17:00:00+01:00,0.278,False,False,0.0,0.278
2026-06-02 17:30:00+01:00,0.227,False,False,0.0,0.227
2026-06-02 18:00:00+01:00,0.195,False,False,0.0,0.195
2026-06-02 18:30:00+01:00,0.182,False,False,0.0,0.182
2026-06-02 19:00:00+01:00,0.178,False,False,0.0,0.178
2026-06-02 19:30:00+01:00,0.179,False,False,0.0,0.179
2026-06-02 20:00:00+01:00,0.187,False,False,0.0,0.187
2026-06-02 20:30:00+01:00,0.268,False,False,0.0,0.268
2026-06-02 21:00:00+01:00,0.169,False,False,0.0,0.169
2026-06-02 21:30:00+01:00,0.137,False,False,0.0,0.137
2026-06-02 22:00:00+01:00,0.134,False,False,0.0,0.134
2026-06-02 22:30:00+01:00,0.13,False,False,0.0,0.13
2026-06-02 23:00:00+01:00,0.12,True,False,0.0,0.12
2026-06-02 23:30:00+01:00,0.118,True,False,0.0,0.118
2026-06-03 00:00:00+01:00,0.118,True,False,0.0,0.118
2026-06-03 00:30:00+01:00,0.113,True,False,0.0,0.113
2026-06-03 01:00:00+01:00,0.113,True,False,0.0,0.113
2026-06-03 01:30:00+01:00,0.099,True,False,0.0,0.099
2026-06-03 02:00:00+01:00,0.1,True,False,0.0,0.1
2026-06-03 02:30:00+01:00,0.092,True,False,0.0,0.092
2026-06-03 03:00:00+01:00,0.088,True,False,0.0,0.088
2026-06-03 03:30:00+01:00,0.08,True,False,0.0,0.08
2026-06-03 04:00:00+01:00,0.089,True,False,0.0,0.089
2026-06-03 04:30:00+01:00,0.089,True,False,0.0,0.089
2026-06-03 05:00:00+01:00,0.083,False,False,0.0,0.083
2026-06-03 05:30:00+01:00,0.088,False,False,0.0,0.088
2026-06-03 06:00:00+01:00,0.1,False,False,0.0,0.1
2026-06-03 06:30:00+01:00,0.116,False,False,0.0,0.116
2026-06-03 07:00:00+01:00,0.184,False,False,0.0,0.184
2026-06-03 07:30:00+01:00,0.464,False,False,0.0,0.464
2026-06-03 08:00:00+01:00,0.306,False,False,0.0,0.306
2026-06-03 08:30:00+01:00,0.184,False,False,0.0,0.184
2026-06-03 09:00:00+01:00,0.106,False,False,0.0,0.106
2026-06-03 09:30:00+01:00,0.102,False,False,0.0,0.102
2026-06-03 10:00:00+01:00,0.101,False,False,0.0,0.101
2026-06-03 10:30:00+01:00,0.1,False,False,0.0,0.1
2026-06-03 11:00:00+01:00,0.1,False,False,0.0,0.1
2026-06-03 11:30:00+01:00,0.104,False,False,0.0,0.104
2026-06-03 12:00:00+01:00,0.113,False,False,0.0,0.113
2026-06-03 12:30:00+01:00,0.126,False,False,0.0,0.126
2026-06-03 13:00:00+01:00,0.102,False,False,0.0,0.102
2026-06-03 13:30:00+01:00,0.098,False,False,0.0,0.098
2026-06-03 14:00:00+01:00,0.099,False,False,0.0,0.099
2026-06-03 14:30:00+01:00,0.097,False,False,0.0,0.097
2026-06-03 15:00:00+01:00,0.102,False,False,0.0,0.102
2026-06-03 15:30:00+01:00,0.144,False,False,0.0,0.144
2026-06-03 16:00:00+01:00,0.789,False,False,0.0,0.789
2026-06-03 16:30:00+01:00,0.821,False,False,0.0,0.821
2026-06-03 17:00:00+01:00,0.219,False,False,0.0,0.219
2026-06-03 17:30:00+01:00,0.236,False,False,0.0,0.236
2026-06-03 18:00:00+01:00,0.698,False,False,0.0,0.698
2026-06-03 18:30:00+01:00,0.521,False,False,0.0,0.521
2026-06-03 19:00:00+01:00,0.283,False,False,0.0,0.283
2026-06-03 19:30:00+01:00,0.933,False,False,0.0,0.933
2026-06-03 20:00:00+01:00,0.294,False,False,0.0,0.294
2026-06-03 20:30:00+01:00,0.754,False,False,0.0,0.754
2026-06-03 21:00:00+01:00,0.208,False,False,0.0,0.208
2026-06-03 21:30:00+01:00,0.165,False,False,0.0,0.165
2026-06-03 22:00:00+01:00,0.145,False,False,0.0,0.145
2026-06-03 22:30:00+01:00,0.14,False,False,0.0,0.14
2026-06-03 23:00:00+01:00,0.132,True,False,0.0,0.132
2026-06-03 23:30:00+01:00,0.106,True,False,0.0,0.106
2026-06-04 00:00:00+01:00,0.091,True,False,0.0,0.091
2026-06-04 00:30:00+01:00,0.099,True,False,0.0,0.099
2026-06-04 01:00:00+01:00,0.121,True,False,0.0,0.121
2026-06-04 01:30:00+01:00,0.1,True,False,0.0,0.1
2026-06-04 02:00:00+01:00,0.088,True,False,0.0,0.088
2026-06-04 02:30:00+01:00,0.079,True,False,0.0,0.079
2026-06-04 03:00:00+01:00,0.076,True,False,0.0,0.076
2026-06-04 03:30:00+01:00,0.076,True,False,0.0,0.076
2026-06-04 04:00:00+01:00,0.076,True,False,0.0,0.076
2026-06-04 04:30:00+01:00,0.086,True,False,0.0,0.086
2026-06-04 05:00:00+01:00,0.066,False,False,0.0,0.066
2026-06-04 05:30:00+01:00,0.079,False,False,0.0,0.079
2026-06-04 06:00:00+01:00,0.085,False,False,0.0,0.085
2026-06-04 06:30:00+01:00,0.104,False,False,0.0,0.104
2026-06-04 07:00:00+01:00,0.145,False,False,0.0,0.145
2026-06-04 07:30:00+01:00,0.462,False,False,0.0,0.462
2026-06-04 08:00:00+01:00,0.399,False,False,0.0,0.399
2026-06-04 08:30:00+01:00,0.275,False,False,0.0,0.275
2026-06-04 09:00:00+01:00,0.58,False,False,0.0,0.58
2026-06-04 09:30:00+01:00,0.297,False,False,0.0,0.297
2026-06-04 10:00:00+01:00,0.295,False,False,0.0,0.295
2026-06-04 10:30:00+01:00,0.386,False,False,0.0,0.386
2026-06-04 11:00:00+01:00,0.258,False,False,0.0,0.258
2026-06-04 11:30:00+01:00,0.922,False,False,0.0,0.922
2026-06-04 12:00:00+01:00,0.38,False,False,0.0,0.38
2026-06-04 12:30:00+01:00,0.613,False,False,0.0,0.613
2026-06-04 13:00:00+01:00,0.596,False,False,0.0,0.596
2026-06-04 13:30:00+01:00,0.226,False,False,0.0,0.226
2026-06-04 14:00:00+01:00,0.743,False,False,0.0,0.743
2026-06-04 14:30:00+01:00,0.448,False,False,0.0,0.448
2026-06-04 15:00:00+01:00,0.254,False,False,0.0,0.254
2026-06-04 15:30:00+01:00,0.268,False,False,0.0,0.268
2026-06-04 16:00:00+01:00,0.386,False,False,0.0,0.386
2026-06-04 16:30:00+01:00,0.349,False,False,0.0,0.349
2026-06-04 17:00:00+01:00,0.281,False,False,0.0,0.281
2026-06-04 17:30:00+01:00,0.326,False,False,0.0,0.326
2026-06-04 18:00:00+01:00,0.731,False,False,0.0,0.731
2026-06-04 18:30:00+01:00,0.883,False,False,0.0,0.883
2026-06-04 19:00:00+01:00,0.616,False,False,0.0,0.616
2026-06-04 19:30:00+01:00,0.228,False,False,0.0,0.228
2026-06-04 20:00:00+01:00,0.27,False,False,0.0,0.27
2026-06-04 20:30:00+01:00,0.249,False,False,0.0,0.249
2026-06-04 21:00:00+01:00,0.292,False,False,0.0,0.292
2026-06-04 21:30:00+01:00,0.25,False,False,0.0,0.25
2026-06-04 22:00:00+01:00,0.306,False,False,0.0,0.306
2026-06-04 22:30:00+01:00,0.338,False,False,0.0,0.338
2026-06-04 23:00:00+01:00,0.341,True,False,0.0,0.341
2026-06-04 23:30:00+01:00,0.197,True,False,0.0,0.197
2026-06-05 00:00:00+01:00,0.101,True,False,0.0,0.101
2026-06-05 00:30:00+01:00,0.102,True,False,0.0,0.102
2026-06-05 01:00:00+01:00,0.104,True,False,0.0,0.104
2026-06-05 01:30:00+01:00,0.095,True,False,0.0,0.095
2026-06-05 02:00:00+01:00,0.102,True,False,0.0,0.102
2026-06-05 02:30:00+01:00,0.094,True,False,0.0,0.094
2026-06-05 03:00:00+01:00,0.09,True,False,0.0,0.09
2026-06-05 03:30:00+01:00,0.091,True,False,0.0,0.091
2026-06-05 04:00:00+01:00,0.092,True,False,0.0,0.092
2026-06-05 04:30:00+01:00,0.095,True,False,0.0,0.095
2026-06-05 05:00:00+01:00,0.082,False,False,0.0,0.082
2026-06-05 05:30:00+01:00,0.094,False,False,0.0,0.094
2026-06-05 06:00:00+01:00,0.102,False,False,0.0,0.102
2026-06-05 06:30:00+01:00,0.119,False,False,0.0,0.119
2026-06-05 07:00:00+01:00,0.419,False,False,0.0,0.419
2026-06-05 07:30:00+01:00,0.397,False,False,0.0,0.397
2026-06-05 08:00:00+01:00,0.509,False,False,0.0,0.509
2026-06-05 08:30:00+01:00,0.434,False,False,0.0,0.434
2026-06-05 09:00:00+01:00,0.671,False,False,0.0,0.671
2026-06-05 09:30:00+01:00,0.397,False,False,0.0,0.397
2026-06-05 10:00:00+01:00,0.303,False,False,0.0,0.303
2026-06-05 10:30:00+01:00,0.68,False,False,0.0,0.68
2026-06-05 11:00:00+01:00,0.195,False,False,0.0,0.195
2026-06-05 11:30:00+01:00,0.175,False,False,0.0,0.175
2026-06-05 12:00:00+01:00,0.25,False,False,0.0,0.25
2026-06-05 12:30:00+01:00,0.169,False,False,0.0,0.169
2026-06-05 13:00:00+01:00,0.214,False,False,0.0,0.214
2026-06-05 13:30:00+01:00,0.144,False,False,0.0,0.144
2026-06-05 14:00:00+01:00,0.187,False,False,0.0,0.187
2026-06-05 14:30:00+01:00,0.226,False,False,0.0,0.226
2026-06-05 15:00:00+01:00,0.314,False,False,0.0,0.314
2026-06-05 15:30:00+01:00,0.932,False,False,0.0,0.932
2026-06-05 16:00:00+01:00,1.112,False,False,0.0,1.112
2026-06-05 16:30:00+01:00,1.468,False,False,0.0,1.468
2026-06-05 17:00:00+01:00,0.619,False,False,0.0,0.619
2026-06-05 17:30:00+01:00,0.688,False,False,0.0,0.688
2026-06-05 18:00:00+01:00,0.287,False,False,0.0,0.287
2026-06-05 18:30:00+01:00,0.262,False,False,0.0,0.262
2026-06-05 19:00:00+01:00,0.265,False,False,0.0,0.265
2026-06-05 19:30:00+01:00,0.248,False,False,0.0,0.248
2026-06-05 20:00:00+01:00,0.266,False,False,0.0,0.266
2026-06-05 20:30:00+01:00,0.242,False,False,0.0,0.242
2026-06-05 21:00:00+01:00,0.253,False,False,0.0,0.253
2026-06-05 21:30:00+01:00,0.212,False,False,0.0,0.212
2026-06-05 22:00:00+01:00,0.174,False,False,0.0,0.174
2026-06-05 22:30:00+01:00,0.103,False,False,0.0,0.103
2026-06-05 23:00:00+01:00,0.094,True,False,0.0,0.094
2026-06-05 23:30:00+01:00,0.124,True,False,0.0,0.124
2026-06-06 00:00:00+01:00,0.095,True,False,0.0,0.095
2026-06-06 00:30:00+01:00,0.105,True,False,0.0,0.105
2026-06-06 01:00:00+01:00,0.104,True,False,0.0,0.104
2026-06-06 01:30:00+01:00,0.101,True,False,0.0,0.101
2026-06-06 02:00:00+01:00,0.105,True,False,0.0,0.105
2026-06-06 02:30:00+01:00,0.14,True,False,0.0,0.14
2026-06-06 03:00:00+01:00,0.096,True,False,0.0,0.096
2026-06-06 03:30:00+01:00,0.095,True,False,0.0,0.095
2026-06-06 04:00:00+01:00,0.094,True,False,0.0,0.094
2026-06-06 04:30:00+01:00,0.094,True,False,0.0,0.094
2026-06-06 05:00:00+01:00,0.093,False,False,0.0,0.093
2026-06-06 05:30:00+01:00,0.1,False,False,0.0,0.1
2026-06-06 06:00:00+01:00,0.108,False,False,0.0,0.108
2026-06-06 06:30:00+01:00,0.12,False,False,0.0,0.12
2026-06-06 07:00:00+01:00,0.199,False,False,0.0,0.199
2026-06-06 07:30:00+01:00,0.458,False,False,0.0,0.458
2026-06-06 08:00:00+01:00,0.249,False,False,0.0,0.249
2026-06-06 08:30:00+01:00,0.241,False,False,0.0,0.241
2026-06-06 09:00:00+01:00,0.213,False,False,0.0,0.213
2026-06-06 09:30:00+01:00,0.209,False,False,0.0,0.209
2026-06-06 10:00:00+01:00,0.248,False,False,0.0,0.248
2026-06-06 10:30:00+01:00,0.356,False,False,0.0,0.356
2026-06-06 11:00:00+01:00,0.335,False,False,0.0,0.335
2026-06-06 11:30:00+01:00,1.292,False,False,0.0,1.292
2026-06-06 12:00:00+01:00,0.933,False,False,0.0,0.933
2026-06-06 12:30:00+01:00,0.262,False,False,0.0,0.262
2026-06-06 13:00:00+01:00,0.746,False,False,0.0,0.746
2026-06-06 13:30:00+01:00,0.416,False,False,0.0,0.416
2026-06-06 14:00:00+01:00,0.23,False,False,0.0,0.23
2026-06-06 14:30:00+01:00,0.964,False,False,0.0,0.964
2026-06-06 15:00:00+01:00,0.594,False,False,0.0,0.594
2026-06-06 15:30:00+01:00,0.598,False,False,0.0,0.598
2026-06-06 16:00:00+01:00,0.62,False,False,0.0,0.62
2026-06-06 16:30:00+01:00,0.889,False,False,0.0,0.889
2026-06-06 17:00:00+01:00,0.245,False,False,0.0,0.245
2026-06-06 17:30:00+01:00,0.314,False,False,0.0,0.314
2026-06-06 18:00:00+01:00,0.215,False,False,0.0,0.215
2026-06-06 18:30:00+01:00,0.207,False,False,0.0,0.207
2026-06-06 19:00:00+01:00,0.23,False,False,0.0,0.23
2026-06-06 19:30:00+01:00,0.231,False,False,0.0,0.231
2026-06-06 20:00:00+01:00,0.2,False,False,0.0,0.2
2026-06-06 20:30:00+01:00,0.182,False,False,0.0,0.182
2026-06-06 21:00:00+01:00,0.168,False,False,0.0,0.168
2026-06-06 21:30:00+01:00,0.15,False,False,0.0,0.15
2026-06-06 22:00:00+01:00,0.149,False,False,0.0,0.149
2026-06-06 22:30:00+01:00,0.146,False,False,0.0,0.146
2026-06-06 23:00:00+01:00,0.132,True,False,0.0,0.132
2026-06-06 23:30:00+01:00,0.143,True,False,0.0,0.143
2026-06-07 00:00:00+01:00,0.101,True,False,0.0,0.101
2026-06-07 00:30:00+01:00,0.092,True,False,0.0,0.092
2026-06-07 01:00:00+01:00,0.091,True,False,0.0,0.091
2026-06-07 01:30:00+01:00,0.088,True,False,0.0,0.088
2026-06-07 02:00:00+01:00,0.086,True,False,0.0,0.086
2026-06-07 02:30:00+01:00,0.077,True,False,0.0,0.077
2026-06-07 03:00:00+01:00,0.073,True,False,0.0,0.073
2026-06-07 03:30:00+01:00,0.067,True,False,0.0,0.067
2026-06-07 04:00:00+01:00,0.075,True,False,0.0,0.075
2026-06-07 04:30:00+01:00,0.075,True,False,0.0,0.075
2026-06-07 05:00:00+01:00,0.074,False,False,0.0,0.074
2026-06-07 05:30:00+01:00,0.077,False,False,0.0,0.077
2026-06-07 06:00:00+01:00,0.086,False,False,0.0,0.086
2026-06-07 06:30:00+01:00,0.095,False,False,0.0,0.095
2026-06-07 07:00:00+01:00,0.156,False,False,0.0,0.156
2026-06-07 07:30:00+01:00,0.203,False,False,0.0,0.203
2026-06-07 08:00:00+01:00,0.463,False,False,0.0,0.463
2026-06-07 08:30:00+01:00,0.246,False,False,0.0,0.246
2026-06-07 09:00:00+01:00,0.471,False,False,0.0,0.471
2026-06-07 09:30:00+01:00,0.247,False,False,0.0,0.247
2026-06-07 10:00:00+01:00,1.161,False,False,0.0,1.161
2026-06-07 10:30:00+01:00,0.365,False,False,0.0,0.365
2026-06-07 11:00:00+01:00,0.175,False,False,0.0,0.175
2026-06-07 11:30:00+01:00,1.27,False,False,0.0,1.27
2026-06-07 12:00:00+01:00,0.383,False,False,0.0,0.383
2026-06-07 12:30:00+01:00,0.241,False,False,0.0,0.241
2026-06-07 13:00:00+01:00,0.6,False,False,0.0,0.6
2026-06-07 13:30:00+01:00,0.86,False,False,0.0,0.86
2026-06-07 14:00:00+01:00,0.634,False,False,0.0,0.634
2026-06-07 14:30:00+01:00,0.182,False,False,0.0,0.182
2026-06-07 15:00:00+01:00,0.175,False,False,0.0,0.175
2026-06-07 15:30:00+01:00,0.206,False,False,0.0,0.206
2026-06-07 16:00:00+01:00,0.221,False,False,0.0,0.221
2026-06-07 16:30:00+01:00,1.086,False,False,0.0,1.086
2026-06-07 17:00:00+01:00,3.921,False,True,3.5974999999999997,0.3235000000000001
2026-06-07 17:30:00+01:00,0.241,False,False,0.0,0.241
2026-06-07 18:00:00+01:00,3.846,False,True,3.5305,0.3155000000000001
2026-06-07 18:30:00+01:00,0.22,False,False,0.0,0.22
2026-06-07 19:00:00+01:00,3.793,False,True,3.5500000000000003,0.24299999999999988
2026-06-07 19:30:00+01:00,3.914,False,True,3.6855,0.22849999999999993
2026-06-07 20:00:00+01:00,0.2,False,False,0.0,0.2
2026-06-07 20:30:00+01:00,0.195,False,False,0.0,0.195
2026-06-07 21:00:00+01:00,0.213,False,False,0.0,0.213
2026-06-07 21:30:00+01:00,0.241,False,False,0.0,0.241
2026-06-07 22:00:00+01:00,0.334,False,False,0.0,0.334
2026-06-07 22:30:00+01:00,0.276,False,False,0.0,0.276
2026-06-07 23:00:00+01:00,0.227,True,False,0.0,0.227
2026-06-07 23:30:00+01:00,0.186,True,False,0.0,0.186
2026-06-08 00:00:00+01:00,3.751,True,True,3.6559999999999997,0.0950000000000002
2026-06-08 00:30:00+01:00,0.092,True,False,0.0,0.092
2026-06-08 01:00:00+01:00,0.088,True,False,0.0,0.088
2026-06-08 01:30:00+01:00,0.086,True,False,0.0,0.086
2026-06-08 02:00:00+01:00,0.085,True,False,0.0,0.085
2026-06-08 02:30:00+01:00,3.724,True,True,3.6460000000000004,0.07799999999999985
2026-06-08 03:00:00+01:00,3.591,True,True,3.5170000000000003,0.07399999999999984
2026-06-08 03:30:00+01:00,0.065,True,False,0.0,0.065
2026-06-08 04:00:00+01:00,0.074,True,False,0.0,0.074
2026-06-08 04:30:00+01:00,2.337,True,True,2.2640000000000002,0.07299999999999995
2026-06-08 05:00:00+01:00,0.073,False,False,0.0,0.073
2026-06-08 05:30:00+01:00,0.077,False,False,0.0,0.077
2026-06-08 06:00:00+01:00,0.084,False,False,0.0,0.084
2026-06-08 06:30:00+01:00,0.11,False,False,0.0,0.11
2026-06-08 07:00:00+01:00,0.176,False,False,0.0,0.176
2026-06-08 07:30:00+01:00,0.544,False,False,0.0,0.544
2026-06-08 08:00:00+01:00,0.433,False,False,0.0,0.433
2026-06-08 08:30:00+01:00,0.417,False,False,0.0,0.417
2026-06-08 09:00:00+01:00,0.283,False,False,0.0,0.283
2026-06-08 09:30:00+01:00,0.157,False,False,0.0,0.157
2026-06-08 10:00:00+01:00,0.196,False,False,0.0,0.196
2026-06-08 10:30:00+01:00,0.331,False,False,0.0,0.331
2026-06-08 11:00:00+01:00,0.358,False,False,0.0,0.358
2026-06-08 11:30:00+01:00,0.366,False,False,0.0,0.366
2026-06-08 12:00:00+01:00,0.324,False,False,0.0,0.324
2026-06-08 12:30:00+01:00,0.231,False,False,0.0,0.231
2026-06-08 13:00:00+01:00,0.166,False,False,0.0,0.166
2026-06-08 13:30:00+01:00,0.26,False,False,0.0,0.26
2026-06-08 14:00:00+01:00,0.177,False,False,0.0,0.177
2026-06-08 14:30:00+01:00,0.198,False,False,0.0,0.198
2026-06-08 15:00:00+01:00,0.323,False,False,0.0,0.323
2026-06-08 15:30:00+01:00,1.908,False,False,0.0,1.908
2026-06-08 16:00:00+01:00,1.023,False,False,0.0,1.023
2026-06-08 16:30:00+01:00,0.319,False,False,0.0,0.319
2026-06-08 17:00:00+01:00,1.024,False,False,0.0,1.024
2026-06-08 17:30:00+01:00,0.415,False,False,0.0,0.415
2026-06-08 18:00:00+01:00,0.43,False,False,0.0,0.43
2026-06-08 18:30:00+01:00,0.44,False,False,0.0,0.44
2026-06-08 19:00:00+01:00,0.401,False,False,0.0,0.401
2026-06-08 19:30:00+01:00,0.393,False,False,0.0,0.393
2026-06-08 20:00:00+01:00,0.391,False,False,0.0,0.391
2026-06-08 20:30:00+01:00,0.358,False,False,0.0,0.358
2026-06-08 21:00:00+01:00,0.244,False,False,0.0,0.244
2026-06-08 21:30:00+01:00,0.346,False,False,0.0,0.346
2026-06-08 22:00:00+01:00,0.374,False,False,0.0,0.374
2026-06-08 22:30:00+01:00,0.336,False,False,0.0,0.336
2026-06-08 23:00:00+01:00,0.352,True,False,0.0,0.352
2026-06-08 23:30:00+01:00,0.292,True,False,0.0,0.292
2026-06-09 00:00:00+01:00,0.12,True,False,0.0,0.12
2026-06-09 00:30:00+01:00,0.121,True,False,0.0,0.121
2026-06-09 01:00:00+01:00,0.12,True,False,0.0,0.12
2026-06-09 01:30:00+01:00,0.121,True,False,0.0,0.121
2026-06-09 02:00:00+01:00,0.106,True,False,0.0,0.106
2026-06-09 02:30:00+01:00,0.112,True,False,0.0,0.112
2026-06-09 03:00:00+01:00,0.112,True,False,0.0,0.112
2026-06-09 03:30:00+01:00,0.111,True,False,0.0,0.111
2026-06-09 04:00:00+01:00,0.11,True,False,0.0,0.11
2026-06-09 04:30:00+01:00,0.103,True,False,0.0,0.103
2026-06-09 05:00:00+01:00,0.093,False,False,0.0,0.093
2026-06-09 05:30:00+01:00,0.106,False,False,0.0,0.106
2026-06-09 06:00:00+01:00,0.103,False,False,0.0,0.103
2026-06-09 06:30:00+01:00,0.131,False,False,0.0,0.131
2026-06-09 07:00:00+01:00,0.391,False,False,0.0,0.391
2026-06-09 07:30:00+01:00,0.805,False,False,0.0,0.805
2026-06-09 08:00:00+01:00,0.56,False,False,0.0,0.56
2026-06-09 08:30:00+01:00,0.285,False,False,0.0,0.285
2026-06-09 09:00:00+01:00,0.518,False,False,0.0,0.518
2026-06-09 09:30:00+01:00,0.317,False,False,0.0,0.317
2026-06-09 10:00:00+01:00,0.169,False,False,0.0,0.169
2026-06-09 10:30:00+01:00,0.168,False,False,0.0,0.168
2026-06-09 11:00:00+01:00,0.311,False,False,0.0,0.311
2026-06-09 11:30:00+01:00,0.306,False,False,0.0,0.306
2026-06-09 12:00:00+01:00,0.355,False,False,0.0,0.355
2026-06-09 12:30:00+01:00,0.405,False,False,0.0,0.405
2026-06-09 13:00:00+01:00,0.329,False,False,0.0,0.329
2026-06-09 13:30:00+01:00,0.376,False,False,0.0,0.376
2026-06-09 14:00:00+01:00,0.348,False,False,0.0,0.348
2026-06-09 14:30:00+01:00,0.327,False,False,0.0,0.327
2026-06-09 15:00:00+01:00,0.334,False,False,0.0,0.334
2026-06-09 15:30:00+01:00,0.555,False,False,0.0,0.555
2026-06-09 16:00:00+01:00,1.341,False,False,0.0,1.341
2026-06-09 16:30:00+01:00,0.919,False,False,0.0,0.919
2026-06-09 17:00:00+01:00,0.516,False,False,0.0,0.516
2026-06-09 17:30:00+01:00,0.483,False,False,0.0,0.483
2026-06-09 18:00:00+01:00,0.8,False,False,0.0,0.8
2026-06-09 18:30:00+01:00,0.735,False,False,0.0,0.735
2026-06-09 19:00:00+01:00,0.533,False,False,0.0,0.533
2026-06-09 19:30:00+01:00,0.661,False,False,0.0,0.661
2026-06-09 20:00:00+01:00,0.594,False,False,0.0,0.594
2026-06-09 20:30:00+01:00,0.381,False,False,0.0,0.381
2026-06-09 21:00:00+01:00,0.347,False,False,0.0,0.347
2026-06-09 21:30:00+01:00,0.337,False,False,0.0,0.337
2026-06-09 22:00:00+01:00,0.335,False,False,0.0,0.335
2026-06-09 22:30:00+01:00,0.327,False,False,0.0,0.327
2026-06-09 23:00:00+01:00,0.327,True,False,0.0,0.327
2026-06-09 23:30:00+01:00,0.176,True,False,0.0,0.176
2026-06-10 00:00:00+01:00,0.124,True,False,0.0,0.124
2026-06-10 00:30:00+01:00,0.099,True,False,0.0,0.099
2026-06-10 01:00:00+01:00,0.095,True,False,0.0,0.095
2026-06-10 01:30:00+01:00,0.092,True,False,0.0,0.092
2026-06-10 02:00:00+01:00,0.091,True,False,0.0,0.091
2026-06-10 02:30:00+01:00,0.082,True,False,0.0,0.082
2026-06-10 03:00:00+01:00,0.089,True,False,0.0,0.089
2026-06-10 03:30:00+01:00,0.076,True,False,0.0,0.076
2026-06-10 04:00:00+01:00,0.08,True,False,0.0,0.08
2026-06-10 04:30:00+01:00,0.078,True,False,0.0,0.078
2026-06-10 05:00:00+01:00,0.079,False,False,0.0,0.079
2026-06-10 05:30:00+01:00,0.082,False,False,0.0,0.082
2026-06-10 06:00:00+01:00,0.09,False,False,0.0,0.09
2026-06-10 06:30:00+01:00,0.111,False,False,0.0,0.111
2026-06-10 07:00:00+01:00,0.429,False,False,0.0,0.429
2026-06-10 07:30:00+01:00,0.297,False,False,0.0,0.297
2026-06-10 08:00:00+01:00,0.278,False,False,0.0,0.278
2026-06-10 08:30:00+01:00,0.173,False,False,0.0,0.173
2026-06-10 09:00:00+01:00,0.767,False,False,0.0,0.767
2026-06-10 09:30:00+01:00,0.24,False,False,0.0,0.24
2026-06-10 10:00:00+01:00,0.18,False,False,0.0,0.18
2026-06-10 10:30:00+01:00,0.14,False,False,0.0,0.14
2026-06-10 11:00:00+01:00,0.137,False,False,0.0,0.137
2026-06-10 11:30:00+01:00,0.132,False,False,0.0,0.132
2026-06-10 12:00:00+01:00,1.187,False,False,0.0,1.187
2026-06-10 12:30:00+01:00,1.005,False,False,0.0,1.005
2026-06-10 13:00:00+01:00,0.466,False,False,0.0,0.466
2026-06-10 13:30:00+01:00,0.153,False,False,0.0,0.153
2026-06-10 14:00:00+01:00,0.248,False,False,0.0,0.248
2026-06-10 14:30:00+01:00,0.14,False,False,0.0,0.14
2026-06-10 15:00:00+01:00,0.131,False,False,0.0,0.131
2026-06-10 15:30:00+01:00,0.218,False,False,0.0,0.218
2026-06-10 16:00:00+01:00,1.492,False,False,0.0,1.492
2026-06-10 16:30:00+01:00,0.864,False,False,0.0,0.864
2026-06-10 17:00:00+01:00,0.491,False,False,0.0,0.491
2026-06-10 17:30:00+01:00,0.292,False,False,0.0,0.292
2026-06-10 18:00:00+01:00,0.297,False,False,0.0,0.297
2026-06-10 18:30:00+01:00,0.286,False,False,0.0,0.286
2026-06-10 19:00:00+01:00,0.224,False,False,0.0,0.224
2026-06-10 19:30:00+01:00,0.281,False,False,0.0,0.281
2026-06-10 20:00:00+01:00,0.314,False,False,0.0,0.314
2026-06-10 20:30:00+01:00,0.211,False,False,0.0,0.211
2026-06-10 21:00:00+01:00,0.189,False,False,0.0,0.189
2026-06-10 21:30:00+01:00,0.168,False,False,0.0,0.168
2026-06-10 22:00:00+01:00,0.114,False,False,0.0,0.114
2026-06-10 22:30:00+01:00,0.136,False,False,0.0,0.136
2026-06-10 23:00:00+01:00,0.098,True,False,0.0,0.098
2026-06-10 23:30:00+01:00,0.091,True,False,0.0,0.091
2026-06-11 00:00:00+01:00,0.09,True,False,0.0,0.09
2026-06-11 00:30:00+01:00,0.088,True,False,0.0,0.088
2026-06-11 01:00:00+01:00,0.089,True,False,0.0,0.089
2026-06-11 01:30:00+01:00,0.088,True,False,0.0,0.088
2026-06-11 02:00:00+01:00,0.092,True,False,0.0,0.092
2026-06-11 02:30:00+01:00,0.073,True,False,0.0,0.073
2026-06-11 03:00:00+01:00,0.077,True,False,0.0,0.077
2026-06-11 03:30:00+01:00,0.078,True,False,0.0,0.078
2026-06-11 04:00:00+01:00,0.079,True,False,0.0,0.079
2026-06-11 04:30:00+01:00,0.071,True,False,0.0,0.071
2026-06-11 05:00:00+01:00,0.076,False,False,0.0,0.076
2026-06-11 05:30:00+01:00,0.081,False,False,0.0,0.081
2026-06-11 06:00:00+01:00,0.079,False,False,0.0,0.079
2026-06-11 06:30:00+01:00,0.108,False,False,0.0,0.108
2026-06-11 07:00:00+01:00,0.189,False,False,0.0,0.189
2026-06-11 07:30:00+01:00,0.213,False,False,0.0,0.213
2026-06-11 08:00:00+01:00,0.549,False,False,0.0,0.549
2026-06-11 08:30:00+01:00,0.258,False,False,0.0,0.258
2026-06-11 09:00:00+01:00,0.728,False,False,0.0,0.728
2026-06-11 09:30:00+01:00,0.543,False,False,0.0,0.543
2026-06-11 10:00:00+01:00,0.155,False,False,0.0,0.155
2026-06-11 10:30:00+01:00,0.721,False,False,0.0,0.721
2026-06-11 11:00:00+01:00,0.2,False,False,0.0,0.2
2026-06-11 11:30:00+01:00,0.41,False,False,0.0,0.41
2026-06-11 12:00:00+01:00,0.328,False,False,0.0,0.328
2026-06-11 12:30:00+01:00,0.276,False,False,0.0,0.276
2026-06-11 13:00:00+01:00,0.307,False,False,0.0,0.307
2026-06-11 13:30:00+01:00,0.394,False,False,0.0,0.394
2026-06-11 14:00:00+01:00,0.855,False,False,0.0,0.855
2026-06-11 14:30:00+01:00,0.24,False,False,0.0,0.24
2026-06-11 15:00:00+01:00,0.209,False,False,0.0,0.209
2026-06-11 15:30:00+01:00,0.239,False,False,0.0,0.239
2026-06-11 16:00:00+01:00,0.293,False,False,0.0,0.293
2026-06-11 16:30:00+01:00,0.251,False,False,0.0,0.251
2026-06-11 17:00:00+01:00,0.262,False,False,0.0,0.262
2026-06-11 17:30:00+01:00,0.213,False,False,0.0,0.213
2026-06-11 18:00:00+01:00,0.212,False,False,0.0,0.212
2026-06-11 18:30:00+01:00,0.88,False,False,0.0,0.88
2026-06-11 19:00:00+01:00,0.487,False,False,0.0,0.487
2026-06-11 19:30:00+01:00,0.291,False,False,0.0,0.291
2026-06-11 20:00:00+01:00,0.78,False,False,0.0,0.78
2026-06-11 20:30:00+01:00,0.16,False,False,0.0,0.16
2026-06-11 21:00:00+01:00,0.15,False,False,0.0,0.15
2026-06-11 21:30:00+01:00,0.109,False,False,0.0,0.109
2026-06-11 22:00:00+01:00,0.086,False,False,0.0,0.086
2026-06-11 22:30:00+01:00,0.139,False,False,0.0,0.139
2026-06-11 23:00:00+01:00,0.093,True,False,0.0,0.093
2026-06-11 23:30:00+01:00,0.091,True,False,0.0,0.091
2026-06-12 00:00:00+01:00,0.091,True,False,0.0,0.091
2026-06-12 00:30:00+01:00,0.091,True,False,0.0,0.091
2026-06-12 01:00:00+01:00,0.088,True,False,0.0,0.088
2026-06-12 01:30:00+01:00,0.091,True,False,0.0,0.091
2026-06-12 02:00:00+01:00,0.088,True,False,0.0,0.088
2026-06-12 02:30:00+01:00,0.079,True,False,0.0,0.079
2026-06-12 03:00:00+01:00,0.078,True,False,0.0,0.078
2026-06-12 03:30:00+01:00,0.079,True,False,0.0,0.079
2026-06-12 04:00:00+01:00,0.078,True,False,0.0,0.078
2026-06-12 04:30:00+01:00,0.066,True,False,0.0,0.066
2026-06-12 05:00:00+01:00,0.079,False,False,0.0,0.079
2026-06-12 05:30:00+01:00,0.081,False,False,0.0,0.081
2026-06-12 06:00:00+01:00,0.09,False,False,0.0,0.09
2026-06-12 06:30:00+01:00,0.1,False,False,0.0,0.1
2026-06-12 07:00:00+01:00,0.168,False,False,0.0,0.168
2026-06-12 07:30:00+01:00,0.346,False,False,0.0,0.346
2026-06-12 08:00:00+01:00,0.214,False,False,0.0,0.214
2026-06-12 08:30:00+01:00,0.465,False,False,0.0,0.465
2026-06-12 09:00:00+01:00,0.241,False,False,0.0,0.241
2026-06-12 09:30:00+01:00,0.277,False,False,0.0,0.277
2026-06-12 10:00:00+01:00,0.272,False,False,0.0,0.272
2026-06-12 10:30:00+01:00,0.742,False,False,0.0,0.742
2026-06-12 11:00:00+01:00,0.502,False,False,0.0,0.502
2026-06-12 11:30:00+01:00,0.203,False,False,0.0,0.203
2026-06-12 12:00:00+01:00,0.734,False,False,0.0,0.734
2026-06-12 12:30:00+01:00,0.238,False,False,0.0,0.238
2026-06-12 13:00:00+01:00,0.2,False,False,0.0,0.2
2026-06-12 13:30:00+01:00,0.884,False,False,0.0,0.884
2026-06-12 14:00:00+01:00,1.566,False,False,0.0,1.566
2026-06-12 14:30:00+01:00,0.989,False,False,0.0,0.989
2026-06-12 15:00:00+01:00,0.325,False,False,0.0,0.325
2026-06-12 15:30:00+01:00,0.303,False,False,0.0,0.303
2026-06-12 16:00:00+01:00,1.104,False,False,0.0,1.104
2026-06-12 16:30:00+01:00,0.282,False,False,0.0,0.282
2026-06-12 17:00:00+01:00,0.636,False,False,0.0,0.636
2026-06-12 17:30:00+01:00,0.606,False,False,0.0,0.606
2026-06-12 18:00:00+01:00,0.264,False,False,0.0,0.264
2026-06-12 18:30:00+01:00,0.692,False,False,0.0,0.692
2026-06-12 19:00:00+01:00,0.469,False,False,0.0,0.469
2026-06-12 19:30:00+01:00,0.246,False,False,0.0,0.246
2026-06-12 20:00:00+01:00,0.236,False,False,0.0,0.236
2026-06-12 20:30:00+01:00,0.229,False,False,0.0,0.229
2026-06-12 21:00:00+01:00,0.221,False,False,0.0,0.221
2026-06-12 21:30:00+01:00,0.138,False,False,0.0,0.138
2026-06-12 22:00:00+01:00,0.126,False,False,0.0,0.126
2026-06-12 22:30:00+01:00,0.093,False,False,0.0,0.093
2026-06-12 23:00:00+01:00,0.091,True,False,0.0,0.091
2026-06-12 23:30:00+01:00,0.09,True,False,0.0,0.09
2026-06-13 00:00:00+01:00,0.09,True,False,0.0,0.09
2026-06-13 00:30:00+01:00,0.089,True,False,0.0,0.089
2026-06-13 01:00:00+01:00,0.089,True,False,0.0,0.089
2026-06-13 01:30:00+01:00,0.094,True,False,0.0,0.094
2026-06-13 02:00:00+01:00,0.089,True,False,0.0,0.089
2026-06-13 02:30:00+01:00,0.079,True,False,0.0,0.079
2026-06-13 03:00:00+01:00,0.078,True,False,0.0,0.078
2026-06-13 03:30:00+01:00,0.077,True,False,0.0,0.077
2026-06-13 04:00:00+01:00,0.079,True,False,0.0,0.079
2026-06-13 04:30:00+01:00,0.078,True,False,0.0,0.078
2026-06-13 05:00:00+01:00,0.07,False,False,0.0,0.07
2026-06-13 05:30:00+01:00,0.08,False,False,0.0,0.08
2026-06-13 06:00:00+01:00,0.09,False,False,0.0,0.09
2026-06-13 06:30:00+01:00,0.105,False,False,0.0,0.105
2026-06-13 07:00:00+01:00,0.374,False,False,0.0,0.374
2026-06-13 07:30:00+01:00,0.214,False,False,0.0,0.214
2026-06-13 08:00:00+01:00,0.17,False,False,0.0,0.17
2026-06-13 08:30:00+01:00,0.181,False,False,0.0,0.181
2026-06-13 09:00:00+01:00,0.348,False,False,0.0,0.348
2026-06-13 09:30:00+01:00,0.186,False,False,0.0,0.186
2026-06-13 10:00:00+01:00,0.238,False,False,0.0,0.238
2026-06-13 10:30:00+01:00,0.978,False,False,0.0,0.978
2026-06-13 11:00:00+01:00,0.79,False,False,0.0,0.79
2026-06-13 11:30:00+01:00,0.394,False,False,0.0,0.394
2026-06-13 12:00:00+01:00,0.299,False,False,0.0,0.299
2026-06-13 12:30:00+01:00,0.237,False,False,0.0,0.237
2026-06-13 13:00:00+01:00,0.724,False,False,0.0,0.724
2026-06-13 13:30:00+01:00,0.558,False,False,0.0,0.558
2026-06-13 14:00:00+01:00,0.298,False,False,0.0,0.298
2026-06-13 14:30:00+01:00,0.62,False,False,0.0,0.62
2026-06-13 15:00:00+01:00,0.548,False,False,0.0,0.548
2026-06-13 15:30:00+01:00,0.354,False,False,0.0,0.354
2026-06-13 16:00:00+01:00,0.165,False,False,0.0,0.165
2026-06-13 16:30:00+01:00,0.163,False,False,0.0,0.163
2026-06-13 17:00:00+01:00,0.161,False,False,0.0,0.161
2026-06-13 17:30:00+01:00,0.204,False,False,0.0,0.204
2026-06-13 18:00:00+01:00,0.23,False,False,0.0,0.23
2026-06-13 18:30:00+01:00,0.232,False,False,0.0,0.232
2026-06-13 19:00:00+01:00,0.241,False,False,0.0,0.241
2026-06-13 19:30:00+01:00,0.224,False,False,0.0,0.224
2026-06-13 20:00:00+01:00,0.181,False,False,0.0,0.181
2026-06-13 20:30:00+01:00,0.181,False,False,0.0,0.181
2026-06-13 21:00:00+01:00,0.22,False,False,0.0,0.22
2026-06-13 21:30:00+01:00,0.141,False,False,0.0,0.141
2026-06-13 22:00:00+01:00,0.119,False,False,0.0,0.119
2026-06-13 22:30:00+01:00,0.119,False,False,0.0,0.119
2026-06-13 23:00:00+01:00,0.116,True,False,0.0,0.116
2026-06-13 23:30:00+01:00,0.113,True,False,0.0,0.113
2026-06-14 00:00:00+01:00,0.113,True,False,0.0,0.113
2026-06-14 00:30:00+01:00,0.127,True,False,0.0,0.127
2026-06-14 01:00:00+01:00,0.106,True,False,0.0,0.106
2026-06-14 01:30:00+01:00,0.113,True,False,0.0,0.113
2026-06-14 02:00:00+01:00,0.114,True,False,0.0,0.114
2026-06-14 02:30:00+01:00,0.106,True,False,0.0,0.106
2026-06-14 03:00:00+01:00,0.109,True,False,0.0,0.109
2026-06-14 03:30:00+01:00,0.097,True,False,0.0,0.097
2026-06-14 04:00:00+01:00,0.101,True,False,0.0,0.101
2026-06-14 04:30:00+01:00,0.088,True,False,0.0,0.088
2026-06-14 05:00:00+01:00,0.099,False,False,0.0,0.099
2026-06-14 05:30:00+01:00,0.101,False,False,0.0,0.101
2026-06-14 06:00:00+01:00,0.11,False,False,0.0,0.11
2026-06-14 06:30:00+01:00,0.122,False,False,0.0,0.122
2026-06-14 07:00:00+01:00,0.201,False,False,0.0,0.201
2026-06-14 07:30:00+01:00,0.476,False,False,0.0,0.476
2026-06-14 08:00:00+01:00,0.21,False,False,0.0,0.21
2026-06-14 08:30:00+01:00,0.204,False,False,0.0,0.204
2026-06-14 09:00:00+01:00,0.168,False,False,0.0,0.168
2026-06-14 09:30:00+01:00,0.225,False,False,0.0,0.225
2026-06-14 10:00:00+01:00,0.507,False,False,0.0,0.507
2026-06-14 10:30:00+01:00,1.834,False,False,0.0,1.834
2026-06-14 11:00:00+01:00,1.24,False,False,0.0,1.24
2026-06-14 11:30:00+01:00,0.242,False,False,0.0,0.242
2026-06-14 12:00:00+01:00,0.599,False,False,0.0,0.599
2026-06-14 12:30:00+01:00,1.004,False,False,0.0,1.004
2026-06-14 13:00:00+01:00,0.869,False,False,0.0,0.869
2026-06-14 13:30:00+01:00,0.42,False,False,0.0,0.42
2026-06-14 14:00:00+01:00,0.245,False,False,0.0,0.245
2026-06-14 14:30:00+01:00,0.233,False,False,0.0,0.233
2026-06-14 15:00:00+01:00,0.297,False,False,0.0,0.297
2026-06-14 15:30:00+01:00,0.277,False,False,0.0,0.277
2026-06-14 16:00:00+01:00,0.354,False,False,0.0,0.354
2026-06-14 16:30:00+01:00,0.263,False,False,0.0,0.263
2026-06-14 17:00:00+01:00,0.462,False,False,0.0,0.462
2026-06-14 17:30:00+01:00,0.637,False,False,0.0,0.637
2026-06-14 18:00:00+01:00,0.459,False,False,0.0,0.459
2026-06-14 18:30:00+01:00,0.364,False,False,0.0,0.364
2026-06-14 19:00:00+01:00,0.769,False,False,0.0,0.769
2026-06-14 19:30:00+01:00,0.247,False,False,0.0,0.247
2026-06-14 20:00:00+01:00,0.162,False,False,0.0,0.162
2026-06-14 20:30:00+01:00,0.148,False,False,0.0,0.148
2026-06-14 21:00:00+01:00,0.15,False,False,0.0,0.15
2026-06-14 21:30:00+01:00,0.12,False,False,0.0,0.12
2026-06-14 22:00:00+01:00,0.091,False,False,0.0,0.091
2026-06-14 22:30:00+01:00,0.09,False,False,0.0,0.09
2026-06-14 23:00:00+01:00,0.087,True,False,0.0,0.087
2026-06-14 23:30:00+01:00,0.077,True,False,0.0,0.077
2026-06-15 00:00:00+01:00,0.084,True,False,0.0,0.084
2026-06-15 00:30:00+01:00,0.083,True,False,0.0,0.083
2026-06-15 01:00:00+01:00,0.081,True,False,0.0,0.081
2026-06-15 01:30:00+01:00,0.073,True,False,0.0,0.073
2026-06-15 02:00:00+01:00,0.084,True,False,0.0,0.084
2026-06-15 02:30:00+01:00,0.068,True,False,0.0,0.068
2026-06-15 03:00:00+01:00,0.07,True,False,0.0,0.07
2026-06-15 03:30:00+01:00,0.073,True,False,0.0,0.073
2026-06-15 04:00:00+01:00,0.061,True,False,0.0,0.061
2026-06-15 04:30:00+01:00,0.073,True,False,0.0,0.073
2026-06-15 05:00:00+01:00,0.071,False,False,0.0,0.071
2026-06-15 05:30:00+01:00,0.066,False,False,0.0,0.066
2026-06-15 06:00:00+01:00,0.084,False,False,0.0,0.084
2026-06-15 06:30:00+01:00,0.095,False,False,0.0,0.095
2026-06-15 07:00:00+01:00,0.189,False,False,0.0,0.189
2026-06-15 07:30:00+01:00,0.492,False,False,0.0,0.492
2026-06-15 08:00:00+01:00,0.369,False,False,0.0,0.369
2026-06-15 08:30:00+01:00,0.434,False,False,0.0,0.434
2026-06-15 09:00:00+01:00,0.217,False,False,0.0,0.217
2026-06-15 09:30:00+01:00,0.187,False,False,0.0,0.187
2026-06-15 10:00:00+01:00,0.133,False,False,0.0,0.133
2026-06-15 10:30:00+01:00,0.239,False,False,0.0,0.239
2026-06-15 11:00:00+01:00,0.132,False,False,0.0,0.132
2026-06-15 11:30:00+01:00,0.141,False,False,0.0,0.141
2026-06-15 12:00:00+01:00,0.134,False,False,0.0,0.134
2026-06-15 12:30:00+01:00,0.135,False,False,0.0,0.135
2026-06-15 13:00:00+01:00,0.119,False,False,0.0,0.119
2026-06-15 13:30:00+01:00,0.126,False,False,0.0,0.126
2026-06-15 14:00:00+01:00,0.214,False,False,0.0,0.214
2026-06-15 14:30:00+01:00,0.116,False,False,0.0,0.116
2026-06-15 15:00:00+01:00,0.128,False,False,0.0,0.128
2026-06-15 15:30:00+01:00,0.178,False,False,0.0,0.178
2026-06-15 16:00:00+01:00,0.285,False,False,0.0,0.285
2026-06-15 16:30:00+01:00,0.283,False,False,0.0,0.283
2026-06-15 17:00:00+01:00,0.701,False,False,0.0,0.701
2026-06-15 17:30:00+01:00,0.838,False,False,0.0,0.838
2026-06-15 18:00:00+01:00,0.272,False,False,0.0,0.272
2026-06-15 18:30:00+01:00,0.91,False,False,0.0,0.91
2026-06-15 19:00:00+01:00,0.336,False,False,0.0,0.336
2026-06-15 19:30:00+01:00,0.233,False,False,0.0,0.233
2026-06-15 20:00:00+01:00,0.206,False,False,0.0,0.206
2026-06-15 20:30:00+01:00,0.347,False,False,0.0,0.347
2026-06-15 21:00:00+01:00,3.468,False,False,0.0,3.468
2026-06-15 21:30:00+01:00,0.143,False,False,0.0,0.143
2026-06-15 22:00:00+01:00,0.124,False,False,0.0,0.124
2026-06-15 22:30:00+01:00,0.116,False,False,0.0,0.116
2026-06-15 23:00:00+01:00,0.113,True,False,0.0,0.113
2026-06-15 23:30:00+01:00,0.109,True,False,0.0,0.109
2026-06-16 00:00:00+01:00,0.109,True,False,0.0,0.109
2026-06-16 00:30:00+01:00,0.119,True,False,0.0,0.119
2026-06-16 01:00:00+01:00,3.766,True,True,3.678,0.08800000000000008
2026-06-16 01:30:00+01:00,3.83,True,True,3.744,0.08599999999999985
2026-06-16 02:00:00+01:00,3.848,True,True,3.763,0.08499999999999996
2026-06-16 02:30:00+01:00,3.857,True,True,3.7790000000000004,0.07799999999999985
2026-06-16 03:00:00+01:00,3.895,True,True,3.821,0.07399999999999984
2026-06-16 03:30:00+01:00,3.885,True,True,3.8099999999999996,0.07500000000000018
2026-06-16 04:00:00+01:00,3.884,True,True,3.81,0.07399999999999984
2026-06-16 04:30:00+01:00,2.726,True,True,2.653,0.07299999999999995
2026-06-16 05:00:00+01:00,0.099,False,False,0.0,0.099
2026-06-16 05:30:00+01:00,0.095,False,False,0.0,0.095
2026-06-16 06:00:00+01:00,0.088,False,False,0.0,0.088
2026-06-16 06:30:00+01:00,0.115,False,False,0.0,0.115
2026-06-16 07:00:00+01:00,0.196,False,False,0.0,0.196
2026-06-16 07:30:00+01:00,0.578,False,False,0.0,0.578
2026-06-16 08:00:00+01:00,0.239,False,False,0.0,0.239
2026-06-16 08:30:00+01:00,0.682,False,False,0.0,0.682
2026-06-16 09:00:00+01:00,0.273,False,False,0.0,0.273
2026-06-16 09:30:00+01:00,0.198,False,False,0.0,0.198
2026-06-16 10:00:00+01:00,0.159,False,False,0.0,0.159
2026-06-16 10:30:00+01:00,0.203,False,False,0.0,0.203
2026-06-16 11:00:00+01:00,0.142,False,False,0.0,0.142
2026-06-16 11:30:00+01:00,0.104,False,False,0.0,0.104
2026-06-16 12:00:00+01:00,0.129,False,False,0.0,0.129
2026-06-16 12:30:00+01:00,0.131,False,False,0.0,0.131
2026-06-16 13:00:00+01:00,0.107,False,False,0.0,0.107
2026-06-16 13:30:00+01:00,0.103,False,False,0.0,0.103
2026-06-16 14:00:00+01:00,0.118,False,False,0.0,0.118
2026-06-16 14:30:00+01:00,0.093,False,False,0.0,0.093
2026-06-16 15:00:00+01:00,0.103,False,False,0.0,0.103
2026-06-16 15:30:00+01:00,0.829,False,False,0.0,0.829
2026-06-16 16:00:00+01:00,0.605,False,False,0.0,0.605
2026-06-16 16:30:00+01:00,0.265,False,False,0.0,0.265
2026-06-16 17:00:00+01:00,0.33,False,False,0.0,0.33
2026-06-16 17:30:00+01:00,0.245,False,False,0.0,0.245
2026-06-16 18:00:00+01:00,0.227,False,False,0.0,0.227
2026-06-16 18:30:00+01:00,0.234,False,False,0.0,0.234
2026-06-16 19:00:00+01:00,0.224,False,False,0.0,0.224
2026-06-16 19:30:00+01:00,0.201,False,False,0.0,0.201
2026-06-16 20:00:00+01:00,0.179,False,False,0.0,0.179
2026-06-16 20:30:00+01:00,0.196,False,False,0.0,0.196
2026-06-16 21:00:00+01:00,0.33,False,False,0.0,0.33
2026-06-16 21:30:00+01:00,0.343,False,False,0.0,0.343
2026-06-16 22:00:00+01:00,0.314,False,False,0.0,0.314
2026-06-16 22:30:00+01:00,0.265,False,False,0.0,0.265
2026-06-16 23:00:00+01:00,0.134,True,False,0.0,0.134
2026-06-16 23:30:00+01:00,0.092,True,False,0.0,0.092
2026-06-17 00:00:00+01:00,0.091,True,False,0.0,0.091
2026-06-17 00:30:00+01:00,0.088,True,False,0.0,0.088
2026-06-17 01:00:00+01:00,0.098,True,False,0.0,0.098
2026-06-17 01:30:00+01:00,0.076,True,False,0.0,0.076
2026-06-17 02:00:00+01:00,0.085,True,False,0.0,0.085
2026-06-17 02:30:00+01:00,0.082,True,False,0.0,0.082
2026-06-17 03:00:00+01:00,0.077,True,False,0.0,0.077
2026-06-17 03:30:00+01:00,0.077,True,False,0.0,0.077
2026-06-17 04:00:00+01:00,0.077,True,False,0.0,0.077
2026-06-17 04:30:00+01:00,0.087,True,False,0.0,0.087
2026-06-17 05:00:00+01:00,0.067,False,False,0.0,0.067
2026-06-17 05:30:00+01:00,0.081,False,False,0.0,0.081
2026-06-17 06:00:00+01:00,0.085,False,False,0.0,0.085
2026-06-17 06:30:00+01:00,0.097,False,False,0.0,0.097
2026-06-17 07:00:00+01:00,0.407,False,False,0.0,0.407
2026-06-17 07:30:00+01:00,0.372,False,False,0.0,0.372
2026-06-17 08:00:00+01:00,0.264,False,False,0.0,0.264
2026-06-17 08:30:00+01:00,0.74,False,False,0.0,0.74
2026-06-17 09:00:00+01:00,0.554,False,False,0.0,0.554
2026-06-17 09:30:00+01:00,0.181,False,False,0.0,0.181
2026-06-17 10:00:00+01:00,0.579,False,False,0.0,0.579
2026-06-17 10:30:00+01:00,0.464,False,False,0.0,0.464
2026-06-17 11:00:00+01:00,0.266,False,False,0.0,0.266
2026-06-17 11:30:00+01:00,0.142,False,False,0.0,0.142
2026-06-17 12:00:00+01:00,0.272,False,False,0.0,0.272
2026-06-17 12:30:00+01:00,0.323,False,False,0.0,0.323
2026-06-17 13:00:00+01:00,0.287,False,False,0.0,0.287
2026-06-17 13:30:00+01:00,0.175,False,False,0.0,0.175
2026-06-17 14:00:00+01:00,0.18,False,False,0.0,0.18
2026-06-17 14:30:00+01:00,0.213,False,False,0.0,0.213
2026-06-17 15:00:00+01:00,0.165,False,False,0.0,0.165
2026-06-17 15:30:00+01:00,0.636,False,False,0.0,0.636
2026-06-17 16:00:00+01:00,0.953,False,False,0.0,0.953
2026-06-17 16:30:00+01:00,0.625,False,False,0.0,0.625
2026-06-17 17:00:00+01:00,0.669,False,False,0.0,0.669
2026-06-17 17:30:00+01:00,0.356,False,False,0.0,0.356
2026-06-17 18:00:00+01:00,0.305,False,False,0.0,0.305
2026-06-17 18:30:00+01:00,0.291,False,False,0.0,0.291
2026-06-17 19:00:00+01:00,0.265,False,False,0.0,0.265
2026-06-17 19:30:00+01:00,0.256,False,False,0.0,0.256
2026-06-17 20:00:00+01:00,0.265,False,False,0.0,0.265
2026-06-17 20:30:00+01:00,0.261,False,False,0.0,0.261
2026-06-17 21:00:00+01:00,0.249,False,False,0.0,0.249
2026-06-17 21:30:00+01:00,0.282,False,False,0.0,0.282
2026-06-17 22:00:00+01:00,0.148,False,False,0.0,0.148
2026-06-17 22:30:00+01:00,0.101,False,False,0.0,0.101
2026-06-17 23:00:00+01:00,0.107,True,False,0.0,0.107
2026-06-17 23:30:00+01:00,0.1,True,False,0.0,0.1
2026-06-18 00:00:00+01:00,0.106,True,False,0.0,0.106
2026-06-18 00:30:00+01:00,0.144,True,False,0.0,0.144
2026-06-18 01:00:00+01:00,0.102,True,False,0.0,0.102
2026-06-18 01:30:00+01:00,0.101,True,False,0.0,0.101
2026-06-18 02:00:00+01:00,0.102,True,False,0.0,0.102
2026-06-18 02:30:00+01:00,0.093,True,False,0.0,0.093
2026-06-18 03:00:00+01:00,0.09,True,False,0.0,0.09
2026-06-18 03:30:00+01:00,0.093,True,False,0.0,0.093
2026-06-18 04:00:00+01:00,0.109,True,False,0.0,0.109
2026-06-18 04:30:00+01:00,0.085,True,False,0.0,0.085
2026-06-18 05:00:00+01:00,0.088,False,False,0.0,0.088
2026-06-18 05:30:00+01:00,0.091,False,False,0.0,0.091
2026-06-18 06:00:00+01:00,0.099,False,False,0.0,0.099
2026-06-18 06:30:00+01:00,0.114,False,False,0.0,0.114
2026-06-18 07:00:00+01:00,0.142,False,False,0.0,0.142
2026-06-18 07:30:00+01:00,0.422,False,False,0.0,0.422
2026-06-18 08:00:00+01:00,0.179,False,False,0.0,0.179
2026-06-18 08:30:00+01:00,0.242,False,False,0.0,0.242
2026-06-18 09:00:00+01:00,0.568,False,False,0.0,0.568
2026-06-18 09:30:00+01:00,0.444,False,False,0.0,0.444
2026-06-18 10:00:00+01:00,0.197,False,False,0.0,0.197
2026-06-18 10:30:00+01:00,0.437,False,False,0.0,0.437
2026-06-18 11:00:00+01:00,0.416,False,False,0.0,0.416
2026-06-18 11:30:00+01:00,0.29,False,False,0.0,0.29
2026-06-18 12:00:00+01:00,0.273,False,False,0.0,0.273
2026-06-18 12:30:00+01:00,0.319,False,False,0.0,0.319
2026-06-18 13:00:00+01:00,0.245,False,False,0.0,0.245
2026-06-18 13:30:00+01:00,0.238,False,False,0.0,0.238
2026-06-18 14:00:00+01:00,0.291,False,False,0.0,0.291
2026-06-18 14:30:00+01:00,0.246,False,False,0.0,0.246
2026-06-18 15:00:00+01:00,0.246,False,False,0.0,0.246
2026-06-18 15:30:00+01:00,0.7,False,False,0.0,0.7
2026-06-18 16:00:00+01:00,0.829,False,False,0.0,0.829
2026-06-18 16:30:00+01:00,0.373,False,False,0.0,0.373
2026-06-18 17:00:00+01:00,0.271,False,False,0.0,0.271
2026-06-18 17:30:00+01:00,0.307,False,False,0.0,0.307
2026-06-18 18:00:00+01:00,0.274,False,False,0.0,0.274
2026-06-18 18:30:00+01:00,0.356,False,False,0.0,0.356
2026-06-18 19:00:00+01:00,0.319,False,False,0.0,0.319
2026-06-18 19:30:00+01:00,0.243,False,False,0.0,0.243
2026-06-18 20:00:00+01:00,0.264,False,False,0.0,0.264
2026-06-18 20:30:00+01:00,0.555,False,False,0.0,0.555
2026-06-18 21:00:00+01:00,0.463,False,False,0.0,0.463
2026-06-18 21:30:00+01:00,0.216,False,False,0.0,0.216
2026-06-18 22:00:00+01:00,0.549,False,False,0.0,0.549
2026-06-18 22:30:00+01:00,0.201,False,False,0.0,0.201
2026-06-18 23:00:00+01:00,0.186,True,False,0.0,0.186
2026-06-18 23:30:00+01:00,0.164,True,False,0.0,0.164
2026-06-19 00:00:00+01:00,0.119,True,False,0.0,0.119
2026-06-19 00:30:00+01:00,0.091,True,False,0.0,0.091
2026-06-19 01:00:00+01:00,0.1,True,False,0.0,0.1
2026-06-19 01:30:00+01:00,0.101,True,False,0.0,0.101
2026-06-19 02:00:00+01:00,0.101,True,False,0.0,0.101
2026-06-19 02:30:00+01:00,0.093,True,False,0.0,0.093
2026-06-19 03:00:00+01:00,0.09,True,False,0.0,0.09
2026-06-19 03:30:00+01:00,0.095,True,False,0.0,0.095
2026-06-19 04:00:00+01:00,0.08,True,False,0.0,0.08
2026-06-19 04:30:00+01:00,0.089,True,False,0.0,0.089
2026-06-19 05:00:00+01:00,0.089,False,False,0.0,0.089
2026-06-19 05:30:00+01:00,0.092,False,False,0.0,0.092
2026-06-19 06:00:00+01:00,0.1,False,False,0.0,0.1
2026-06-19 06:30:00+01:00,0.116,False,False,0.0,0.116
2026-06-19 07:00:00+01:00,0.427,False,False,0.0,0.427
2026-06-19 07:30:00+01:00,0.262,False,False,0.0,0.262
2026-06-19 08:00:00+01:00,0.505,False,False,0.0,0.505
2026-06-19 08:30:00+01:00,0.261,False,False,0.0,0.261
2026-06-19 09:00:00+01:00,0.396,False,False,0.0,0.396
2026-06-19 09:30:00+01:00,0.183,False,False,0.0,0.183
2026-06-19 10:00:00+01:00,0.24,False,False,0.0,0.24
2026-06-19 10:30:00+01:00,0.188,False,False,0.0,0.188
2026-06-19 11:00:00+01:00,0.194,False,False,0.0,0.194
2026-06-19 11:30:00+01:00,0.199,False,False,0.0,0.199
2026-06-19 12:00:00+01:00,0.28,False,False,0.0,0.28
2026-06-19 12:30:00+01:00,0.322,False,False,0.0,0.322
2026-06-19 13:00:00+01:00,0.16,False,False,0.0,0.16
2026-06-19 13:30:00+01:00,0.194,False,False,0.0,0.194
2026-06-19 14:00:00+01:00,0.151,False,False,0.0,0.151
2026-06-19 14:30:00+01:00,0.122,False,False,0.0,0.122
2026-06-19 15:00:00+01:00,0.132,False,False,0.0,0.132
2026-06-19 15:30:00+01:00,0.208,False,False,0.0,0.208
2026-06-19 16:00:00+01:00,0.946,False,False,0.0,0.946
2026-06-19 16:30:00+01:00,0.893,False,False,0.0,0.893
2026-06-19 17:00:00+01:00,0.381,False,False,0.0,0.381
2026-06-19 17:30:00+01:00,0.902,False,False,0.0,0.902
2026-06-19 18:00:00+01:00,0.248,False,False,0.0,0.248
2026-06-19 18:30:00+01:00,0.29,False,False,0.0,0.29
2026-06-19 19:00:00+01:00,0.21,False,False,0.0,0.21
2026-06-19 19:30:00+01:00,0.208,False,False,0.0,0.208
2026-06-19 20:00:00+01:00,0.209,False,False,0.0,0.209
2026-06-19 20:30:00+01:00,0.219,False,False,0.0,0.219
2026-06-19 21:00:00+01:00,0.218,False,False,0.0,0.218
2026-06-19 21:30:00+01:00,0.184,False,False,0.0,0.184
2026-06-19 22:00:00+01:00,0.172,False,False,0.0,0.172
2026-06-19 22:30:00+01:00,0.135,False,False,0.0,0.135
2026-06-19 23:00:00+01:00,0.124,True,False,0.0,0.124
2026-06-19 23:30:00+01:00,0.123,True,False,0.0,0.123
2026-06-20 00:00:00+01:00,0.123,True,False,0.0,0.123
2026-06-20 00:30:00+01:00,0.124,True,False,0.0,0.124
2026-06-20 01:00:00+01:00,0.122,True,False,0.0,0.122
2026-06-20 01:30:00+01:00,0.135,True,False,0.0,0.135
2026-06-20 02:00:00+01:00,0.123,True,False,0.0,0.123
2026-06-20 02:30:00+01:00,0.111,True,False,0.0,0.111
2026-06-20 03:00:00+01:00,0.109,True,False,0.0,0.109
2026-06-20 03:30:00+01:00,0.109,True,False,0.0,0.109
2026-06-20 04:00:00+01:00,0.109,True,False,0.0,0.109
2026-06-20 04:30:00+01:00,0.111,True,False,0.0,0.111
2026-06-20 05:00:00+01:00,0.109,False,False,0.0,0.109
2026-06-20 05:30:00+01:00,0.128,False,False,0.0,0.128
2026-06-20 06:00:00+01:00,0.111,False,False,0.0,0.111
2026-06-20 06:30:00+01:00,0.137,False,False,0.0,0.137
2026-06-20 07:00:00+01:00,0.217,False,False,0.0,0.217
2026-06-20 07:30:00+01:00,0.403,False,False,0.0,0.403
2026-06-20 08:00:00+01:00,0.226,False,False,0.0,0.226
2026-06-20 08:30:00+01:00,0.305,False,False,0.0,0.305
2026-06-20 09:00:00+01:00,0.576,False,False,0.0,0.576
2026-06-20 09:30:00+01:00,0.251,False,False,0.0,0.251
2026-06-20 10:00:00+01:00,0.471,False,False,0.0,0.471
2026-06-20 10:30:00+01:00,0.357,False,False,0.0,0.357
2026-06-20 11:00:00+01:00,0.407,False,False,0.0,0.407
2026-06-20 11:30:00+01:00,0.488,False,False,0.0,0.488
2026-06-20 12:00:00+01:00,0.221,False,False,0.0,0.221
2026-06-20 12:30:00+01:00,0.172,False,False,0.0,0.172
2026-06-20 13:00:00+01:00,0.19,False,False,0.0,0.19
2026-06-20 13:30:00+01:00,0.18,False,False,0.0,0.18
2026-06-20 14:00:00+01:00,0.216,False,False,0.0,0.216
2026-06-20 14:30:00+01:00,0.226,False,False,0.0,0.226
2026-06-20 15:00:00+01:00,0.24,False,False,0.0,0.24
2026-06-20 15:30:00+01:00,0.264,False,False,0.0,0.264
2026-06-20 16:00:00+01:00,0.252,False,False,0.0,0.252
2026-06-20 16:30:00+01:00,2.559,False,True,2.1910000000000003,0.3679999999999999
2026-06-20 17:00:00+01:00,3.871,False,True,3.5475,0.3235000000000001
2026-06-20 17:30:00+01:00,3.916,False,True,3.546,0.3700000000000001
2026-06-20 18:00:00+01:00,0.26,False,False,0.0,0.26
2026-06-20 18:30:00+01:00,0.251,False,False,0.0,0.251
2026-06-20 19:00:00+01:00,0.24,False,False,0.0,0.24
2026-06-20 19:30:00+01:00,0.245,False,False,0.0,0.245
2026-06-20 20:00:00+01:00,0.253,False,False,0.0,0.253
2026-06-20 20:30:00+01:00,0.249,False,False,0.0,0.249
2026-06-20 21:00:00+01:00,2.104,False,False,0.0,2.104
2026-06-20 21:30:00+01:00,0.246,False,False,0.0,0.246
2026-06-20 22:00:00+01:00,0.387,False,False,0.0,0.387
2026-06-20 22:30:00+01:00,0.161,False,False,0.0,0.161
2026-06-20 23:00:00+01:00,0.145,True,False,0.0,0.145
2026-06-20 23:30:00+01:00,0.118,True,False,0.0,0.118
2026-06-21 00:00:00+01:00,0.112,True,False,0.0,0.112
2026-06-21 00:30:00+01:00,0.111,True,False,0.0,0.111
2026-06-21 01:00:00+01:00,0.122,True,False,0.0,0.122
2026-06-21 01:30:00+01:00,0.125,True,False,0.0,0.125
2026-06-21 02:00:00+01:00,0.123,True,False,0.0,0.123
2026-06-21 02:30:00+01:00,0.091,True,False,0.0,0.091
2026-06-21 03:00:00+01:00,0.094,True,False,0.0,0.094
2026-06-21 03:30:00+01:00,3.454,True,True,3.379,0.07500000000000018
2026-06-21 04:00:00+01:00,0.096,True,False,0.0,0.096
2026-06-21 04:30:00+01:00,0.094,True,False,0.0,0.094
2026-06-21 05:00:00+01:00,0.094,False,False,0.0,0.094
2026-06-21 05:30:00+01:00,3.724,False,True,3.648,0.07600000000000007
2026-06-21 06:00:00+01:00,0.237,False,False,0.0,0.237
2026-06-21 06:30:00+01:00,3.816,False,True,3.7129999999999996,0.1030000000000002
2026-06-21 07:00:00+01:00,3.86,False,True,3.6319999999999997,0.2280000000000002
2026-06-21 07:30:00+01:00,0.705,False,False,0.0,0.705
2026-06-21 08:00:00+01:00,2.045,False,False,0.0,2.045
2026-06-21 08:30:00+01:00,0.947,False,False,0.0,0.947
2026-06-21 09:00:00+01:00,0.614,False,False,0.0,0.614
2026-06-21 09:30:00+01:00,0.417,False,False,0.0,0.417
2026-06-21 10:00:00+01:00,0.285,False,False,0.0,0.285
2026-06-21 10:30:00+01:00,0.382,False,False,0.0,0.382
2026-06-21 11:00:00+01:00,0.489,False,False,0.0,0.489
2026-06-21 11:30:00+01:00,0.127,False,False,0.0,0.127
2026-06-21 12:00:00+01:00,0.148,False,False,0.0,0.148
2026-06-21 12:30:00+01:00,0.155,False,False,0.0,0.155
2026-06-21 13:00:00+01:00,0.141,False,False,0.0,0.141
2026-06-21 13:30:00+01:00,0.352,False,False,0.0,0.352
2026-06-21 14:00:00+01:00,0.317,False,False,0.0,0.317
2026-06-21 14:30:00+01:00,0.235,False,False,0.0,0.235
2026-06-21 15:00:00+01:00,0.234,False,False,0.0,0.234
2026-06-21 15:30:00+01:00,0.793,False,False,0.0,0.793
2026-06-21 16:00:00+01:00,0.732,False,False,0.0,0.732
2026-06-21 16:30:00+01:00,0.292,False,False,0.0,0.292
2026-06-21 17:00:00+01:00,0.364,False,False,0.0,0.364
2026-06-21 17:30:00+01:00,0.35,False,False,0.0,0.35
2026-06-21 18:00:00+01:00,0.289,False,False,0.0,0.289
2026-06-21 18:30:00+01:00,0.276,False,False,0.0,0.276
2026-06-21 19:00:00+01:00,0.296,False,False,0.0,0.296
2026-06-21 19:30:00+01:00,0.245,False,False,0.0,0.245
2026-06-21 20:00:00+01:00,0.201,False,False,0.0,0.201
2026-06-21 20:30:00+01:00,0.267,False,False,0.0,0.267
2026-06-21 21:00:00+01:00,0.34,False,False,0.0,0.34
2026-06-21 21:30:00+01:00,0.363,False,False,0.0,0.363
2026-06-21 22:00:00+01:00,0.364,False,False,0.0,0.364
2026-06-21 22:30:00+01:00,0.364,False,False,0.0,0.364
2026-06-21 23:00:00+01:00,0.368,True,False,0.0,0.368
2026-06-21 23:30:00+01:00,0.366,True,False,0.0,0.366
2026-06-22 00:00:00+01:00,0.249,True,False,0.0,0.249
2026-06-22 00:30:00+01:00,0.107,True,False,0.0,0.107
2026-06-22 01:00:00+01:00,0.127,True,False,0.0,0.127
2026-06-22 01:30:00+01:00,0.099,True,False,0.0,0.099
2026-06-22 02:00:00+01:00,0.108,True,False,0.0,0.108
2026-06-22 02:30:00+01:00,0.099,True,False,0.0,0.099
2026-06-22 03:00:00+01:00,0.1,True,False,0.0,0.1
2026-06-22 03:30:00+01:00,0.099,True,False,0.0,0.099
2026-06-22 04:00:00+01:00,0.097,True,False,0.0,0.097
2026-06-22 04:30:00+01:00,0.097,True,False,0.0,0.097
2026-06-22 05:00:00+01:00,0.089,False,False,0.0,0.089
2026-06-22 05:30:00+01:00,0.101,False,False,0.0,0.101
2026-06-22 06:00:00+01:00,0.106,False,False,0.0,0.106
2026-06-22 06:30:00+01:00,0.123,False,False,0.0,0.123
2026-06-22 07:00:00+01:00,0.268,False,False,0.0,0.268
2026-06-22 07:30:00+01:00,0.382,False,False,0.0,0.382
2026-06-22 08:00:00+01:00,0.381,False,False,0.0,0.381
2026-06-22 08:30:00+01:00,0.634,False,False,0.0,0.634
2026-06-22 09:00:00+01:00,1.605,False,False,0.0,1.605
2026-06-22 09:30:00+01:00,0.474,False,False,0.0,0.474
2026-06-22 10:00:00+01:00,0.872,False,False,0.0,0.872
2026-06-22 10:30:00+01:00,0.229,False,False,0.0,0.229
2026-06-22 11:00:00+01:00,0.189,False,False,0.0,0.189
2026-06-22 11:30:00+01:00,0.21,False,False,0.0,0.21
2026-06-22 12:00:00+01:00,0.23,False,False,0.0,0.23
2026-06-22 12:30:00+01:00,0.233,False,False,0.0,0.233
2026-06-22 13:00:00+01:00,0.287,False,False,0.0,0.287
2026-06-22 13:30:00+01:00,0.376,False,False,0.0,0.376
2026-06-22 14:00:00+01:00,0.35,False,False,0.0,0.35
2026-06-22 14:30:00+01:00,0.151,False,False,0.0,0.151
2026-06-22 15:00:00+01:00,0.181,False,False,0.0,0.181
2026-06-22 15:30:00+01:00,0.214,False,False,0.0,0.214
2026-06-22 16:00:00+01:00,0.217,False,False,0.0,0.217
2026-06-22 16:30:00+01:00,0.257,False,False,0.0,0.257
2026-06-22 17:00:00+01:00,0.432,False,False,0.0,0.432
2026-06-22 17:30:00+01:00,0.269,False,False,0.0,0.269
2026-06-22 18:00:00+01:00,0.247,False,False,0.0,0.247
2026-06-22 18:30:00+01:00,0.23,False,False,0.0,0.23
2026-06-22 19:00:00+01:00,0.229,False,False,0.0,0.229
2026-06-22 19:30:00+01:00,0.227,False,False,0.0,0.227
2026-06-22 20:00:00+01:00,0.377,False,False,0.0,0.377
2026-06-22 20:30:00+01:00,0.415,False,False,0.0,0.415
2026-06-22 21:00:00+01:00,0.421,False,False,0.0,0.421
2026-06-22 21:30:00+01:00,0.413,False,False,0.0,0.413
2026-06-22 22:00:00+01:00,0.227,False,False,0.0,0.227
2026-06-22 22:30:00+01:00,0.28,False,False,0.0,0.28
2026-06-22 23:00:00+01:00,0.195,True,False,0.0,0.195
2026-06-22 23:30:00+01:00,0.102,True,False,0.0,0.102
2026-06-23 00:00:00+01:00,0.101,True,False,0.0,0.101
2026-06-23 00:30:00+01:00,0.107,True,False,0.0,0.107
2026-06-23 01:00:00+01:00,0.098,True,False,0.0,0.098
2026-06-23 01:30:00+01:00,0.101,True,False,0.0,0.101
2026-06-23 02:00:00+01:00,0.102,True,False,0.0,0.102
2026-06-23 02:30:00+01:00,0.098,True,False,0.0,0.098
2026-06-23 03:00:00+01:00,0.1,True,False,0.0,0.1
2026-06-23 03:30:00+01:00,0.1,True,False,0.0,0.1
2026-06-23 04:00:00+01:00,0.093,True,False,0.0,0.093
2026-06-23 04:30:00+01:00,0.08,True,False,0.0,0.08
2026-06-23 05:00:00+01:00,0.091,False,False,0.0,0.091
2026-06-23 05:30:00+01:00,0.093,False,False,0.0,0.093
2026-06-23 06:00:00+01:00,0.1,False,False,0.0,0.1
2026-06-23 06:30:00+01:00,0.119,False,False,0.0,0.119
2026-06-23 07:00:00+01:00,0.227,False,False,0.0,0.227
2026-06-23 07:30:00+01:00,0.478,False,False,0.0,0.478
2026-06-23 08:00:00+01:00,0.344,False,False,0.0,0.344
2026-06-23 08:30:00+01:00,0.91,False,False,0.0,0.91
2026-06-23 09:00:00+01:00,1.432,False,False,0.0,1.432
2026-06-23 09:30:00+01:00,0.41,False,False,0.0,0.41
2026-06-23 10:00:00+01:00,0.759,False,False,0.0,0.759
2026-06-23 10:30:00+01:00,0.218,False,False,0.0,0.218
2026-06-23 11:00:00+01:00,0.128,False,False,0.0,0.128
2026-06-23 11:30:00+01:00,0.125,False,False,0.0,0.125
2026-06-23 12:00:00+01:00,0.266,False,False,0.0,0.266
2026-06-23 12:30:00+01:00,0.171,False,False,0.0,0.171
2026-06-23 13:00:00+01:00,0.149,False,False,0.0,0.149
2026-06-23 13:30:00+01:00,0.123,False,False,0.0,0.123
2026-06-23 14:00:00+01:00,0.151,False,False,0.0,0.151
2026-06-23 14:30:00+01:00,0.204,False,False,0.0,0.204
2026-06-23 15:00:00+01:00,0.145,False,False,0.0,0.145
2026-06-23 15:30:00+01:00,0.243,False,False,0.0,0.243
2026-06-23 16:00:00+01:00,1.31,False,False,0.0,1.31
2026-06-23 16:30:00+01:00,1.089,False,False,0.0,1.089
2026-06-23 17:00:00+01:00,0.357,False,False,0.0,0.357
2026-06-23 17:30:00+01:00,0.228,False,False,0.0,0.228
2026-06-23 18:00:00+01:00,0.277,False,False,0.0,0.277
2026-06-23 18:30:00+01:00,0.267,False,False,0.0,0.267
2026-06-23 19:00:00+01:00,0.27,False,False,0.0,0.27
2026-06-23 19:30:00+01:00,0.254,False,False,0.0,0.254
2026-06-23 20:00:00+01:00,0.235,False,False,0.0,0.235
2026-06-23 20:30:00+01:00,0.231,False,False,0.0,0.231
2026-06-23 21:00:00+01:00,0.249,False,False,0.0,0.249
2026-06-23 21:30:00+01:00,0.199,False,False,0.0,0.199
2026-06-23 22:00:00+01:00,0.208,False,False,0.0,0.208
2026-06-23 22:30:00+01:00,0.206,False,False,0.0,0.206
2026-06-23 23:00:00+01:00,0.2,True,False,0.0,0.2
2026-06-23 23:30:00+01:00,0.153,True,False,0.0,0.153
2026-06-24 00:00:00+01:00,0.1,True,False,0.0,0.1
2026-06-24 00:30:00+01:00,0.101,True,False,0.0,0.101
2026-06-24 01:00:00+01:00,0.101,True,False,0.0,0.101
2026-06-24 01:30:00+01:00,0.104,True,False,0.0,0.104
2026-06-24 02:00:00+01:00,0.102,True,False,0.0,0.102
2026-06-24 02:30:00+01:00,0.093,True,False,0.0,0.093
2026-06-24 03:00:00+01:00,0.11,True,False,0.0,0.11
2026-06-24 03:30:00+01:00,0.082,True,False,0.0,0.082
2026-06-24 04:00:00+01:00,0.093,True,False,0.0,0.093
2026-06-24 04:30:00+01:00,0.091,True,False,0.0,0.091
2026-06-24 05:00:00+01:00,0.091,False,False,0.0,0.091
2026-06-24 05:30:00+01:00,0.094,False,False,0.0,0.094
2026-06-24 06:00:00+01:00,0.102,False,False,0.0,0.102
2026-06-24 06:30:00+01:00,0.127,False,False,0.0,0.127
2026-06-24 07:00:00+01:00,0.394,False,False,0.0,0.394
2026-06-24 07:30:00+01:00,0.382,False,False,0.0,0.382
2026-06-24 08:00:00+01:00,0.717,False,False,0.0,0.717
2026-06-24 08:30:00+01:00,0.693,False,False,0.0,0.693
2026-06-24 09:00:00+01:00,0.276,False,False,0.0,0.276
2026-06-24 09:30:00+01:00,0.739,False,False,0.0,0.739
2026-06-24 10:00:00+01:00,0.202,False,False,0.0,0.202
2026-06-24 10:30:00+01:00,0.206,False,False,0.0,0.206
2026-06-24 11:00:00+01:00,0.218,False,False,0.0,0.218
2026-06-24 11:30:00+01:00,0.116,False,False,0.0,0.116
2026-06-24 12:00:00+01:00,0.202,False,False,0.0,0.202
2026-06-24 12:30:00+01:00,0.304,False,False,0.0,0.304
2026-06-24 13:00:00+01:00,0.226,False,False,0.0,0.226
2026-06-24 13:30:00+01:00,0.176,False,False,0.0,0.176
2026-06-24 14:00:00+01:00,0.219,False,False,0.0,0.219
2026-06-24 14:30:00+01:00,0.239,False,False,0.0,0.239
2026-06-24 15:00:00+01:00,0.189,False,False,0.0,0.189
2026-06-24 15:30:00+01:00,0.699,False,False,0.0,0.699
2026-06-24 16:00:00+01:00,0.924,False,False,0.0,0.924
2026-06-24 16:30:00+01:00,0.349,False,False,0.0,0.349
2026-06-24 17:00:00+01:00,0.379,False,False,0.0,0.379
2026-06-24 17:30:00+01:00,0.295,False,False,0.0,0.295
2026-06-24 18:00:00+01:00,0.288,False,False,0.0,0.288
2026-06-24 18:30:00+01:00,0.282,False,False,0.0,0.282
2026-06-24 19:00:00+01:00,0.282,False,False,0.0,0.282
2026-06-24 19:30:00+01:00,0.284,False,False,0.0,0.284
2026-06-24 20:00:00+01:00,0.277,False,False,0.0,0.277
2026-06-24 20:30:00+01:00,0.291,False,False,0.0,0.291
2026-06-24 21:00:00+01:00,0.287,False,False,0.0,0.287
2026-06-24 21:30:00+01:00,0.263,False,False,0.0,0.263
2026-06-24 22:00:00+01:00,0.23,False,False,0.0,0.23
2026-06-24 22:30:00+01:00,1.163,False,False,0.0,1.163
2026-06-24 23:00:00+01:00,0.11,True,False,0.0,0.11
2026-06-24 23:30:00+01:00,0.109,True,False,0.0,0.109
2026-06-25 00:00:00+01:00,3.75,True,True,3.655,0.0950000000000002
2026-06-25 00:30:00+01:00,0.106,True,False,0.0,0.106
2026-06-25 01:00:00+01:00,3.718,True,True,3.63,0.08800000000000008
2026-06-25 01:30:00+01:00,0.104,True,False,0.0,0.104
2026-06-25 02:00:00+01:00,0.11,True,False,0.0,0.11
2026-06-25 02:30:00+01:00,0.147,True,False,0.0,0.147
2026-06-25 03:00:00+01:00,3.762,True,True,3.688,0.07399999999999984
2026-06-25 03:30:00+01:00,3.843,True,True,3.768,0.07500000000000018
2026-06-25 04:00:00+01:00,3.834,True,True,3.7600000000000002,0.07399999999999984
2026-06-25 04:30:00+01:00,3.825,True,True,3.7520000000000002,0.07299999999999995
2026-06-25 05:00:00+01:00,3.831,False,True,3.758,0.07299999999999995
2026-06-25 05:30:00+01:00,0.097,False,False,0.0,0.097
2026-06-25 06:00:00+01:00,3.804,False,True,3.7209999999999996,0.08300000000000018
2026-06-25 06:30:00+01:00,0.138,False,False,0.0,0.138
2026-06-25 07:00:00+01:00,3.438,False,False,0.0,3.438
2026-06-25 07:30:00+01:00,0.348,False,False,0.0,0.348
2026-06-25 08:00:00+01:00,0.438,False,False,0.0,0.438
2026-06-25 08:30:00+01:00,0.801,False,False,0.0,0.801
2026-06-25 09:00:00+01:00,0.612,False,False,0.0,0.612
2026-06-25 09:30:00+01:00,0.266,False,False,0.0,0.266
2026-06-25 10:00:00+01:00,0.692,False,False,0.0,0.692
2026-06-25 10:30:00+01:00,0.39,False,False,0.0,0.39
2026-06-25 11:00:00+01:00,0.335,False,False,0.0,0.335
2026-06-25 11:30:00+01:00,0.742,False,False,0.0,0.742
2026-06-25 12:00:00+01:00,1.079,False,False,0.0,1.079
2026-06-25 12:30:00+01:00,0.616,False,False,0.0,0.616
2026-06-25 13:00:00+01:00,0.316,False,False,0.0,0.316
2026-06-25 13:30:00+01:00,0.884,False,False,0.0,0.884
2026-06-25 14:00:00+01:00,0.346,False,False,0.0,0.346
2026-06-25 14:30:00+01:00,0.325,False,False,0.0,0.325
2026-06-25 15:00:00+01:00,0.27,False,False,0.0,0.27
2026-06-25 15:30:00+01:00,0.322,False,False,0.0,0.322
2026-06-25 16:00:00+01:00,0.372,False,False,0.0,0.372
2026-06-25 16:30:00+01:00,0.271,False,False,0.0,0.271
2026-06-25 17:00:00+01:00,0.29,False,False,0.0,0.29
2026-06-25 17:30:00+01:00,1.017,False,False,0.0,1.017
2026-06-25 18:00:00+01:00,0.516,False,False,0.0,0.516
2026-06-25 18:30:00+01:00,0.331,False,False,0.0,0.331
2026-06-25 19:00:00+01:00,0.31,False,False,0.0,0.31
2026-06-25 19:30:00+01:00,0.296,False,False,0.0,0.296
2026-06-25 20:00:00+01:00,0.212,False,False,0.0,0.212
2026-06-25 20:30:00+01:00,0.209,False,False,0.0,0.209
2026-06-25 21:00:00+01:00,0.214,False,False,0.0,0.214
2026-06-25 21:30:00+01:00,0.187,False,False,0.0,0.187
2026-06-25 22:00:00+01:00,0.154,False,False,0.0,0.154
2026-06-25 22:30:00+01:00,0.117,False,False,0.0,0.117
2026-06-25 23:00:00+01:00,0.134,True,False,0.0,0.134
2026-06-25 23:30:00+01:00,0.13,True,False,0.0,0.13
2026-06-26 00:00:00+01:00,0.119,True,False,0.0,0.119
2026-06-26 00:30:00+01:00,0.098,True,False,0.0,0.098
2026-06-26 01:00:00+01:00,0.101,True,False,0.0,0.101
2026-06-26 01:30:00+01:00,0.101,True,False,0.0,0.101
2026-06-26 02:00:00+01:00,0.103,True,False,0.0,0.103
2026-06-26 02:30:00+01:00,0.094,True,False,0.0,0.094
2026-06-26 03:00:00+01:00,0.09,True,False,0.0,0.09
2026-06-26 03:30:00+01:00,0.107,True,False,0.0,0.107
2026-06-26 04:00:00+01:00,0.09,True,False,0.0,0.09
2026-06-26 04:30:00+01:00,0.091,True,False,0.0,0.091
2026-06-26 05:00:00+01:00,0.09,False,False,0.0,0.09
2026-06-26 05:30:00+01:00,0.094,False,False,0.0,0.094
2026-06-26 06:00:00+01:00,0.104,False,False,0.0,0.104
2026-06-26 06:30:00+01:00,0.121,False,False,0.0,0.121
2026-06-26 07:00:00+01:00,0.678,False,False,0.0,0.678
2026-06-26 07:30:00+01:00,0.702,False,False,0.0,0.702
2026-06-26 08:00:00+01:00,0.476,False,False,0.0,0.476
2026-06-26 08:30:00+01:00,0.867,False,False,0.0,0.867
2026-06-26 09:00:00+01:00,0.711,False,False,0.0,0.711
2026-06-26 09:30:00+01:00,0.218,False,False,0.0,0.218
2026-06-26 10:00:00+01:00,0.272,False,False,0.0,0.272
2026-06-26 10:30:00+01:00,0.194,False,False,0.0,0.194
2026-06-26 11:00:00+01:00,0.215,False,False,0.0,0.215
2026-06-26 11:30:00+01:00,0.216,False,False,0.0,0.216
2026-06-26 12:00:00+01:00,0.332,False,False,0.0,0.332
2026-06-26 12:30:00+01:00,0.248,False,False,0.0,0.248
2026-06-26 13:00:00+01:00,0.234,False,False,0.0,0.234
2026-06-26 13:30:00+01:00,0.202,False,False,0.0,0.202
2026-06-26 14:00:00+01:00,0.223,False,False,0.0,0.223
2026-06-26 14:30:00+01:00,0.241,False,False,0.0,0.241
2026-06-26 15:00:00+01:00,0.29,False,False,0.0,0.29
2026-06-26 15:30:00+01:00,0.357,False,False,0.0,0.357
2026-06-26 16:00:00+01:00,0.459,False,False,0.0,0.459
2026-06-26 16:30:00+01:00,0.38,False,False,0.0,0.38
2026-06-26 17:00:00+01:00,0.316,False,False,0.0,0.316
2026-06-26 17:30:00+01:00,0.391,False,False,0.0,0.391
2026-06-26 18:00:00+01:00,0.274,False,False,0.0,0.274
2026-06-26 18:30:00+01:00,0.258,False,False,0.0,0.258
2026-06-26 19:00:00+01:00,0.25,False,False,0.0,0.25
2026-06-26 19:30:00+01:00,0.241,False,False,0.0,0.241
2026-06-26 20:00:00+01:00,0.208,False,False,0.0,0.208
2026-06-26 20:30:00+01:00,0.21,False,False,0.0,0.21
2026-06-26 21:00:00+01:00,0.203,False,False,0.0,0.203
2026-06-26 21:30:00+01:00,0.172,False,False,0.0,0.172
2026-06-26 22:00:00+01:00,0.176,False,False,0.0,0.176
2026-06-26 22:30:00+01:00,3.556,False,True,3.4130000000000003,0.1429999999999998
2026-06-26 23:00:00+01:00,0.182,True,False,0.0,0.182
2026-06-26 23:30:00+01:00,0.168,True,False,0.0,0.168
2026-06-27 00:00:00+01:00,0.191,True,False,0.0,0.191
2026-06-27 00:30:00+01:00,0.152,True,False,0.0,0.152
2026-06-27 01:00:00+01:00,0.145,True,False,0.0,0.145
2026-06-27 01:30:00+01:00,0.118,True,False,0.0,0.118
2026-06-27 02:00:00+01:00,0.112,True,False,0.0,0.112
2026-06-27 02:30:00+01:00,0.103,True,False,0.0,0.103
2026-06-27 03:00:00+01:00,0.105,True,False,0.0,0.105
2026-06-27 03:30:00+01:00,0.118,True,False,0.0,0.118
2026-06-27 04:00:00+01:00,3.758,True,True,3.684,0.07399999999999984
2026-06-27 04:30:00+01:00,0.11,True,False,0.0,0.11
2026-06-27 05:00:00+01:00,0.094,False,False,0.0,0.094
2026-06-27 05:30:00+01:00,0.101,False,False,0.0,0.101
2026-06-27 06:00:00+01:00,3.777,False,True,3.694,0.08300000000000018
2026-06-27 06:30:00+01:00,0.126,False,False,0.0,0.126
2026-06-27 07:00:00+01:00,1.237,False,False,0.0,1.237
2026-06-27 07:30:00+01:00,0.403,False,False,0.0,0.403
2026-06-27 08:00:00+01:00,0.412,False,False,0.0,0.412
2026-06-27 08:30:00+01:00,0.512,False,False,0.0,0.512
2026-06-27 09:00:00+01:00,1.433,False,False,0.0,1.433
2026-06-27 09:30:00+01:00,0.609,False,False,0.0,0.609
2026-06-27 10:00:00+01:00,0.508,False,False,0.0,0.508
2026-06-27 10:30:00+01:00,0.699,False,False,0.0,0.699
2026-06-27 11:00:00+01:00,0.309,False,False,0.0,0.309
2026-06-27 11:30:00+01:00,0.311,False,False,0.0,0.311
2026-06-27 12:00:00+01:00,0.226,False,False,0.0,0.226
2026-06-27 12:30:00+01:00,0.213,False,False,0.0,0.213
2026-06-27 13:00:00+01:00,0.247,False,False,0.0,0.247
2026-06-27 13:30:00+01:00,0.239,False,False,0.0,0.239
2026-06-27 14:00:00+01:00,0.317,False,False,0.0,0.317
2026-06-27 14:30:00+01:00,0.31,False,False,0.0,0.31
2026-06-27 15:00:00+01:00,0.231,False,False,0.0,0.231
2026-06-27 15:30:00+01:00,0.417,False,False,0.0,0.417
2026-06-27 16:00:00+01:00,1.044,False,False,0.0,1.044
2026-06-27 16:30:00+01:00,0.325,False,False,0.0,0.325
2026-06-27 17:00:00+01:00,0.323,False,False,0.0,0.323
2026-06-27 17:30:00+01:00,0.422,False,False,0.0,0.422
2026-06-27 18:00:00+01:00,0.29,False,False,0.0,0.29
2026-06-27 18:30:00+01:00,0.468,False,False,0.0,0.468
2026-06-27 19:00:00+01:00,0.416,False,False,0.0,0.416
2026-06-27 19:30:00+01:00,0.255,False,False,0.0,0.255
2026-06-27 20:00:00+01:00,0.536,False,False,0.0,0.536
2026-06-27 20:30:00+01:00,0.221,False,False,0.0,0.221
2026-06-27 21:00:00+01:00,0.237,False,False,0.0,0.237
2026-06-27 21:30:00+01:00,0.206,False,False,0.0,0.206
2026-06-27 22:00:00+01:00,0.187,False,False,0.0,0.187
2026-06-27 22:30:00+01:00,0.148,False,False,0.0,0.148
2026-06-27 23:00:00+01:00,0.151,True,False,0.0,0.151
2026-06-27 23:30:00+01:00,0.145,True,False,0.0,0.145
2026-06-28 00:00:00+01:00,0.125,True,False,0.0,0.125
2026-06-28 00:30:00+01:00,0.118,True,False,0.0,0.118
2026-06-28 01:00:00+01:00,0.116,True,False,0.0,0.116
2026-06-28 01:30:00+01:00,0.116,True,False,0.0,0.116
2026-06-28 02:00:00+01:00,0.116,True,False,0.0,0.116
2026-06-28 02:30:00+01:00,0.117,True,False,0.0,0.117
2026-06-28 03:00:00+01:00,0.123,True,False,0.0,0.123
2026-06-28 03:30:00+01:00,0.126,True,False,0.0,0.126
2026-06-28 04:00:00+01:00,0.096,True,False,0.0,0.096
2026-06-28 04:30:00+01:00,0.104,True,False,0.0,0.104
2026-06-28 05:00:00+01:00,0.102,False,False,0.0,0.102
2026-06-28 05:30:00+01:00,0.106,False,False,0.0,0.106
2026-06-28 06:00:00+01:00,0.115,False,False,0.0,0.115
2026-06-28 06:30:00+01:00,0.132,False,False,0.0,0.132
2026-06-28 07:00:00+01:00,0.412,False,False,0.0,0.412
2026-06-28 07:30:00+01:00,0.418,False,False,0.0,0.418
2026-06-28 08:00:00+01:00,0.279,False,False,0.0,0.279
2026-06-28 08:30:00+01:00,0.291,False,False,0.0,0.291
2026-06-28 09:00:00+01:00,0.3,False,False,0.0,0.3
2026-06-28 09:30:00+01:00,0.217,False,False,0.0,0.217
2026-06-28 10:00:00+01:00,0.28,False,False,0.0,0.28
2026-06-28 10:30:00+01:00,0.488,False,False,0.0,0.488
2026-06-28 11:00:00+01:00,0.364,False,False,0.0,0.364
2026-06-28 11:30:00+01:00,0.305,False,False,0.0,0.305
2026-06-28 12:00:00+01:00,0.337,False,False,0.0,0.337
2026-06-28 12:30:00+01:00,0.187,False,False,0.0,0.187
2026-06-28 13:00:00+01:00,0.204,False,False,0.0,0.204
2026-06-28 13:30:00+01:00,0.118,False,False,0.0,0.118
2026-06-28 14:00:00+01:00,0.118,False,False,0.0,0.118
2026-06-28 14:30:00+01:00,0.118,False,False,0.0,0.118
2026-06-28 15:00:00+01:00,0.123,False,False,0.0,0.123
2026-06-28 15:30:00+01:00,0.156,False,False,0.0,0.156
2026-06-28 16:00:00+01:00,0.178,False,False,0.0,0.178
2026-06-28 16:30:00+01:00,0.405,False,False,0.0,0.405
2026-06-28 17:00:00+01:00,0.343,False,False,0.0,0.343
2026-06-28 17:30:00+01:00,0.24,False,False,0.0,0.24
2026-06-28 18:00:00+01:00,0.946,False,False,0.0,0.946
2026-06-28 18:30:00+01:00,1.204,False,False,0.0,1.204
2026-06-28 19:00:00+01:00,0.51,False,False,0.0,0.51
2026-06-28 19:30:00+01:00,0.679,False,False,0.0,0.679
2026-06-28 20:00:00+01:00,0.401,False,False,0.0,0.401
2026-06-28 20:30:00+01:00,0.224,False,False,0.0,0.224
2026-06-28 21:00:00+01:00,0.235,False,False,0.0,0.235
2026-06-28 21:30:00+01:00,0.219,False,False,0.0,0.219
2026-06-28 22:00:00+01:00,0.209,False,False,0.0,0.209
2026-06-28 22:30:00+01:00,0.208,False,False,0.0,0.208
2026-06-28 23:00:00+01:00,0.189,True,False,0.0,0.189
2026-06-28 23:30:00+01:00,0.171,True,False,0.0,0.171
2026-06-29 00:00:00+01:00,0.118,True,False,0.0,0.118
2026-06-29 00:30:00+01:00,0.11,True,False,0.0,0.11
2026-06-29 01:00:00+01:00,0.109,True,False,0.0,0.109
2026-06-29 01:30:00+01:00,0.109,True,False,0.0,0.109
2026-06-29 02:00:00+01:00,0.109,True,False,0.0,0.109
2026-06-29 02:30:00+01:00,0.1,True,False,0.0,0.1
2026-06-29 03:00:00+01:00,0.113,True,False,0.0,0.113
2026-06-29 03:30:00+01:00,0.115,True,False,0.0,0.115
2026-06-29 04:00:00+01:00,0.118,True,False,0.0,0.118
2026-06-29 04:30:00+01:00,0.088,True,False,0.0,0.088
2026-06-29 05:00:00+01:00,0.095,False,False,0.0,0.095
2026-06-29 05:30:00+01:00,0.098,False,False,0.0,0.098
2026-06-29 06:00:00+01:00,0.107,False,False,0.0,0.107
2026-06-29 06:30:00+01:00,0.124,False,False,0.0,0.124
2026-06-29 07:00:00+01:00,0.409,False,False,0.0,0.409
2026-06-29 07:30:00+01:00,0.345,False,False,0.0,0.345
2026-06-29 08:00:00+01:00,0.454,False,False,0.0,0.454
2026-06-29 08:30:00+01:00,0.2,False,False,0.0,0.2
2026-06-29 09:00:00+01:00,0.208,False,False,0.0,0.208
2026-06-29 09:30:00+01:00,0.145,False,False,0.0,0.145
2026-06-29 10:00:00+01:00,0.188,False,False,0.0,0.188
2026-06-29 10:30:00+01:00,0.183,False,False,0.0,0.183
2026-06-29 11:00:00+01:00,0.186,False,False,0.0,0.186
2026-06-29 11:30:00+01:00,0.302,False,False,0.0,0.302
2026-06-29 12:00:00+01:00,0.336,False,False,0.0,0.336
2026-06-29 12:30:00+01:00,0.321,False,False,0.0,0.321
2026-06-29 13:00:00+01:00,0.129,False,False,0.0,0.129
2026-06-29 13:30:00+01:00,0.123,False,False,0.0,0.123
2026-06-29 14:00:00+01:00,0.178,False,False,0.0,0.178
2026-06-29 14:30:00+01:00,0.123,False,False,0.0,0.123
2026-06-29 15:00:00+01:00,0.144,False,False,0.0,0.144
2026-06-29 15:30:00+01:00,0.947,False,False,0.0,0.947
2026-06-29 16:00:00+01:00,0.473,False,False,0.0,0.473
2026-06-29 16:30:00+01:00,0.796,False,False,0.0,0.796
2026-06-29 17:00:00+01:00,0.838,False,False,0.0,0.838
2026-06-29 17:30:00+01:00,0.57,False,False,0.0,0.57
2026-06-29 18:00:00+01:00,0.38,False,False,0.0,0.38
2026-06-29 18:30:00+01:00,0.557,False,False,0.0,0.557
2026-06-29 19:00:00+01:00,0.491,False,False,0.0,0.491
2026-06-29 19:30:00+01:00,0.242,False,False,0.0,0.242
2026-06-29 20:00:00+01:00,0.328,False,False,0.0,0.328
2026-06-29 20:30:00+01:00,0.517,False,False,0.0,0.517
2026-06-29 21:00:00+01:00,0.224,False,False,0.0,0.224
2026-06-29 21:30:00+01:00,0.198,False,False,0.0,0.198
2026-06-29 22:00:00+01:00,0.239,False,False,0.0,0.239
2026-06-29 22:30:00+01:00,0.229,False,False,0.0,0.229
2026-06-29 23:00:00+01:00,0.15,True,False,0.0,0.15
2026-06-29 23:30:00+01:00,0.1,True,False,0.0,0.1
2026-06-30 00:00:00+01:00,0.114,True,False,0.0,0.114
2026-06-30 00:30:00+01:00,0.082,True,False,0.0,0.082
2026-06-30 01:00:00+01:00,0.09,True,False,0.0,0.09
2026-06-30 01:30:00+01:00,0.09,True,False,0.0,0.09
2026-06-30 02:00:00+01:00,0.138,True,False,0.0,0.138
2026-06-30 02:30:00+01:00,0.09,True,False,0.0,0.09
2026-06-30 03:00:00+01:00,0.09,True,False,0.0,0.09
2026-06-30 03:30:00+01:00,0.088,True,False,0.0,0.088
2026-06-30 04:00:00+01:00,0.087,True,False,0.0,0.087
2026-06-30 04:30:00+01:00,0.08,True,False,0.0,0.08
2026-06-30 05:00:00+01:00,0.08,False,False,0.0,0.08
2026-06-30 05:30:00+01:00,0.1,False,False,0.0,0.1
2026-06-30 06:00:00+01:00,0.083,False,False,0.0,0.083
2026-06-30 06:30:00+01:00,0.107,False,False,0.0,0.107
2026-06-30 07:00:00+01:00,0.384,False,False,0.0,0.384
2026-06-30 07:30:00+01:00,0.417,False,False,0.0,0.417
2026-06-30 08:00:00+01:00,0.351,False,False,0.0,0.351
2026-06-30 08:30:00+01:00,0.237,False,False,0.0,0.237
2026-06-30 09:00:00+01:00,0.174,False,False,0.0,0.174
2026-06-30 09:30:00+01:00,0.229,False,False,0.0,0.229
2026-06-30 10:00:00+01:00,0.126,False,False,0.0,0.126
2026-06-30 10:30:00+01:00,0.148,False,False,0.0,0.148
2026-06-30 11:00:00+01:00,0.185,False,False,0.0,0.185
2026-06-30 11:30:00+01:00,0.188,False,False,0.0,0.188
2026-06-30 12:00:00+01:00,0.218,False,False,0.0,0.218
2026-06-30 12:30:00+01:00,0.243,False,False,0.0,0.243
2026-06-30 13:00:00+01:00,0.184,False,False,0.0,0.184
2026-06-30 13:30:00+01:00,0.16,False,False,0.0,0.16
2026-06-30 14:00:00+01:00,0.175,False,False,0.0,0.175
2026-06-30 14:30:00+01:00,0.282,False,False,0.0,0.282
2026-06-30 15:00:00+01:00,0.158,False,False,0.0,0.158
2026-06-30 15:30:00+01:00,0.299,False,False,0.0,0.299
2026-06-30 16:00:00+01:00,0.342,False,False,0.0,0.342
2026-06-30 16:30:00+01:00,0.33,False,False,0.0,0.33
2026-06-30 17:00:00+01:00,0.321,False,False,0.0,0.321
2026-06-30 17:30:00+01:00,0.428,False,False,0.0,0.428
2026-06-30 18:00:00+01:00,1.265,False,False,0.0,1.265
2026-06-30 18:30:00+01:00,0.453,False,False,0.0,0.453
2026-06-30 19:00:00+01:00,0.294,False,False,0.0,0.294
2026-06-30 19:30:00+01:00,0.285,False,False,0.0,0.285
2026-06-30 20:00:00+01:00,0.327,False,False,0.0,0.327
2026-06-30 20:30:00+01:00,0.304,False,False,0.0,0.304
2026-06-30 21:00:00+01:00,0.241,False,False,0.0,0.241
2026-06-30 21:30:00+01:00,0.131,False,False,0.0,0.131
2026-06-30 22:00:00+01:00,0.109,False,False,0.0,0.109
2026-06-30 22:30:00+01:00,0.112,False,False,0.0,0.112
2026-06-30 23:00:00+01:00,0.095,True,False,0.0,0.095
2026-06-30 23:30:00+01:00,0.083,True,False,0.0,0.083
2026-07-01 00:00:00+01:00,0.082,True,False,0.0,0.082
2026-07-01 00:30:00+01:00,0.083,True,False,0.0,0.083
2026-07-01 01:00:00+01:00,0.084,True,False,0.0,0.084
2026-07-01 01:30:00+01:00,0.085,True,False,0.0,0.085
2026-07-01 02:00:00+01:00,0.084,True,False,0.0,0.084
2026-07-01 02:30:00+01:00,0.092,True,False,0.0,0.092
2026-07-01 03:00:00+01:00,0.064,True,False,0.0,0.064
2026-07-01 03:30:00+01:00,0.071,True,False,0.0,0.071
2026-07-01 04:00:00+01:00,0.071,True,False,0.0,0.071
2026-07-01 04:30:00+01:00,0.072,True,False,0.0,0.072
2026-07-01 05:00:00+01:00,0.071,False,False,0.0,0.071
2026-07-01 05:30:00+01:00,0.075,False,False,0.0,0.075
2026-07-01 06:00:00+01:00,0.089,False,False,0.0,0.089
2026-07-01 06:30:00+01:00,0.096,False,False,0.0,0.096
2026-07-01 07:00:00+01:00,0.206,False,False,0.0,0.206
2026-07-01 07:30:00+01:00,0.454,False,False,0.0,0.454
2026-07-01 08:00:00+01:00,0.312,False,False,0.0,0.312
2026-07-01 08:30:00+01:00,1.248,False,False,0.0,1.248
2026-07-01 09:00:00+01:00,1.058,False,False,0.0,1.058
2026-07-01 09:30:00+01:00,0.222,False,False,0.0,0.222
2026-07-01 10:00:00+01:00,0.671,False,False,0.0,0.671
2026-07-01 10:30:00+01:00,0.095,False,False,0.0,0.095
2026-07-01 11:00:00+01:00,0.087,False,False,0.0,0.087
2026-07-01 11:30:00+01:00,0.084,False,False,0.0,0.084
2026-07-01 12:00:00+01:00,0.111,False,False,0.0,0.111
2026-07-01 12:30:00+01:00,0.114,False,False,0.0,0.114
2026-07-01 13:00:00+01:00,0.097,False,False,0.0,0.097
2026-07-01 13:30:00+01:00,0.074,False,False,0.0,0.074
2026-07-01 14:00:00+01:00,0.084,False,False,0.0,0.084
2026-07-01 14:30:00+01:00,0.083,False,False,0.0,0.083
2026-07-01 15:00:00+01:00,0.082,False,False,0.0,0.082
2026-07-01 15:30:00+01:00,0.811,False,False,0.0,0.811
2026-07-01 16:00:00+01:00,0.93,False,False,0.0,0.93
2026-07-01 16:30:00+01:00,0.467,False,False,0.0,0.467
2026-07-01 17:00:00+01:00,0.273,False,False,0.0,0.273
2026-07-01 17:30:00+01:00,0.268,False,False,0.0,0.268
2026-07-01 18:00:00+01:00,0.264,False,False,0.0,0.264
2026-07-01 18:30:00+01:00,0.241,False,False,0.0,0.241
2026-07-01 19:00:00+01:00,0.233,False,False,0.0,0.233
2026-07-01 19:30:00+01:00,0.206,False,False,0.0,0.206
2026-07-01 20:00:00+01:00,0.212,False,False,0.0,0.212
2026-07-01 20:30:00+01:00,0.213,False,False,0.0,0.213
2026-07-01 21:00:00+01:00,0.222,False,False,0.0,0.222
2026-07-01 21:30:00+01:00,0.137,False,False,0.0,0.137
2026-07-01 22:00:00+01:00,0.098,False,False,0.0,0.098
2026-07-01 22:30:00+01:00,0.1,False,False,0.0,0.1
2026-07-01 23:00:00+01:00,0.081,True,False,0.0,0.081
2026-07-01 23:30:00+01:00,0.088,True,False,0.0,0.088
